component_type,component_name,component_link,CPU_Socket,Color,Fan_RPM,Fanless,Height,Inferred_,Manufacturer,Noise_Level,Part_#_#,Water_Cooled
CPU Cooler,Lian Li Galahad II Trinity SL-INF 61.3 CFM Liquid,https://pcpartpicker.com/product/HH88TW/lian-li-galahad-ii-trinity-sl-inf-613-cfm-liquid-cpu-cooler-ga2t36inw,AM4; AM5; LGA1150; LGA1151; LGA1155; LGA1156; LGA1200; LGA1700; LGA1851,White,2100 RPM,No,69 mm,,Lian Li,29 dB,GA2T36INW; G89.GA2T36INW.00,Yes - 360 mm
,Noctua NH-L9x65 chromax.black 33.84 CFM,https://pcpartpicker.com/product/QvvD4D/noctua-nh-l9x65-chromaxblack-3384-cfm-cpu-cooler-nh-l9x65-chromaxblack,AM2; AM2+; AM3; AM3+; AM4; AM5; FM1; FM2; FM2+; LGA1150; LGA1151; LGA1155; LGA1156; LGA1200; LGA1700; LGA1851,Black,600 - 2500 RPM,No,65 mm,,Noctua,14.8 - 23.6 dB,NH-L9x65 chromax.black; NH-L9x65 ch.bk; NH-L9x65chromaxblack; NH-L9X65-CH-BK; NOCTUA NH-L9X65 CHROMAX.BLACK,No
,ID-COOLING SE-214-XT ARGB 68.2 CFM,https://pcpartpicker.com/product/Zr8bt6/id-cooling-se-214-xt-argb-682-cfm-cpu-cooler-se-214-xt-argb,AM4; AM5; LGA1150; LGA1151; LGA1155; LGA1156; LGA1200; LGA1700; LGA1851,Black,500 - 1500 RPM,No,150 mm,,ID-COOLING,13.8 - 30.5 dB,SE-214-XT ARGB,No
,Thermalright Aqua Elite V3 66.17 CFM Liquid,https://pcpartpicker.com/product/ZQBzK8/thermalright-aqua-elite-v3-6617-cfm-liquid-cpu-cooler-aqua-elite-360-black-v3,AM4; AM5; LGA1150; LGA1151; LGA1155; LGA1156; LGA1200; LGA1700; LGA1851; LGA2011; LGA2011-3; LGA2066,Black,1500 RPM,No,,,Thermalright,25.6 dB,Aqua Elite 360 Black V3; AQUA ELITE 360 V3; Aqua Elite 360 Black Argb V3,Yes - 360 mm
,Deepcool GAMMAXX AG400 ARGB 75.89 CFM,https://pcpartpicker.com/product/6KWzK8/deepcool-ag400-argb-7589-cfm-cpu-cooler-r-ag400-whanmc-g-2,AM4; AM5; LGA1150; LGA1151; LGA1155; LGA1156; LGA1200; LGA1700; LGA1851,White,500 - 2000 RPM,No,150 mm,,Deepcool,31.6 dB,R-AG400-WHANMC-G-2; AG400 WH ARGB,No
,Thermalright Frozen Notte ARGB 72.37 CFM Liquid,https://pcpartpicker.com/product/9VmNnQ/thermalright-frozen-notte-argb-7237-cfm-liquid-cpu-cooler-frozen-notte-360-white-argb-d1,AM2; AM2+; AM3; AM3+; AM4; AM5; FM1; FM2; FM2+; LGA1150; LGA1151; LGA1155; LGA1156; LGA1200; LGA1700; LGA1851; LGA2011; LGA2011-3; LGA2066,White,2000 RPM,No,,,Thermalright,27.7 dB,Frozen Notte 360 WHITE ARGB-D1; Frozen Notte 360 WHITE ARGB,Yes - 360 mm
,Noctua NH-L12 Ghost S1 37.8 CFM,https://pcpartpicker.com/product/bq848d/noctua-nh-l12-ghost-s1-378-cfm-cpu-cooler-nh-l12-ghost-s1,AM2; AM2+; AM3; AM3+; AM4; AM5; FM1; FM2; FM2+; LGA1150; LGA1151; LGA1155; LGA1156; LGA1200; LGA1700; LGA1851; LGA2011; LGA2011-3; LGA2066,Silver / Beige,300 - 1600 RPM,No,66 mm,,Noctua,13.1 - 17.6 dB,NH-L12 Ghost S1,No
,Lian Li Galahad II LCD SL-INF 79.9 CFM Liquid,https://pcpartpicker.com/product/G6mNnQ/lian-li-galahad-ii-lcd-sl-inf-799-cfm-liquid-cpu-cooler-ga2alcd36inw,AM4; AM5; LGA1150; LGA1151; LGA1155; LGA1156; LGA1200; LGA1700; LGA1851,White,,No,,,Lian Li,29 dB,GA2ALCD36INW,Yes - 360 mm
,Thermalright RK120 SE 66.17 CFM,https://pcpartpicker.com/product/4gDQzy/thermalright-rk120-se-6617-cfm-cpu-cooler-rk120-se,AM4; AM5; LGA1150; LGA1151; LGA1155; LGA1156; LGA1200; LGA1700; LGA1851,Black / Silver,1500 RPM,No,155 mm,,Thermalright,25.6 dB,RK120 SE; Royal Knight 120 SE,No
,Noctua NH-D15 G2 LBC 91.58 CFM,https://pcpartpicker.com/product/kZNYcf/noctua-nh-d15-g2-lbc-9158-cfm-cpu-cooler-nh-d15-g2-lbc,AM2; AM2+; AM3; AM3+; AM4; AM5; FM1; FM2; FM2+; LGA1150; LGA1151; LGA1155; LGA1156; LGA1200; LGA1700; LGA1851,Brown / Silver,1500 RPM,No,168 mm,,Noctua,24.8 dB,NH-D15 G2 LBC,No
,Thermalright AXP90-X53 FULL 42.58 CFM,https://pcpartpicker.com/product/DPHqqs/thermalright-axp90-x53-full-4258-cfm-cpu-cooler-axp90-x53-full,AM4; AM5; LGA1150; LGA1151; LGA1155; LGA1156; LGA1200; LGA1700; LGA1851,Copper / Orange,2700 RPM,No,53 mm,,Thermalright,22.4 dB,AXP90-X53 FULL,No
,ID-COOLING SL360 78 CFM Liquid,https://pcpartpicker.com/product/z9XV3C/id-cooling-sl360-78-cfm-liquid-cpu-cooler-sl360,AM4; AM5; LGA1150; LGA1151; LGA1155; LGA1156; LGA1200; LGA1700; LGA1851; LGA2011; LGA2011-3; LGA2066,Black,500 - 2000 RPM,No,58 mm,,ID-COOLING,29.9 dB,SL360,Yes - 360 mm
,Thermalright Phantom Spirit EVO 69 CFM,https://pcpartpicker.com/product/BRMMnQ/thermalright-phantom-spirit-evo-69-cfm-cpu-cooler-phantom-spirit-120-evo,AM4; AM5; LGA1150; LGA1151; LGA1155; LGA1156; LGA1200; LGA1700; LGA1851; LGA2011; LGA2011-3; LGA2066,Black,2150 RPM,No,157 mm,,Thermalright,27 dB,Phantom Spirit 120 EVO; PS120 EVO,No
,be quiet! Silent Loop 3 78.4 CFM Liquid,https://pcpartpicker.com/product/Lt8Pxr/be-quiet-silent-loop-3-784-cfm-liquid-cpu-cooler-bw026,AM4; AM5; sTR4; sTRX4; LGA1150; LGA1151; LGA1155; LGA1156; LGA1200; LGA1700; LGA1851,Black,1900 RPM,No,94 mm,,be quiet!,19.4 - 34.3 dB,BW026,Yes - 420 mm
,Noctua NH-U12A chromax.black 60.09 CFM,https://pcpartpicker.com/product/HCgFf7/noctua-nh-u12a-chromaxblack-6009-cfm-cpu-cooler-nh-u12a-chromaxblack,AM2; AM2+; AM3; AM3+; AM4; AM5; FM1; FM2; FM2+; LGA1150; LGA1151; LGA1155; LGA1156; LGA1200; LGA1700; LGA1851; LGA2011; LGA2011-3; LGA2066,Black,450 - 2000 RPM,No,158 mm,,Noctua,18.8 - 22.6 dB,NH-U12A chromax.black; NH-U12A ch.bk,No
,Thermalright AXP90-X53 FULL 42.58 CFM,https://pcpartpicker.com/product/DPHqqs/thermalright-axp90-x53-full-4258-cfm-cpu-cooler-axp90-x53-full,AM4; AM5; LGA1150; LGA1151; LGA1155; LGA1156; LGA1200; LGA1700; LGA1851,Copper / Orange,2700 RPM,No,53 mm,,Thermalright,22.4 dB,AXP90-X53 FULL,No
,ID-COOLING SL360 78 CFM Liquid,https://pcpartpicker.com/product/z9XV3C/id-cooling-sl360-78-cfm-liquid-cpu-cooler-sl360,AM4; AM5; LGA1150; LGA1151; LGA1155; LGA1156; LGA1200; LGA1700; LGA1851; LGA2011; LGA2011-3; LGA2066,Black,500 - 2000 RPM,No,58 mm,,ID-COOLING,29.9 dB,SL360,Yes - 360 mm
,Thermalright Phantom Spirit EVO 69 CFM,https://pcpartpicker.com/product/BRMMnQ/thermalright-phantom-spirit-evo-69-cfm-cpu-cooler-phantom-spirit-120-evo,AM4; AM5; LGA1150; LGA1151; LGA1155; LGA1156; LGA1200; LGA1700; LGA1851; LGA2011; LGA2011-3; LGA2066,Black,2150 RPM,No,157 mm,,Thermalright,27 dB,Phantom Spirit 120 EVO; PS120 EVO,No
,Noctua NH-U12A chromax.black 60.09 CFM,https://pcpartpicker.com/product/HCgFf7/noctua-nh-u12a-chromaxblack-6009-cfm-cpu-cooler-nh-u12a-chromaxblack,AM2; AM2+; AM3; AM3+; AM4; AM5; FM1; FM2; FM2+; LGA1150; LGA1151; LGA1155; LGA1156; LGA1200; LGA1700; LGA1851; LGA2011; LGA2011-3; LGA2066,Black,450 - 2000 RPM,No,158 mm,,Noctua,18.8 - 22.6 dB,NH-U12A chromax.black; NH-U12A ch.bk,No
,Thermalright AXP90-X36 42.58 CFM,https://pcpartpicker.com/product/8b92FT/thermalright-axp90-x36-4258-cfm-cpu-cooler-axp90-x36,AM4; AM5; LGA1150; LGA1151; LGA1155; LGA1156; LGA1200; LGA1700; LGA1851,Gray,2700 RPM,No,36 mm,,Thermalright,22.4 dB,AXP90-X36,No
,Thermalright Phantom Spirit EVO 69 CFM,https://pcpartpicker.com/product/BRMMnQ/thermalright-phantom-spirit-evo-69-cfm-cpu-cooler-phantom-spirit-120-evo,AM4; AM5; LGA1150; LGA1151; LGA1155; LGA1156; LGA1200; LGA1700; LGA1851; LGA2011; LGA2011-3; LGA2066,Black,2150 RPM,No,157 mm,,Thermalright,27 dB,Phantom Spirit 120 EVO; PS120 EVO,No
,Thermalright Assassin King SE ARGB 66.17 CFM,https://pcpartpicker.com/product/7TddnQ/thermalright-assassin-king-se-argb-6617-cfm-cpu-cooler-ak120-se-white-argb-d6-2,AM4; AM5; LGA1150; LGA1151; LGA1155; LGA1156; LGA1200; LGA1700; LGA1851,White,1550 RPM,No,148 mm,,Thermalright,25.6 dB,AK120 SE WHITE ARGB-D6-2; TL-AK120 SE White; TL-AK120 SE WHITE ARGB,No
,Asus ROG STRIX LC II 80.95 CFM Liquid,https://pcpartpicker.com/product/XmvdnQ/asus-rog-strix-lc-ii-8095-cfm-liquid-cpu-cooler-rog-strix-lc-ii-360,AM4; AM5; LGA1150; LGA1151; LGA1155; LGA1156; LGA1200; LGA1700; LGA1851; LGA2011-3 Narrow,Black,800 - 2500 RPM,No,,,Asus,37.6 dB,ROG STRIX LC II 360; 90RC00F0-M0AAY0,Yes - 360 mm
,Asus ROG STRIX LC II 80.95 CFM Liquid,https://pcpartpicker.com/product/XmvdnQ/asus-rog-strix-lc-ii-8095-cfm-liquid-cpu-cooler-rog-strix-lc-ii-360,AM4; AM5; LGA1150; LGA1151; LGA1155; LGA1156; LGA1200; LGA1700; LGA1851; LGA2011-3 Narrow,Black,800 - 2500 RPM,No,,,Asus,37.6 dB,ROG STRIX LC II 360; 90RC00F0-M0AAY0,Yes - 360 mm
,Asus ROG STRIX LC II 80.95 CFM Liquid,https://pcpartpicker.com/product/XmvdnQ/asus-rog-strix-lc-ii-8095-cfm-liquid-cpu-cooler-rog-strix-lc-ii-360,AM4; AM5; LGA1150; LGA1151; LGA1155; LGA1156; LGA1200; LGA1700; LGA1851; LGA2011-3 Narrow,Black,800 - 2500 RPM,No,,,Asus,37.6 dB,ROG STRIX LC II 360; 90RC00F0-M0AAY0,Yes - 360 mm
,Asus ROG STRIX LC II 80.95 CFM Liquid,https://pcpartpicker.com/product/XmvdnQ/asus-rog-strix-lc-ii-8095-cfm-liquid-cpu-cooler-rog-strix-lc-ii-360,AM4; AM5; LGA1150; LGA1151; LGA1155; LGA1156; LGA1200; LGA1700; LGA1851; LGA2011-3 Narrow,Black,800 - 2500 RPM,No,,,Asus,37.6 dB,ROG STRIX LC II 360; 90RC00F0-M0AAY0,Yes - 360 mm
,Thermalright Peerless Assassin MINI 66.87 CFM,https://pcpartpicker.com/product/WW88TW/thermalright-peerless-assassin-mini-6687-cfm-cpu-cooler-peerless-assassin-120-mini-black,AM4; AM5; LGA1150; LGA1151; LGA1155; LGA1156; LGA1200; LGA1700; LGA1851; LGA2011; LGA2011-3; LGA2066,Black,1500 RPM,No,135 mm,,Thermalright,25.6 dB,Peerless Assassin 120 MINI BLACK; PA120 MINI BLACK; PEERLESS ASSASSIN 120 MINI BK,No
,Thermalright Assassin X Refined SE RGB V2 66.17 CFM,https://pcpartpicker.com/product/Wfn9TW/thermalright-assassin-x-refined-se-rgb-v2-6617-cfm-cpu-cooler-ax120r-se-v2-d6,AM4; AM5; LGA1150; LGA1151; LGA1155; LGA1156; LGA1200; LGA1700; LGA1851,Black / Silver,1550 RPM,No,148 mm,,Thermalright,25.6 dB,AX120R SE V2 D6; AX120 REFINED SE V2,No
,be quiet! Pure Loop 2 FX Liquid,https://pcpartpicker.com/product/b6JgXL/be-quiet-pure-loop-2-fx-liquid-cpu-cooler-bw015,AM4; AM5; LGA1150; LGA1151; LGA1155; LGA1156; LGA1200; LGA1700; LGA1851; LGA2011; LGA2011-3; LGA2066,Black,,No,,,be quiet!,8 - 34 dB,BW015; PURE LOOP 2 FX 360mm,Yes - 360 mm
,be quiet! Silent Loop 3 76.7 CFM Liquid,https://pcpartpicker.com/product/N3ZWGX/be-quiet-silent-loop-3-767-cfm-liquid-cpu-cooler-bw025,AM4; AM5; sTR4; sTRX4; LGA1150; LGA1151; LGA1155; LGA1156; LGA1200; LGA1700; LGA1851,Black,2500 RPM,No,94 mm,,be quiet!,19.8 - 38.8 dB,BW025,Yes - 360 mm
,be quiet! Silent Loop 3 76.7 CFM Liquid,https://pcpartpicker.com/product/ncTFf7/be-quiet-silent-loop-3-767-cfm-liquid-cpu-cooler-bw024,AM4; AM5; LGA1150; LGA1151; LGA1155; LGA1156; LGA1200; LGA1700; LGA1851,Black,2500 RPM,No,94 mm,,be quiet!,18.7 - 36.9 dB,BW024,Yes - 240 mm
,Deepcool ASSASSIN IV 79.1 CFM,https://pcpartpicker.com/product/P4Jp99/deepcool-assassin-iv-791-cfm-cpu-cooler-r-asn4-whnnmt-g,AM4; AM5; LGA1150; LGA1151; LGA1155; LGA1156; LGA1200; LGA1700; LGA1851; LGA2011; LGA2011-3; LGA2066,White,500 - 1700 RPM,No,164 mm,,Deepcool,22.6 - 29.3 dB,R-ASN4-WHNNMT-G; ASSASSIN IV WH,No
,Noctua NH-D15 82.5 CFM,https://pcpartpicker.com/product/4vzv6h/noctua-nh-d15-825-cfm-cpu-cooler-nh-d15,AM2; AM2+; AM3; AM3+; AM4; AM5; FM1; FM2; FM2+; LGA1150; LGA1151; LGA1155; LGA1156; LGA1200; LGA1700; LGA1851; LGA2011; LGA2011-3; LGA2066,,300 - 1500 RPM,No,165 mm,,Noctua,19.2 - 24.6 dB,NH-D15,No
,Thermalright Frozen Prism ARGB 70.4 CFM Liquid,https://pcpartpicker.com/product/VnMMnQ/thermalright-frozen-prism-argb-704-cfm-liquid-cpu-cooler-frozen-prism-360-white-argb,AM4; AM5; LGA1150; LGA1151; LGA1155; LGA1156; LGA1200; LGA1366; LGA1700; LGA1851; LGA2011; LGA2011-3; LGA2066,White,1850 RPM,No,,,Thermalright,27 dB,Frozen Prism 360 WHITE ARGB; FP360 WHITE ARGB D6M,Yes - 360 mm
,Thermalright Phantom Spirit EVO 69 CFM,https://pcpartpicker.com/product/BRMMnQ/thermalright-phantom-spirit-evo-69-cfm-cpu-cooler-phantom-spirit-120-evo,AM4; AM5; LGA1150; LGA1151; LGA1155; LGA1156; LGA1200; LGA1700; LGA1851; LGA2011; LGA2011-3; LGA2066,Black,2150 RPM,No,157 mm,,Thermalright,27 dB,Phantom Spirit 120 EVO; PS120 EVO,No
,be quiet! Light Loop Liquid,https://pcpartpicker.com/product/yDBzK8/be-quiet-light-loop-liquid-cpu-cooler-bw022,AM4; AM5; LGA1150; LGA1151; LGA1155; LGA1156; LGA1200; LGA1700; LGA1851,Black,1500 - 2900 RPM,No,,,be quiet!,17.2 - 36.8 dB,BW022,Yes - 360 mm
,Thermalright Assassin X Refined SE RGB 66.17 CFM,https://pcpartpicker.com/product/Js2WGX/thermalright-assassin-x-refined-se-argb-6617-cfm-cpu-cooler-ax120-refined-se-argb,AM4; AM5; LGA1150; LGA1151; LGA1155; LGA1156; LGA1200; LGA1700; LGA1851,Black / Silver,1550 RPM,No,148 mm,,Thermalright,25.6 dB,AX120 Refined SE ARGB,No
,be quiet! Dark Rock Pro 5,https://pcpartpicker.com/product/LyyH99/be-quiet-dark-rock-pro-5-cpu-cooler-bk036,AM4; AM5; LGA1150; LGA1151; LGA1155; LGA1156; LGA1200; LGA1700; LGA1851,Black,1300 - 2000 RPM,No,168 mm,,be quiet!,8.9 - 23.3 dB,BK036,No
,Asus ROG STRIX LC III ARGB 70.38 CFM Liquid,https://pcpartpicker.com/product/ZJcgXL/asus-rog-strix-lc-iii-argb-7038-cfm-liquid-cpu-cooler-rog-strix-lc-iii-360-argb,AM4; AM5; LGA1150; LGA1151; LGA1155; LGA1156; LGA1200; LGA1700; LGA1851,Black,800 - 2200 RPM,No,,,Asus,36 dB,ROG Strix LC III 360 ARGB,Yes - 360 mm
,SAMA SM360 LCD 71.1 CFM Liquid,https://pcpartpicker.com/product/NVMMnQ/sama-sm350-lcd-711-cfm-liquid-cpu-cooler-sm360ld-black,AM2; AM2+; AM3; AM3+; AM4; AM5; FM1; FM2; FM2+; LGA1150; LGA1151; LGA1155; LGA1156; LGA1200; LGA1700; LGA1851; LGA2011; LGA2011-3; LGA2066,Black,800 - 1800 RPM,No,,,SAMA,35.5 dB,SM360LD Black,Yes - 360 mm
,Thermalright Phantom Spirit SE 66.17 CFM,https://pcpartpicker.com/product/CwGhP6/thermalright-phantom-spirit-se-6617-cfm-cpu-cooler-ps120se-black,AM4; AM5; LGA1150; LGA1151; LGA1155; LGA1156; LGA1200; LGA1700; LGA1851,Black,1500 RPM,No,154 mm,,Thermalright,25.6 dB,PS120SE Black; Phantom Spirit 120 SE BLACK,No
,Noctua NH-L12S 55.44 CFM,https://pcpartpicker.com/product/hbnG3C/noctua-nh-l12s-5544-cfm-cpu-cooler-nh-l12s,AM2; AM2+; AM3; AM3+; AM4; AM5; FM1; FM2; FM2+; LGA1150; LGA1151; LGA1155; LGA1156; LGA1200; LGA1700; LGA1851; LGA2011; LGA2011-3; LGA2066,,450 - 1850 RPM,No,70 mm,,Noctua,16.8 - 23.9 dB,NH-L12S,No
,AMD Wraith Prism 2800 CFM,https://pcpartpicker.com/product/3WfxFT/amd-wraith-prism-2800-cfm-cpu-cooler-199-999888,AM4; AM5,,2800 RPM,No,93 mm,,AMD,42 dB,199-999888,No
,Thermalright Phantom Spirit EVO 69 CFM,https://pcpartpicker.com/product/BRMMnQ/thermalright-phantom-spirit-evo-69-cfm-cpu-cooler-phantom-spirit-120-evo,AM4; AM5; LGA1150; LGA1151; LGA1155; LGA1156; LGA1200; LGA1700; LGA1851; LGA2011; LGA2011-3; LGA2066,Black,2150 RPM,No,157 mm,,Thermalright,27 dB,Phantom Spirit 120 EVO; PS120 EVO,No
,Thermalright Assassin X Refined SE RGB 66.17 CFM,https://pcpartpicker.com/product/Js2WGX/thermalright-assassin-x-refined-se-argb-6617-cfm-cpu-cooler-ax120-refined-se-argb,AM4; AM5; LGA1150; LGA1151; LGA1155; LGA1156; LGA1200; LGA1700; LGA1851,Black / Silver,1550 RPM,No,148 mm,,Thermalright,25.6 dB,AX120 Refined SE ARGB,No
,Thermalright Phantom Spirit 66.17 CFM,https://pcpartpicker.com/product/zkWJ7P/thermalright-phantom-spirit-6617-cfm-cpu-cooler-ps120,AM4; AM5; LGA1150; LGA1151; LGA1155; LGA1156; LGA1200; LGA1700; LGA1851; LGA2011; LGA2011-3; LGA2066,Black / Silver,1500 RPM,No,157 mm,,Thermalright,25.6 dB,PS120; Phantom Spirit 120,No
,Thermalright Peerless Assassin MINI 66.87 CFM,https://pcpartpicker.com/product/6T9wrH/thermalright-peerless-assassin-mini-6687-cfm-cpu-cooler-peerless-assassin-120-mini-white,AM4; AM5; LGA1150; LGA1151; LGA1155; LGA1156; LGA1200; LGA1700; LGA1851; LGA2011; LGA2011-3; LGA2066,White,1500 RPM,No,135 mm,,Thermalright,25.6 dB,Peerless Assassin 120 MINI WHITE,No
,Thermalright Frozen Warframe ARGB 70.84 CFM Liquid,https://pcpartpicker.com/product/cjgrxr/thermalright-frozen-warframe-argb-7084-cfm-liquid-cpu-cooler-frozen-warframe-240-white-argb,AM4; AM5; LGA1150; LGA1151; LGA1155; LGA1156; LGA1200; LGA1700; LGA1851; LGA2011; LGA2011-3; LGA2066,White,2000 RPM,No,,,Thermalright,22.1 dB,Frozen Warframe 240 WHITE ARGB,Yes - 240 mm
,EK EK-Nucleus AIO CR240 Lux D-RGB 72 CFM Liquid,https://pcpartpicker.com/product/prytt6/ek-ek-nucleus-aio-cr240-lux-d-rgb-72-cfm-liquid-cpu-cooler-ek-nucleus-aio-cr240-lux-d-rgb,AM4; AM5; LGA1150; LGA1151; LGA1155; LGA1156; LGA1200; LGA1700; LGA1851; LGA2011; LGA2011-3; LGA2066,Black,550 - 2300 RPM,No,,,EK,36 dB,EK-Nucleus AIO CR240 Lux D-RGB; 3831109851678,Yes - 240 mm
,Thermalright Frozen Warframe ARGB 70.84 CFM Liquid,https://pcpartpicker.com/product/cjgrxr/thermalright-frozen-warframe-argb-7084-cfm-liquid-cpu-cooler-frozen-warframe-240-white-argb,AM4; AM5; LGA1150; LGA1151; LGA1155; LGA1156; LGA1200; LGA1700; LGA1851; LGA2011; LGA2011-3; LGA2066,White,2000 RPM,No,,,Thermalright,22.1 dB,Frozen Warframe 240 WHITE ARGB,Yes - 240 mm
,be quiet! Silent Loop 3 76.7 CFM Liquid,https://pcpartpicker.com/product/ncTFf7/be-quiet-silent-loop-3-767-cfm-liquid-cpu-cooler-bw024,AM4; AM5; LGA1150; LGA1151; LGA1155; LGA1156; LGA1200; LGA1700; LGA1851,Black,2500 RPM,No,94 mm,,be quiet!,18.7 - 36.9 dB,BW024,Yes - 240 mm
,Thermalright Phantom Spirit EVO 69 CFM,https://pcpartpicker.com/product/BRMMnQ/thermalright-phantom-spirit-evo-69-cfm-cpu-cooler-phantom-spirit-120-evo,AM4; AM5; LGA1150; LGA1151; LGA1155; LGA1156; LGA1200; LGA1700; LGA1851; LGA2011; LGA2011-3; LGA2066,Black,2150 RPM,No,157 mm,,Thermalright,27 dB,Phantom Spirit 120 EVO; PS120 EVO,No
,Thermalright AQUA ELITE ARGB V4 66.17 CFM Liquid,https://pcpartpicker.com/product/Wb2j4D/thermalright-aqua-elite-argb-v4-6617-cfm-liquid-cpu-cooler-aqua-elite-240-white-argb-v4,AM2; AM2+; AM3; AM3+; AM4; AM5; FM1; FM2; FM2+; LGA1150; LGA1151; LGA1155; LGA1156; LGA1200; LGA1700; LGA1851; LGA2011; LGA2011-3; LGA2066,White,1550 RPM,No,48 mm,,Thermalright,25.6 dB,AQUA ELITE 240 WHITE ARGB V4,Yes - 240 mm
,Lian Li Galahad II Trinity SL-INF 61.3 CFM Liquid,https://pcpartpicker.com/product/hQfxFT/lian-li-galahad-ii-trinity-sl-inf-613-cfm-liquid-cpu-cooler-ga2t36inb,AM4; AM5; LGA1150; LGA1151; LGA1155; LGA1156; LGA1200; LGA1700; LGA1851,Black,2100 RPM,No,69 mm,,Lian Li,29 dB,GA2T36INB; G89.GA2T36INB.00,Yes - 360 mm
,Lian Li Galahad II Trinity 79.9 CFM Liquid,https://pcpartpicker.com/product/JLwmP6/lian-li-galahad-ii-trinity-799-cfm-liquid-cpu-cooler-ga2t36w,AM4; AM5; LGA1150; LGA1151; LGA1155; LGA1156; LGA1200; LGA1700; LGA1851,White,2450 RPM,No,69 mm,,Lian Li,35.4 dB,GA2T36W; G89.GA2T36W.00,Yes - 360 mm
,Deepcool ASSASSIN IV 79.1 CFM,https://pcpartpicker.com/product/TKcgXL/deepcool-assassin-iv-791-cfm-cpu-cooler-r-asn4-bknnmt-g,AM4; AM5; LGA1150; LGA1151; LGA1155; LGA1156; LGA1200; LGA1700; LGA1851; LGA2011; LGA2011-3; LGA2066,Black,500 - 1700 RPM,No,164 mm,,Deepcool,22.6 - 29.3 dB,R-ASN4-BKNNMT-G; ASSASSIN IV,No
,Thermalright Phantom Spirit EVO 69 CFM,https://pcpartpicker.com/product/BRMMnQ/thermalright-phantom-spirit-evo-69-cfm-cpu-cooler-phantom-spirit-120-evo,AM4; AM5; LGA1150; LGA1151; LGA1155; LGA1156; LGA1200; LGA1700; LGA1851; LGA2011; LGA2011-3; LGA2066,Black,2150 RPM,No,157 mm,,Thermalright,27 dB,Phantom Spirit 120 EVO; PS120 EVO,No
,Noctua NH-L12S 55.44 CFM,https://pcpartpicker.com/product/hbnG3C/noctua-nh-l12s-5544-cfm-cpu-cooler-nh-l12s,AM2; AM2+; AM3; AM3+; AM4; AM5; FM1; FM2; FM2+; LGA1150; LGA1151; LGA1155; LGA1156; LGA1200; LGA1700; LGA1851; LGA2011; LGA2011-3; LGA2066,,450 - 1850 RPM,No,70 mm,,Noctua,16.8 - 23.9 dB,NH-L12S,No
,Deepcool GAMMAXX 300 R 40 CFM,https://pcpartpicker.com/product/GHVBD3/deepcool-gammaxx-300-r-40-cfm-cpu-cooler-gammaxx-300-r,AM2; AM2+; AM3; AM3+; AM4; AM5; FM1; FM2; FM2+; LGA775; LGA1150; LGA1151; LGA1155; LGA1156; LGA1200; LGA1366,,900 - 1600 RPM,No,136 mm,,Deepcool,17.8 - 21 dB,GAMMAXX 300 R; DP-MCH3-GMX300RD,No
,Thermalright AXP90-X53 FULL 42.58 CFM,https://pcpartpicker.com/product/DPHqqs/thermalright-axp90-x53-full-4258-cfm-cpu-cooler-axp90-x53-full,AM4; AM5; LGA1150; LGA1151; LGA1155; LGA1156; LGA1200; LGA1700; LGA1851,Copper / Orange,2700 RPM,No,53 mm,,Thermalright,22.4 dB,AXP90-X53 FULL,No
,Lian Li Galahad II LCD SL-INF 79.9 CFM Liquid,https://pcpartpicker.com/product/LKGhP6/lian-li-galahad-ii-lcd-sl-inf-799-cfm-liquid-cpu-cooler-ga2alcd36inb,AM4; AM5; LGA1150; LGA1151; LGA1155; LGA1156; LGA1200; LGA1700; LGA1851,Black,,No,,,Lian Li,29 dB,GA2ALCD36INB,Yes - 360 mm
,Thermalright Peerless Assassin 66.17 CFM,https://pcpartpicker.com/product/CwqPxr/thermalright-peerless-assassin-6617-cfm-cpu-cooler-peerless-assassin-120,AM4; AM5; LGA1150; LGA1151; LGA1155; LGA1156; LGA1200; LGA1700; LGA1851; LGA2011; LGA2011-3; LGA2066,Gray,1550 RPM,No,157 mm,,Thermalright,25.6 dB,Peerless Assassin 120; PA120; PA120 D6-CAD,No
,ID-COOLING PINKFLOW 240 Diamond 55.2 CFM Liquid,https://pcpartpicker.com/product/XHPQzy/id-cooling-pinkflow-240-diamond-552-cfm-liquid-cpu-cooler-pinkflow-240-diamond,AM4; AM5; LGA1150; LGA1151; LGA1155; LGA1156; LGA1200; LGA2011; LGA2011-3; LGA2066,Pink,900 - 2000 RPM,No,,,ID-COOLING,16.3 - 33.5 dB,PINKFLOW 240 Diamond; PINKFLOW 240 DIAMOND EDITION,Yes - 240 mm
,ID-COOLING FROZN A400 BLACK 45.8 CFM,https://pcpartpicker.com/product/hdcgXL/id-cooling-frozn-a400-black-458-cfm-cpu-cooler-frozn-a400-black,AM4; AM5; LGA1150; LGA1151; LGA1155; LGA1156; LGA1200; LGA1700; LGA1851,Black,500 - 2200 RPM,No,123 mm,,ID-COOLING,25.8 dB,FROZN A400 BLACK,No
,ID-COOLING AURAFLOW X 74.5 CFM Liquid,https://pcpartpicker.com/product/NrmFf7/id-cooling-auraflow-x-745-cfm-liquid-cpu-cooler-auraflow-x-240,AM2; AM2+; AM3; AM3+; AM4; AM5; sTR4; sTRX4; FM1; FM2; FM2+; LGA1150; LGA1151; LGA1155; LGA1156; LGA1200; LGA1366; LGA1700; LGA1851; LGA2011; LGA2011-3; LGA2066,Black,700 - 1800 RPM,No,,,ID-COOLING,18 - 35.2 dB,AURAFLOW X 240,Yes - 240 mm
,Thermalright Assassin X Refined SE RGB 66.17 CFM,https://pcpartpicker.com/product/vHH7YJ/thermalright-assassin-x-refined-se-argb-6617-cfm-cpu-cooler-ax120-se-argb-white-d2,AM4; AM5; LGA1150; LGA1151; LGA1155; LGA1156; LGA1200; LGA1700; LGA1851,White / Silver,1550 RPM,No,148 mm,,Thermalright,25.6 dB,AX120 SE ARGB WHITE-D2; AX120 SE ARGB WHITE; AX120 REFINED SE WHT ARGB,No
,Intel E97379-001,https://pcpartpicker.com/product/xm22FT/intel-e97379-001-cpu-cooler-e97379-001,LGA1150; LGA1151; LGA1155; LGA1156; LGA1200,Silver / Black,1200 - 2800 RPM,No,51 mm,,Intel,22 dB,E97379-001,No
,Thermalright Aqua Elite V3 66.17 CFM Liquid,https://pcpartpicker.com/product/YXFmP6/thermalright-aqua-elite-v3-6617-cfm-liquid-cpu-cooler-aqua-elite-360-white-v3,AM4; AM5; LGA1150; LGA1151; LGA1155; LGA1156; LGA1200; LGA1700; LGA1851; LGA2011; LGA2011-3; LGA2066,White,1500 RPM,No,,,Thermalright,25.6 dB,Aqua Elite 360 White V3,Yes - 360 mm
,ID-COOLING FROZN A410 BLACK 78.25 CFM,https://pcpartpicker.com/product/R6P8TW/id-cooling-frozn-a410-black-7825-cfm-cpu-cooler-frozn-a410-black,AM4; AM5; LGA1150; LGA1151; LGA1155; LGA1156; LGA1200; LGA1700; LGA1851,Black,500 - 2000 RPM,No,152 mm,,ID-COOLING,29.85 dB,FROZN A410 BLACK,No
,MSI MAG CORELIQUID A13 62.6 CFM Liquid,https://pcpartpicker.com/product/gPyH99/msi-mag-coreliquid-a13-626-cfm-liquid-cpu-cooler-mag-coreliquid-a13-360-white,AM4; AM5; LGA1700; LGA1851,White,,No,57 mm,,MSI,,MAG CORELIQUID A13 360 WHITE; 306-7ZWDA21-L80,Yes - 360 mm
,Deepcool GAMMAXX GT 29.5 CFM,https://pcpartpicker.com/product/WDPzK8/deepcool-gammaxx-gt-295-cfm-cpu-cooler-gammaxx-gt,AM2; AM2+; AM3; AM3+; AM4; AM5; FM1; FM2; FM2+; LGA1150; LGA1151; LGA1155; LGA1156; LGA1200; LGA1366; LGA2011; LGA2011-3; LGA2066,,500 - 1500 RPM,No,156 mm,,Deepcool,17.8 - 29.5 dB,GAMMAXX GT; DP-MCH4-GMX-RGB-GT,No
,Thermalright Aqua Elite V3 66.17 CFM Liquid,https://pcpartpicker.com/product/BvmNnQ/thermalright-aqua-elite-v3-6617-cfm-liquid-cpu-cooler-aqua-elite-240-black-v3,AM4; AM5; LGA1150; LGA1151; LGA1155; LGA1156; LGA1200; LGA1700; LGA1851; LGA2011; LGA2011-3; LGA2066,Black,1500 RPM,No,,,Thermalright,25.6 dB,Aqua Elite 240 Black V3; AQUA ELITE 240 V3; AQUA ELITE 240 BLACK ARGB V3,Yes - 240 mm
,Noctua NH-U14S 82.52 CFM,https://pcpartpicker.com/product/DMjG3C/noctua-nh-u14s-8252-cfm-cpu-cooler-nh-u14s,AM2; AM2+; AM3; AM3+; AM4; AM5; FM1; FM2; FM2+; LGA1150; LGA1151; LGA1155; LGA1156; LGA1200; LGA1700; LGA1851; LGA2011; LGA2011-3; LGA2066,,300 - 1500 RPM,No,165 mm,,Noctua,19.2 - 24.6 dB,NH-U14S,No
,MSI MAG CORELIQUID A13 62.6 CFM Liquid,https://pcpartpicker.com/product/tWn9TW/msi-mag-coreliquid-a13-626-cfm-liquid-cpu-cooler-mag-coreliquid-a13-360,AM4; AM5; LGA1700; LGA1851,Black,,No,57 mm,,MSI,,MAG CORELIQUID A13 360; 306-7ZWDA11-L80,Yes - 360 mm
,ID-COOLING FROSTFLOW X 74.5 CFM Liquid,https://pcpartpicker.com/product/wx2bt6/id-cooling-frostflow-x-745-cfm-liquid-cpu-cooler-frostflow-x-240-snow,AM2; AM2+; AM3; AM3+; AM4; AM5; sTR4; sTRX4; FM1; FM2; FM2+; LGA1150; LGA1151; LGA1155; LGA1156; LGA1200; LGA1366; LGA1700; LGA1851; LGA2011; LGA2011-3; LGA2066,,700 - 1800 RPM,No,,,ID-COOLING,18 - 35.2 dB,FROSTFLOW X 240 SNOW,Yes - 240 mm
,Thermalright Frozen Notte ARGB 72.37 CFM Liquid,https://pcpartpicker.com/product/RD7scf/thermalright-frozen-notte-argb-7237-cfm-liquid-cpu-cooler-frozen-notte-360-black-argb-d1,AM2; AM2+; AM3; AM3+; AM4; AM5; FM1; FM2; FM2+; LGA1150; LGA1151; LGA1155; LGA1156; LGA1200; LGA1700; LGA1851; LGA2011; LGA2011-3; LGA2066,Black,2000 RPM,No,,,Thermalright,27.7 dB,Frozen Notte 360 BLACK ARGB-D1; Frozen Notte 360 BLACK ARGB D6; Frozen Notte 360 BLACK ARGB,Yes - 360 mm
,Thermalright AXP90-X47 42.58 CFM,https://pcpartpicker.com/product/7GTp99/thermalright-axp90-x47-4258-cfm-cpu-cooler-axp90-x47-black,AM4; AM5; LGA1150; LGA1151; LGA1155; LGA1156; LGA1200; LGA1700; LGA1851,Black,2700 RPM,No,47 mm,,Thermalright,22.4 dB,AXP90-X47 BLACK,No
,ID-COOLING IS-55 Black 54.6 CFM,https://pcpartpicker.com/product/7pjBD3/id-cooling-is-55-black-546-cfm-cpu-cooler-is-55-black,AM4; AM5; LGA1150; LGA1151; LGA1155; LGA1156; LGA1200; LGA1700; LGA1851,Black,500 - 2000 RPM,No,55 mm,,ID-COOLING,31.2 dB,IS-55 Black,No
,Thermalright AXP90-X53 42.58 CFM,https://pcpartpicker.com/product/Fb92FT/thermalright-axp90-x53-4258-cfm-cpu-cooler-axp90-x53-black,AM4; AM5; LGA1150; LGA1151; LGA1155; LGA1156; LGA1200; LGA1700; LGA1851,Black,2700 RPM,No,53 mm,,Thermalright,22.4 dB,AXP90-X53 BLACK,No
,Deepcool AK620 68.99 CFM,https://pcpartpicker.com/product/gvGbt6/deepcool-ak620-6899-cfm-cpu-cooler-ak620-wh,AM4; AM5; LGA1150; LGA1151; LGA1155; LGA1156; LGA1200; LGA1700; LGA1851; LGA2011; LGA2011-3; LGA2066,White,500 - 1850 RPM,No,160 mm,,Deepcool,28 dB,AK620 WH; R-AK620-WHNNMT-G-1,No
,Thermalright SI-100 72.37 CFM,https://pcpartpicker.com/product/LHGhP6/thermalright-si-100-7237-cfm-cpu-cooler-si-100-black,AM4; AM5; LGA1150; LGA1151; LGA1155; LGA1156; LGA1200; LGA1700; LGA1851; LGA2011; LGA2011-3; LGA2066,Black,2000 RPM,No,100 mm,,Thermalright,27.7 dB,SI-100 BLACK,No
,Thermalright AXP120-X67 59 CFM,https://pcpartpicker.com/product/qBnypg/thermalright-axp120-x67-59-cfm-cpu-cooler-axp120-x67-black-argb,AM4; AM5; LGA1150; LGA1151; LGA1155; LGA1156; LGA1200; LGA1700; LGA1851,Black,1800 RPM,No,67 mm,,Thermalright,26.1 dB,AXP120-X67 BLACK ARGB,No
,ID-COOLING FROZN A720 BLACK 98.6 CFM,https://pcpartpicker.com/product/HbDQzy/id-cooling-frozn-a720-black-986-cfm-cpu-cooler-frozn-a720-black,AM4; AM5; LGA1150; LGA1151; LGA1155; LGA1156; LGA1200; LGA1700; LGA1851; LGA2011; LGA2011-3; LGA2066,Black,500 - 2000 RPM,No,163 mm,,ID-COOLING,33.5 dB,FROZN A720 BLACK,No
,Cooler Master Hyper 212 (2023) 70.7 CFM,https://pcpartpicker.com/product/dF3NnQ/cooler-master-hyper-212-2023-707-cfm-cpu-cooler-rr-s4kk-25sn-r1,AM4; AM5; LGA1150; LGA1151; LGA1155; LGA1156; LGA1200; LGA1700; LGA1851,Black,690 - 2500 RPM,No,152 mm,,Cooler Master,32.8 dB,RR-S4KK-25SN-R1,No
,Thermalright Frozen Notte ARGB 72.37 CFM Liquid,https://pcpartpicker.com/product/RD7scf/thermalright-frozen-notte-argb-7237-cfm-liquid-cpu-cooler-frozen-notte-360-black-argb-d1,AM2; AM2+; AM3; AM3+; AM4; AM5; FM1; FM2; FM2+; LGA1150; LGA1151; LGA1155; LGA1156; LGA1200; LGA1700; LGA1851; LGA2011; LGA2011-3; LGA2066,Black,2000 RPM,No,,,Thermalright,27.7 dB,Frozen Notte 360 BLACK ARGB-D1; Frozen Notte 360 BLACK ARGB D6; Frozen Notte 360 BLACK ARGB,Yes - 360 mm
,Thermalright Frozen Notte ARGB 72.37 CFM Liquid,https://pcpartpicker.com/product/zP88TW/thermalright-frozen-notte-argb-7237-cfm-liquid-cpu-cooler-frozen-notte-240-black-argb,AM2; AM2+; AM3; AM3+; AM4; AM5; FM1; FM2; FM2+; LGA1150; LGA1151; LGA1155; LGA1156; LGA1200; LGA1700; LGA1851; LGA2011; LGA2011-3; LGA2066,Black,2000 RPM,No,,,Thermalright,27.7 dB,Frozen Notte 240 BLACK ARGB,Yes - 240 mm
,Asus ROG RYUO III 360 ARGB WHITE EDITION 70.07 CFM Liquid,https://pcpartpicker.com/product/8rytt6/asus-rog-ryuo-iii-360-argb-white-edition-7007-cfm-liquid-cpu-cooler-rog-ryuo-iii-360-argb-white-edition,AM4; AM5; LGA1150; LGA1151; LGA1155; LGA1156; LGA1200; LGA1700; LGA1851,White,2200 RPM,No,,,Asus,36.45 dB,ROG RYUO III 360 ARGB WHITE EDITION; ROG RYUO III 360 ARGB WHIT; ROG RYUO III 360 ARGB WHT; 90RC00I2-M0AAY0; 90RC00I2-M0UAY0,Yes - 360 mm
,Noctua NH-U12S redux 70.75 CFM,https://pcpartpicker.com/product/vV7G3C/noctua-nh-u12s-redux-7075-cfm-cpu-cooler-nh-u12s-redux,AM2; AM2+; AM3; AM3+; AM4; AM5; FM1; FM2; FM2+; LGA1150; LGA1151; LGA1155; LGA1156; LGA1200; LGA1700; LGA1851; LGA2011; LGA2011-3; LGA2066,Gray / Silver,450 - 1700 RPM,No,158 mm,,Noctua,25.1 dB,NH-U12S redux,No
,Cooler Master Hyper 212 (2023) 70.7 CFM,https://pcpartpicker.com/product/dF3NnQ/cooler-master-hyper-212-2023-707-cfm-cpu-cooler-rr-s4kk-25sn-r1,AM4; AM5; LGA1150; LGA1151; LGA1155; LGA1156; LGA1200; LGA1700; LGA1851,Black,690 - 2500 RPM,No,152 mm,,Cooler Master,32.8 dB,RR-S4KK-25SN-R1,No
,Thermalright Aqua Elite V3 66.17 CFM Liquid,https://pcpartpicker.com/product/TmWJ7P/thermalright-aqua-elite-v3-6617-cfm-liquid-cpu-cooler-aqua-elite-240-white-v3,AM4; AM5; LGA1150; LGA1151; LGA1155; LGA1156; LGA1200; LGA1700; LGA1851; LGA2011; LGA2011-3; LGA2066,White,1500 RPM,No,,,Thermalright,25.6 dB,Aqua Elite 240 White V3,Yes - 240 mm
,CRYORIG C7 40.5 CFM,https://pcpartpicker.com/product/Lbhj4D/cryorig-c7-405-cfm-cpu-cooler-c7,AM2; AM2+; AM3; AM3+; AM4; FM1; FM2; FM2+; LGA1150; LGA1151; LGA1155; LGA1156; LGA1200; LGA1700; LGA1851,,600 - 2500 RPM,No,47 mm,,CRYORIG,30 dB,C7; CR-C7A,No
,Noctua NH-L9x65 33.84 CFM,https://pcpartpicker.com/product/fhqbt6/noctua-nh-l9x65-3384-cfm-cpu-cooler-nh-l9x65,AM2; AM2+; AM3; AM3+; AM4; AM5; FM1; FM2; FM2+; LGA1150; LGA1151; LGA1155; LGA1156; LGA1200; LGA1700; LGA1851; LGA2011; LGA2011-3; LGA2066,,600 - 2500 RPM,No,65 mm,,Noctua,14.8 - 23.6 dB,NH-L9x65,No
,ID-COOLING FROZN A620 PRO SE 58 CFM,https://pcpartpicker.com/product/MFvD4D/id-cooling-frozn-a620-pro-se-58-cfm-cpu-cooler-frozn-a620-pro-se,AM4; AM5; LGA1150; LGA1151; LGA1155; LGA1156; LGA1200; LGA1700; LGA1851,Black,300 - 2000 RPM,No,157 mm,,ID-COOLING,27.2 dB,FROZN A620 PRO SE,No
,be quiet! Dark Rock Elite,https://pcpartpicker.com/product/NpNYcf/be-quiet-dark-rock-elite-cpu-cooler-bk037,AM4; AM5; LGA1150; LGA1151; LGA1155; LGA1156; LGA1200; LGA1700; LGA1851,Black,1500 - 2000 RPM,No,168 mm,,be quiet!,11 - 25.8 dB,BK037,No
,Thermalright Aqua Elite V3 66.17 CFM Liquid,https://pcpartpicker.com/product/YXFmP6/thermalright-aqua-elite-v3-6617-cfm-liquid-cpu-cooler-aqua-elite-360-white-v3,AM4; AM5; LGA1150; LGA1151; LGA1155; LGA1156; LGA1200; LGA1700; LGA1851; LGA2011; LGA2011-3; LGA2066,White,1500 RPM,No,,,Thermalright,25.6 dB,Aqua Elite 360 White V3,Yes - 360 mm
,Thermalright Frozen Warframe PRO ARGB 70.84 CFM Liquid,https://pcpartpicker.com/product/HgV2FT/thermalright-frozen-warframe-pro-argb-7084-cfm-liquid-cpu-cooler-fw-pro-360-argb-black,AM4; AM5; LGA1150; LGA1151; LGA1155; LGA1156; LGA1200; LGA1700; LGA1851; LGA2011; LGA2011-3; LGA2066,Black,2000 RPM,No,60 mm,,Thermalright,29.8 dB,FW PRO 360 ARGB BLACK; Frozen Warframe PRO 360 BLACK ARGB; FW PRO 360 ARGB BLACK D6-DE,Yes - 360 mm
,Deepcool LS720 SE WH 85.85 CFM Liquid,https://pcpartpicker.com/product/dWGhP6/deepcool-ls720-se-wh-8585-cfm-liquid-cpu-cooler-ls720-se-wh,AM4; AM5; LGA1150; LGA1151; LGA1155; LGA1156; LGA1200; LGA1700; LGA1851,White,500 - 2250 RPM,No,,,Deepcool,28.2 - 32.9 dB,LS720 SE WH; R-LS720-WHAMMM-G-1,Yes - 360 mm
,Thermalright AXP90-X47 42.58 CFM,https://pcpartpicker.com/product/RYFbt6/thermalright-axp90-x47-4258-cfm-cpu-cooler-axp90-x47-full,AM4; AM5; LGA1150; LGA1151; LGA1155; LGA1156; LGA1200; LGA1700; LGA1851,Orange / Brown,2700 RPM,No,47 mm,,Thermalright,22.4 dB,AXP90-X47 FULL,No
,Thermalright SI-100 WHITE ARGB 72.37 CFM,https://pcpartpicker.com/product/GN6NnQ/thermalright-si-100-white-argb-7237-cfm-cpu-cooler-si-100-white-argb,AM4; AM5; LGA1150; LGA1151; LGA1155; LGA1156; LGA1200; LGA1700; LGA1851; LGA2011; LGA2011-3; LGA2066,White,2000 RPM,No,100 mm,,Thermalright,27.7 dB,SI-100 WHITE ARGB,No
,Jonsbo CR-1400 EVO ARGB Black 38.2 CFM,https://pcpartpicker.com/product/sGbRsY/jonsbo-cr-1400-evo-argb-black-382-cfm-cpu-cooler-cr-1400-evo-argb-black,AM4; AM5; LGA1150; LGA1151; LGA1155; LGA1156; LGA1200; LGA1700; LGA1851,Black,800 - 2200 RPM,No,130 mm,,Jonsbo,22.3 - 33.8 dB,CR-1400 EVO ARGB Black; CR-1400-EVO-ARGB,No
,TRYX PANORAMA SE ARGB 66.09 CFM Liquid,https://pcpartpicker.com/product/ggtkcf/tryx-panorama-se-argb-6609-cfm-liquid-cpu-cooler-l-p360l-am3m-g0k,AM4; AM5; LGA1150; LGA1151; LGA1155; LGA1156; LGA1200; LGA1700; LGA1851,Black,500 - 1850 RPM,No,125 mm,,TRYX,,L-P360L-AM3M-G0K,Yes - 360 mm
,Scythe Mugen 5 Black Edition Rev.C 67.62 CFM,https://pcpartpicker.com/product/wrDQzy/scythe-mugen-5-black-edition-revc-6762-cfm-cpu-cooler-scmg-5200be,AM2; AM2+; AM3; AM3+; AM4; AM5; FM1; FM2; FM2+; LGA1150; LGA1151; LGA1155; LGA1156; LGA1200; LGA1700; LGA1851; LGA2011; LGA2011-3; LGA2066,Black,300 - 1500 RPM,No,154 mm,,Scythe,4 - 28.6 dB,SCMG-5200BE,No
,ID-COOLING IS-47-XT 46 CFM,https://pcpartpicker.com/product/zPn9TW/id-cooling-is-47-xt-46-cfm-cpu-cooler-is-47-xt,AM4; AM5; LGA1150; LGA1151; LGA1155; LGA1156; LGA1200; LGA1700; LGA1851,Black,800 - 2800 RPM,No,47 mm,,ID-COOLING,32.5 dB,IS-47-XT,No
,Asus ROG STRIX LC III ARGB LCD 70.38 CFM Liquid,https://pcpartpicker.com/product/fyYRsY/asus-rog-strix-lc-iii-argb-lcd-7038-cfm-liquid-cpu-cooler-rog-strix-lc-iii-360-argb-lcd-wht,AM4; AM5; LGA1150; LGA1151; LGA1155; LGA1156; LGA1200; LGA1700; LGA1851,White,800 - 2200 RPM,No,,,Asus,36 dB,ROG Strix LC III 360 ARGB LCD WHT,Yes - 360 mm
,ID-COOLING SE-224-XTS BLACK 70 CFM,https://pcpartpicker.com/product/jr2WGX/id-cooling-se-224-xts-black-70-cfm-cpu-cooler-se-224-xts-black,AM4; AM5; LGA1150; LGA1151; LGA1155; LGA1156; LGA1200; LGA1700; LGA1851,Black,600 - 1500 RPM,No,151 mm,,ID-COOLING,28.9 dB,SE-224-XTS BLACK,No
,Noctua NH-L9i 33.84 CFM,https://pcpartpicker.com/product/xxphP6/noctua-nh-l9i-3384-cfm-cpu-cooler-nh-l9i,AM2; AM2+; AM3; AM3+; AM4; AM5; FM1; FM2; FM2+; LGA1150; LGA1151; LGA1155; LGA1156; LGA1200,Brown,600 - 2500 RPM,No,37 mm,,Noctua,14.8 - 23.6 dB,NH-L9i,No
,MSI MAG CORELIQUID E360 75.04 CFM Liquid,https://pcpartpicker.com/product/xbV2FT/msi-mag-coreliquid-e360-7504-cfm-liquid-cpu-cooler-mag-coreliquid-e360,AM4; AM5; LGA1150; LGA1151; LGA1155; LGA1156; LGA1200; LGA1700; LGA1851,Black,,No,,,MSI,,MAG CORELIQUID E360; 306-7ZW6E11-C24; 306-7ZW6E17-C24,Yes - 360 mm
,Thermalright AXP120-X67 59 CFM,https://pcpartpicker.com/product/K2cG3C/thermalright-axp120-x67-59-cfm-cpu-cooler-axp120-x67,AM4; AM5; LGA1150; LGA1151; LGA1155; LGA1156; LGA1200; LGA1700; LGA1851,Gray,1800 RPM,No,67 mm,,Thermalright,26.1 dB,AXP120-X67,No
,Thermalright Frozen Prism ARGB 70.4 CFM Liquid,https://pcpartpicker.com/product/YdGhP6/thermalright-frozen-prism-argb-704-cfm-liquid-cpu-cooler-frozen-prism-240-white-argb,AM4; AM5; LGA1150; LGA1151; LGA1155; LGA1156; LGA1200; LGA1366; LGA1700; LGA1851; LGA2011; LGA2011-3; LGA2066,White,1850 RPM,No,,,Thermalright,27 dB,Frozen Prism 240 White ARGB,Yes - 240 mm
,Noctua NH-L9x65 SE-AM4,https://pcpartpicker.com/product/VHtWGX/noctua-nh-l9x65-se-am4-cpu-cooler-nh-l9x65-se-am4,AM2; AM2+; AM3; AM3+; AM4; AM5; FM1; FM2; FM2+; LGA1150; LGA1151; LGA1155; LGA1156; LGA1200; LGA1700; LGA1851,,600 - 2500 RPM,No,65 mm,,Noctua,14.8 - 23.6 dB,NH-L9x65 SE-AM4,No
,CRYORIG A40 ULTIMATE 83 CFM Liquid,https://pcpartpicker.com/product/rwzZxr/cryorig-a40-ultimate-83-cfm-liquid-cpu-cooler-a40-ultimate,AM2; AM2+; AM3; AM3+; AM4; sTR4; sTRX4; FM1; FM2; FM2+; LGA1150; LGA1151; LGA1155; LGA1156; LGA1200; LGA1366; LGA2011; LGA2011-3; LGA2066,,600 - 2200 RPM,No,,,CRYORIG,13 - 37 dB,A40 ULTIMATE; CR-A4B; CR-A40U,Yes - 240 mm
,ID-COOLING FROSTFLOW X 76.8 CFM Liquid,https://pcpartpicker.com/product/Lx3gXL/id-cooling-frostflow-x-768-cfm-liquid-cpu-cooler-frostflow-x-280,AM4; AM5; LGA1150; LGA1151; LGA1155; LGA1156; LGA1200; LGA1700; LGA1851; LGA2011; LGA2011-3; LGA2066,Black / Silver,800 - 1600 RPM,No,,,ID-COOLING,16.8 - 32.6 dB,FROSTFLOW X 280,Yes - 280 mm
,Asus ROG STRIX LC II ARGB 80.95 CFM Liquid,https://pcpartpicker.com/product/KV8bt6/asus-rog-strix-lc-ii-argb-8095-cfm-liquid-cpu-cooler-rog-strix-lc-ii-360-argb,AM4; AM5; LGA1150; LGA1151; LGA1155; LGA1156; LGA1200; LGA1700; LGA1851; LGA2011-3 Narrow,Black,800 - 2500 RPM,No,,,Asus,37.6 dB,ROG STRIX LC II 360 ARGB; 90RC00F1-M0AAY0; 90RC00F1-M0UAY1; 90RC00F1-M0UAY4; 90RC00F1-M0UAY0,Yes - 360 mm
,Noctua NH-U9S 46.44 CFM,https://pcpartpicker.com/product/FcfmP6/noctua-nh-u9s-4644-cfm-cpu-cooler-nh-u9s,AM2; AM2+; AM3; AM3+; AM4; AM5; FM1; FM2; FM2+; LGA1150; LGA1151; LGA1155; LGA1156; LGA1200; LGA1700; LGA1851; LGA2011; LGA2011-3; LGA2066,,400 - 2000 RPM,No,124 mm,,Noctua,16.3 - 22.8 dB,NH-U9S,No
,ID-COOLING FROSTFLOW X 74.5 CFM Liquid,https://pcpartpicker.com/product/MjJmP6/id-cooling-frostflow-x-745-cfm-liquid-cpu-cooler-frostflow-x-240,AM2; AM2+; AM3; AM3+; AM4; AM5; sTR4; sTRX4; FM1; FM2; FM2+; LGA1150; LGA1151; LGA1155; LGA1156; LGA1200; LGA1366; LGA1700; LGA1851; LGA2011; LGA2011-3; LGA2066,,700 - 1800 RPM,No,,,ID-COOLING,18 - 35.2 dB,FROSTFLOW X 240,Yes - 240 mm
,Noctua NH-D12L 60.09 CFM,https://pcpartpicker.com/product/MvGbt6/noctua-nh-d12l-6009-cfm-cpu-cooler-nh-d12l,AM2; AM2+; AM3; AM3+; AM4; AM5; FM1; FM2; FM2+; LGA1150; LGA1151; LGA1155; LGA1156; LGA1200; LGA1700; LGA1851,Beige / Brown,450 - 2000 RPM,No,145 mm,,Noctua,18.8 - 22.6 dB,NH-D12L,No
,Noctua NH-D9L chromax.black 46.44 CFM,https://pcpartpicker.com/product/KQMMnQ/noctua-nh-d9l-chromaxblack-4644-cfm-cpu-cooler-nh-d9l-chromaxblack,AM2; AM2+; AM3; AM3+; AM4; AM5; FM1; FM2; FM2+; LGA1150; LGA1151; LGA1155; LGA1156; LGA1200; LGA1700; LGA1851,Black,400 - 2000 RPM,No,110 mm,,Noctua,16.3 - 22.8 dB,NH-D9L chromax.black; NH-D9L ch.bk,No
,Noctua NH-L9a-AM4 33.84 CFM,https://pcpartpicker.com/product/DZfhP6/noctua-nh-l9a-am4-3384-cfm-cpu-cooler-nh-l9a-am4,AM2; AM2+; AM3; AM3+; AM4; AM5; FM1; FM2; FM2+,Brown,600 - 2500 RPM,No,37 mm,,Noctua,14.8 - 23.6 dB,NH-L9a-AM4,No
,MSI MAG CORELIQUID P360 78.73 CFM Liquid,https://pcpartpicker.com/product/vjC48d/msi-mag-coreliquid-p360-7873-cfm-liquid-cpu-cooler-mag-coreliquid-p360,AM2; AM2+; AM3; AM3+; AM4; AM5; FM1; FM2; FM2+; LGA1150; LGA1151; LGA1155; LGA1156; LGA1200; LGA1366; LGA1700; LGA1851; LGA2011; LGA2011-3; LGA2066,Black,500 - 2000 RPM,No,,,MSI,14.3 - 34.3 dB,MAG CORELIQUID P360; 306-7ZW2P31-813; CLP360,Yes - 360 mm
,Thermalright Assassin King SE 66.17 CFM,https://pcpartpicker.com/product/RkC48d/thermalright-assassin-king-se-6617-cfm-cpu-cooler-ak120-se-d6,AM4; AM5; LGA1150; LGA1151; LGA1155; LGA1156; LGA1200; LGA1700; LGA1851,Silver / Gray,1550 RPM,No,148 mm,,Thermalright,25.6 dB,AK120 SE-d6; TL-AK120 SE,No
,Noctua NH-D15S chromax.black 82.51 CFM,https://pcpartpicker.com/product/R6kgXL/noctua-nh-d15s-chromaxblack-8251-cfm-cpu-cooler-nh-d15s-chromaxblack,AM2; AM2+; AM3; AM3+; AM4; AM5; FM1; FM2; FM2+; LGA1150; LGA1151; LGA1155; LGA1156; LGA1200; LGA1700; LGA1851; LGA2011; LGA2011-3; LGA2066,Black,300 - 1500 RPM,No,160 mm,,Noctua,19.2 - 24.6 dB,NH-D15S chromax.black; NH-D15S CH.BK,No
,ID-COOLING SE-903-XT 45.8 CFM,https://pcpartpicker.com/product/hctLrH/id-cooling-se-903-xt-458-cfm-cpu-cooler-se-903-xt-black,AM4; AM5; LGA1150; LGA1151; LGA1155; LGA1156; LGA1200; LGA1700; LGA1851,Black,500 - 2200 RPM,No,123 mm,,ID-COOLING,25.8 dB,SE-903-XT BLACK,No
,Thermalright Royal Pretor 130 BLACK 81.88 CFM,https://pcpartpicker.com/product/KhgZxr/thermalright-royal-pretor-130-black-8188-cfm-cpu-cooler-royal-pretor-130-black,AM4; AM5; LGA1150; LGA1151; LGA1155; LGA1156; LGA1200; LGA1700; LGA1851; LGA2011; LGA2011-3; LGA2066,Black,1750 RPM,No,158 mm,,Thermalright,28.3 dB,Royal Pretor 130 BLACK; RP130 BLACK D6,No
,TRYX PANORAMA ARGB 66.09 CFM Liquid,https://pcpartpicker.com/product/GG7scf/tryx-panorama-argb-6609-cfm-liquid-cpu-cooler-l-p360a-as3m-g0w,AM4; AM5; LGA1150; LGA1151; LGA1155; LGA1156; LGA1200; LGA1700; LGA1851,White,500 - 1850 RPM,No,116 mm,,TRYX,27.86 dB,L-P360A-AS3M-G0W; PANORAMA ARGB 360 White,Yes - 360 mm
,Thermalright Frozen Edge 69 CFM Liquid,https://pcpartpicker.com/product/jFYRsY/thermalright-frozen-edge-69-cfm-liquid-cpu-cooler-fe360-white,AM4; AM5; LGA1150; LGA1151; LGA1155; LGA1156; LGA1200; LGA1700; LGA1851; LGA2011; LGA2011-3; LGA2066,White,2150 RPM,No,,,Thermalright,28.1 dB,FE360 White,Yes - 360 mm
,Deepcool LS720 SE 85.85 CFM Liquid,https://pcpartpicker.com/product/yBDQzy/deepcool-ls720-se-8585-cfm-liquid-cpu-cooler-ls720-se,AM4; AM5; LGA1150; LGA1151; LGA1155; LGA1156; LGA1200; LGA1700; LGA1851,Black,500 - 2250 RPM,No,,,Deepcool,28.2 - 32.9 dB,LS720 SE; R-LS720-BKAMMM-G-1,Yes - 360 mm
,Lian Li Galahad II Trinity 79.9 CFM Liquid,https://pcpartpicker.com/product/yMTZxr/lian-li-galahad-ii-trinity-799-cfm-liquid-cpu-cooler-ga2t24b,AM4; AM5; LGA1150; LGA1151; LGA1155; LGA1156; LGA1200; LGA1700; LGA1851,Black,2450 RPM,No,69 mm,,Lian Li,35.4 dB,GA2T24B; G89.GA2T24B.00,Yes - 240 mm
,be quiet! Silent Loop 3 78.4 CFM Liquid,https://pcpartpicker.com/product/Lt8Pxr/be-quiet-silent-loop-3-784-cfm-liquid-cpu-cooler-bw026,AM4; AM5; sTR4; sTRX4; LGA1150; LGA1151; LGA1155; LGA1156; LGA1200; LGA1700; LGA1851,Black,1900 RPM,No,94 mm,,be quiet!,19.4 - 34.3 dB,BW026,Yes - 420 mm
,Thermalright AXP90-X36 42.58 CFM,https://pcpartpicker.com/product/8b92FT/thermalright-axp90-x36-4258-cfm-cpu-cooler-axp90-x36,AM4; AM5; LGA1150; LGA1151; LGA1155; LGA1156; LGA1200; LGA1700; LGA1851,Gray,2700 RPM,No,36 mm,,Thermalright,22.4 dB,AXP90-X36,No
,Thermalright Assassin King SE ARGB 66.17 CFM,https://pcpartpicker.com/product/7TddnQ/thermalright-assassin-king-se-argb-6617-cfm-cpu-cooler-ak120-se-white-argb-d6-2,AM4; AM5; LGA1150; LGA1151; LGA1155; LGA1156; LGA1200; LGA1700; LGA1851,White,1550 RPM,No,148 mm,,Thermalright,25.6 dB,AK120 SE WHITE ARGB-D6-2; TL-AK120 SE White; TL-AK120 SE WHITE ARGB,No
,Asus ROG STRIX LC II 80.95 CFM Liquid,https://pcpartpicker.com/product/XmvdnQ/asus-rog-strix-lc-ii-8095-cfm-liquid-cpu-cooler-rog-strix-lc-ii-360,AM4; AM5; LGA1150; LGA1151; LGA1155; LGA1156; LGA1200; LGA1700; LGA1851; LGA2011-3 Narrow,Black,800 - 2500 RPM,No,,,Asus,37.6 dB,ROG STRIX LC II 360; 90RC00F0-M0AAY0,Yes - 360 mm
,Asus ROG STRIX LC II 80.95 CFM Liquid,https://pcpartpicker.com/product/XmvdnQ/asus-rog-strix-lc-ii-8095-cfm-liquid-cpu-cooler-rog-strix-lc-ii-360,AM4; AM5; LGA1150; LGA1151; LGA1155; LGA1156; LGA1200; LGA1700; LGA1851; LGA2011-3 Narrow,Black,800 - 2500 RPM,No,,,Asus,37.6 dB,ROG STRIX LC II 360; 90RC00F0-M0AAY0,Yes - 360 mm
,Asus ROG STRIX LC II 80.95 CFM Liquid,https://pcpartpicker.com/product/XmvdnQ/asus-rog-strix-lc-ii-8095-cfm-liquid-cpu-cooler-rog-strix-lc-ii-360,AM4; AM5; LGA1150; LGA1151; LGA1155; LGA1156; LGA1200; LGA1700; LGA1851; LGA2011-3 Narrow,Black,800 - 2500 RPM,No,,,Asus,37.6 dB,ROG STRIX LC II 360; 90RC00F0-M0AAY0,Yes - 360 mm
,Asus ROG STRIX LC II 80.95 CFM Liquid,https://pcpartpicker.com/product/XmvdnQ/asus-rog-strix-lc-ii-8095-cfm-liquid-cpu-cooler-rog-strix-lc-ii-360,AM4; AM5; LGA1150; LGA1151; LGA1155; LGA1156; LGA1200; LGA1700; LGA1851; LGA2011-3 Narrow,Black,800 - 2500 RPM,No,,,Asus,37.6 dB,ROG STRIX LC II 360; 90RC00F0-M0AAY0,Yes - 360 mm
,Thermalright Peerless Assassin MINI 66.87 CFM,https://pcpartpicker.com/product/WW88TW/thermalright-peerless-assassin-mini-6687-cfm-cpu-cooler-peerless-assassin-120-mini-black,AM4; AM5; LGA1150; LGA1151; LGA1155; LGA1156; LGA1200; LGA1700; LGA1851; LGA2011; LGA2011-3; LGA2066,Black,1500 RPM,No,135 mm,,Thermalright,25.6 dB,Peerless Assassin 120 MINI BLACK; PA120 MINI BLACK; PEERLESS ASSASSIN 120 MINI BK,No
,Thermalright Assassin X Refined SE RGB V2 66.17 CFM,https://pcpartpicker.com/product/Wfn9TW/thermalright-assassin-x-refined-se-rgb-v2-6617-cfm-cpu-cooler-ax120r-se-v2-d6,AM4; AM5; LGA1150; LGA1151; LGA1155; LGA1156; LGA1200; LGA1700; LGA1851,Black / Silver,1550 RPM,No,148 mm,,Thermalright,25.6 dB,AX120R SE V2 D6; AX120 REFINED SE V2,No
,be quiet! Pure Loop 2 FX Liquid,https://pcpartpicker.com/product/b6JgXL/be-quiet-pure-loop-2-fx-liquid-cpu-cooler-bw015,AM4; AM5; LGA1150; LGA1151; LGA1155; LGA1156; LGA1200; LGA1700; LGA1851; LGA2011; LGA2011-3; LGA2066,Black,,No,,,be quiet!,8 - 34 dB,BW015; PURE LOOP 2 FX 360mm,Yes - 360 mm
,be quiet! Silent Loop 3 76.7 CFM Liquid,https://pcpartpicker.com/product/N3ZWGX/be-quiet-silent-loop-3-767-cfm-liquid-cpu-cooler-bw025,AM4; AM5; sTR4; sTRX4; LGA1150; LGA1151; LGA1155; LGA1156; LGA1200; LGA1700; LGA1851,Black,2500 RPM,No,94 mm,,be quiet!,19.8 - 38.8 dB,BW025,Yes - 360 mm
,be quiet! Silent Loop 3 76.7 CFM Liquid,https://pcpartpicker.com/product/ncTFf7/be-quiet-silent-loop-3-767-cfm-liquid-cpu-cooler-bw024,AM4; AM5; LGA1150; LGA1151; LGA1155; LGA1156; LGA1200; LGA1700; LGA1851,Black,2500 RPM,No,94 mm,,be quiet!,18.7 - 36.9 dB,BW024,Yes - 240 mm
,Deepcool ASSASSIN IV 79.1 CFM,https://pcpartpicker.com/product/P4Jp99/deepcool-assassin-iv-791-cfm-cpu-cooler-r-asn4-whnnmt-g,AM4; AM5; LGA1150; LGA1151; LGA1155; LGA1156; LGA1200; LGA1700; LGA1851; LGA2011; LGA2011-3; LGA2066,White,500 - 1700 RPM,No,164 mm,,Deepcool,22.6 - 29.3 dB,R-ASN4-WHNNMT-G; ASSASSIN IV WH,No
,Lian Li Galahad II Lite Performance 73.14 CFM Liquid,https://pcpartpicker.com/product/Xn62FT/lian-li-galahad-ii-lite-performance-7314-cfm-liquid-cpu-cooler-ga2l24pb,AM4; AM5; LGA1150; LGA1151; LGA1155; LGA1156; LGA1200; LGA1700; LGA1851,Black,200 - 2500 RPM,No,67 mm,,Lian Li,29.8 dB,GA2L24PB,Yes - 240 mm
,Noctua NH-D15 82.5 CFM,https://pcpartpicker.com/product/4vzv6h/noctua-nh-d15-825-cfm-cpu-cooler-nh-d15,AM2; AM2+; AM3; AM3+; AM4; AM5; FM1; FM2; FM2+; LGA1150; LGA1151; LGA1155; LGA1156; LGA1200; LGA1700; LGA1851; LGA2011; LGA2011-3; LGA2066,,300 - 1500 RPM,No,165 mm,,Noctua,19.2 - 24.6 dB,NH-D15,No
,Thermalright Frozen Prism ARGB 70.4 CFM Liquid,https://pcpartpicker.com/product/VnMMnQ/thermalright-frozen-prism-argb-704-cfm-liquid-cpu-cooler-frozen-prism-360-white-argb,AM4; AM5; LGA1150; LGA1151; LGA1155; LGA1156; LGA1200; LGA1366; LGA1700; LGA1851; LGA2011; LGA2011-3; LGA2066,White,1850 RPM,No,,,Thermalright,27 dB,Frozen Prism 360 WHITE ARGB; FP360 WHITE ARGB D6M,Yes - 360 mm
,be quiet! Silent Loop 3 76.7 CFM Liquid,https://pcpartpicker.com/product/ncTFf7/be-quiet-silent-loop-3-767-cfm-liquid-cpu-cooler-bw024,AM4; AM5; LGA1150; LGA1151; LGA1155; LGA1156; LGA1200; LGA1700; LGA1851,Black,2500 RPM,No,94 mm,,be quiet!,18.7 - 36.9 dB,BW024,Yes - 240 mm
,Deepcool LS720 SE 85.85 CFM Liquid,https://pcpartpicker.com/product/yBDQzy/deepcool-ls720-se-8585-cfm-liquid-cpu-cooler-ls720-se,AM4; AM5; LGA1150; LGA1151; LGA1155; LGA1156; LGA1200; LGA1700; LGA1851,Black,500 - 2250 RPM,No,,,Deepcool,28.2 - 32.9 dB,LS720 SE; R-LS720-BKAMMM-G-1,Yes - 360 mm
,CRYORIG H7 49 CFM,https://pcpartpicker.com/product/93Crxr/cryorig-h7-49-cfm-cpu-cooler-h7,AM2; AM2+; AM3; AM3+; AM4; FM1; FM2; FM2+; LGA1150; LGA1151; LGA1155; LGA1156; LGA1200,,330 - 1600 RPM,No,145 mm,,CRYORIG,25 dB,H7; CR-H7A,No
,Noctua NH-U12S chromax.black 55 CFM,https://pcpartpicker.com/product/dMVG3C/noctua-nh-u12s-chromaxblack-55-cfm-cpu-cooler-nh-u12s-chromaxblack,AM2; AM2+; AM3; AM3+; AM4; AM5; FM1; FM2; FM2+; LGA1150; LGA1151; LGA1155; LGA1156; LGA1200; LGA1700; LGA1851; LGA2011; LGA2011-3; LGA2066,Black,300 - 1500 RPM,No,158 mm,,Noctua,18.6 - 22.4 dB,NH-U12S chromax.black; NH-U12S CH.BK; NH-U12S-CH-BK,No
,be quiet! Pure Loop 2 FX Liquid,https://pcpartpicker.com/product/6VkWGX/be-quiet-pure-loop-2-fx-liquid-cpu-cooler-bw013,AM4; AM5; LGA1150; LGA1151; LGA1155; LGA1156; LGA1200; LGA1700; LGA1851; LGA2011; LGA2011-3; LGA2066,Black,,No,,,be quiet!,8 - 32.3 dB,BW013; PURE LOOP 2 FX 240mm,Yes - 240 mm
,Thermalright Frozen Notte ARGB 72.37 CFM Liquid,https://pcpartpicker.com/product/ccFmP6/thermalright-frozen-notte-argb-7237-cfm-liquid-cpu-cooler-frozen-notte-240-white-argb,AM4; AM5; LGA1150; LGA1151; LGA1155; LGA1156; LGA1200; LGA1700; LGA1851; LGA2011; LGA2011-3; LGA2066,White,2000 RPM,No,,,Thermalright,27.7 dB,Frozen Notte 240 WHITE ARGB,Yes - 240 mm
,Thermalright Assassin X Refined SE RGB 66.17 CFM,https://pcpartpicker.com/product/vHH7YJ/thermalright-assassin-x-refined-se-argb-6617-cfm-cpu-cooler-ax120-se-argb-white-d2,AM4; AM5; LGA1150; LGA1151; LGA1155; LGA1156; LGA1200; LGA1700; LGA1851,White / Silver,1550 RPM,No,148 mm,,Thermalright,25.6 dB,AX120 SE ARGB WHITE-D2; AX120 SE ARGB WHITE; AX120 REFINED SE WHT ARGB,No
,Thermalright Frozen Notte ARGB 72.37 CFM Liquid,https://pcpartpicker.com/product/RD7scf/thermalright-frozen-notte-argb-7237-cfm-liquid-cpu-cooler-frozen-notte-360-black-argb-d1,AM2; AM2+; AM3; AM3+; AM4; AM5; FM1; FM2; FM2+; LGA1150; LGA1151; LGA1155; LGA1156; LGA1200; LGA1700; LGA1851; LGA2011; LGA2011-3; LGA2066,Black,2000 RPM,No,,,Thermalright,27.7 dB,Frozen Notte 360 BLACK ARGB-D1; Frozen Notte 360 BLACK ARGB D6; Frozen Notte 360 BLACK ARGB,Yes - 360 mm
,Thermalright Frozen Notte ARGB 72.37 CFM Liquid,https://pcpartpicker.com/product/ccFmP6/thermalright-frozen-notte-argb-7237-cfm-liquid-cpu-cooler-frozen-notte-240-white-argb,AM4; AM5; LGA1150; LGA1151; LGA1155; LGA1156; LGA1200; LGA1700; LGA1851; LGA2011; LGA2011-3; LGA2066,White,2000 RPM,No,,,Thermalright,27.7 dB,Frozen Notte 240 WHITE ARGB,Yes - 240 mm
,Thermalright Frozen Notte ARGB 72.37 CFM Liquid,https://pcpartpicker.com/product/RD7scf/thermalright-frozen-notte-argb-7237-cfm-liquid-cpu-cooler-frozen-notte-360-black-argb-d1,AM2; AM2+; AM3; AM3+; AM4; AM5; FM1; FM2; FM2+; LGA1150; LGA1151; LGA1155; LGA1156; LGA1200; LGA1700; LGA1851; LGA2011; LGA2011-3; LGA2066,Black,2000 RPM,No,,,Thermalright,27.7 dB,Frozen Notte 360 BLACK ARGB-D1; Frozen Notte 360 BLACK ARGB D6; Frozen Notte 360 BLACK ARGB,Yes - 360 mm
,Thermalright Frozen Notte ARGB 72.37 CFM Liquid,https://pcpartpicker.com/product/ccFmP6/thermalright-frozen-notte-argb-7237-cfm-liquid-cpu-cooler-frozen-notte-240-white-argb,AM4; AM5; LGA1150; LGA1151; LGA1155; LGA1156; LGA1200; LGA1700; LGA1851; LGA2011; LGA2011-3; LGA2066,White,2000 RPM,No,,,Thermalright,27.7 dB,Frozen Notte 240 WHITE ARGB,Yes - 240 mm
,Thermalright Frozen Prism ARGB 70.4 CFM Liquid,https://pcpartpicker.com/product/Zcgrxr/thermalright-frozen-prism-argb-704-cfm-liquid-cpu-cooler-frozen-prism-240-black-argb,AM4; AM5; LGA1150; LGA1151; LGA1155; LGA1156; LGA1200; LGA1366; LGA1700; LGA1851; LGA2011; LGA2011-3; LGA2066,Black,1850 RPM,No,,,Thermalright,27 dB,Frozen Prism 240 Black ARGB,Yes - 240 mm
,Thermalright Assassin X Refined SE RGB 66.17 CFM,https://pcpartpicker.com/product/vHH7YJ/thermalright-assassin-x-refined-se-argb-6617-cfm-cpu-cooler-ax120-se-argb-white-d2,AM4; AM5; LGA1150; LGA1151; LGA1155; LGA1156; LGA1200; LGA1700; LGA1851,White / Silver,1550 RPM,No,148 mm,,Thermalright,25.6 dB,AX120 SE ARGB WHITE-D2; AX120 SE ARGB WHITE; AX120 REFINED SE WHT ARGB,No
,Deepcool AG400 75.89 CFM,https://pcpartpicker.com/product/LQt9TW/deepcool-ag400-7589-cfm-cpu-cooler-r-ag400-bknnmn-g-1,AM4; AM5; LGA1150; LGA1151; LGA1155; LGA1156; LGA1200; LGA1700; LGA1851,Black / Silver,500 - 2000 RPM,No,150 mm,,Deepcool,31.6 dB,R-AG400-BKNNMN-G-1; AG400-AMAZON,No
,Thermalright Frozen Notte ARGB 72.37 CFM Liquid,https://pcpartpicker.com/product/RD7scf/thermalright-frozen-notte-argb-7237-cfm-liquid-cpu-cooler-frozen-notte-360-black-argb-d1,AM2; AM2+; AM3; AM3+; AM4; AM5; FM1; FM2; FM2+; LGA1150; LGA1151; LGA1155; LGA1156; LGA1200; LGA1700; LGA1851; LGA2011; LGA2011-3; LGA2066,Black,2000 RPM,No,,,Thermalright,27.7 dB,Frozen Notte 360 BLACK ARGB-D1; Frozen Notte 360 BLACK ARGB D6; Frozen Notte 360 BLACK ARGB,Yes - 360 mm
,Thermalright Grand Vision ARGB 69 CFM Liquid,https://pcpartpicker.com/product/MHh2FT/thermalright-grand-vision-argb-69-cfm-liquid-cpu-cooler-grand-vision-360-argb-white,AM4; AM5; LGA1150; LGA1151; LGA1155; LGA1156; LGA1200; LGA1700; LGA1851; LGA2011; LGA2011-3; LGA2066,White,2150 RPM,No,72 mm,,Thermalright,29.4 dB,Grand Vision 360 ARGB WHITE,Yes - 360 mm
,Asus ROG STRIX LC II ARGB 80.95 CFM Liquid,https://pcpartpicker.com/product/KV8bt6/asus-rog-strix-lc-ii-argb-8095-cfm-liquid-cpu-cooler-rog-strix-lc-ii-360-argb,AM4; AM5; LGA1150; LGA1151; LGA1155; LGA1156; LGA1200; LGA1700; LGA1851; LGA2011-3 Narrow,Black,800 - 2500 RPM,No,,,Asus,37.6 dB,ROG STRIX LC II 360 ARGB; 90RC00F1-M0AAY0; 90RC00F1-M0UAY1; 90RC00F1-M0UAY4; 90RC00F1-M0UAY0,Yes - 360 mm
,Thermalright Frozen Notte ARGB 72.37 CFM Liquid,https://pcpartpicker.com/product/RD7scf/thermalright-frozen-notte-argb-7237-cfm-liquid-cpu-cooler-frozen-notte-360-black-argb-d1,AM2; AM2+; AM3; AM3+; AM4; AM5; FM1; FM2; FM2+; LGA1150; LGA1151; LGA1155; LGA1156; LGA1200; LGA1700; LGA1851; LGA2011; LGA2011-3; LGA2066,Black,2000 RPM,No,,,Thermalright,27.7 dB,Frozen Notte 360 BLACK ARGB-D1; Frozen Notte 360 BLACK ARGB D6; Frozen Notte 360 BLACK ARGB,Yes - 360 mm
,Noctua NH-U9S 46.44 CFM,https://pcpartpicker.com/product/FcfmP6/noctua-nh-u9s-4644-cfm-cpu-cooler-nh-u9s,AM2; AM2+; AM3; AM3+; AM4; AM5; FM1; FM2; FM2+; LGA1150; LGA1151; LGA1155; LGA1156; LGA1200; LGA1700; LGA1851; LGA2011; LGA2011-3; LGA2066,,400 - 2000 RPM,No,124 mm,,Noctua,16.3 - 22.8 dB,NH-U9S,No
,Noctua NH-D12L 60.09 CFM,https://pcpartpicker.com/product/MvGbt6/noctua-nh-d12l-6009-cfm-cpu-cooler-nh-d12l,AM2; AM2+; AM3; AM3+; AM4; AM5; FM1; FM2; FM2+; LGA1150; LGA1151; LGA1155; LGA1156; LGA1200; LGA1700; LGA1851,Beige / Brown,450 - 2000 RPM,No,145 mm,,Noctua,18.8 - 22.6 dB,NH-D12L,No
,Noctua NH-L9a-AM4 33.84 CFM,https://pcpartpicker.com/product/DZfhP6/noctua-nh-l9a-am4-3384-cfm-cpu-cooler-nh-l9a-am4,AM2; AM2+; AM3; AM3+; AM4; AM5; FM1; FM2; FM2+,Brown,600 - 2500 RPM,No,37 mm,,Noctua,14.8 - 23.6 dB,NH-L9a-AM4,No
,Thermalright Assassin King SE 66.17 CFM,https://pcpartpicker.com/product/RkC48d/thermalright-assassin-king-se-6617-cfm-cpu-cooler-ak120-se-d6,AM4; AM5; LGA1150; LGA1151; LGA1155; LGA1156; LGA1200; LGA1700; LGA1851,Silver / Gray,1550 RPM,No,148 mm,,Thermalright,25.6 dB,AK120 SE-d6; TL-AK120 SE,No
,Noctua NH-D15S chromax.black 82.51 CFM,https://pcpartpicker.com/product/R6kgXL/noctua-nh-d15s-chromaxblack-8251-cfm-cpu-cooler-nh-d15s-chromaxblack,AM2; AM2+; AM3; AM3+; AM4; AM5; FM1; FM2; FM2+; LGA1150; LGA1151; LGA1155; LGA1156; LGA1200; LGA1700; LGA1851; LGA2011; LGA2011-3; LGA2066,Black,300 - 1500 RPM,No,160 mm,,Noctua,19.2 - 24.6 dB,NH-D15S chromax.black; NH-D15S CH.BK,No
,ID-COOLING SE-903-XT 45.8 CFM,https://pcpartpicker.com/product/hctLrH/id-cooling-se-903-xt-458-cfm-cpu-cooler-se-903-xt-black,AM4; AM5; LGA1150; LGA1151; LGA1155; LGA1156; LGA1200; LGA1700; LGA1851,Black,500 - 2200 RPM,No,123 mm,,ID-COOLING,25.8 dB,SE-903-XT BLACK,No
,TRYX PANORAMA ARGB 66.09 CFM Liquid,https://pcpartpicker.com/product/GG7scf/tryx-panorama-argb-6609-cfm-liquid-cpu-cooler-l-p360a-as3m-g0w,AM4; AM5; LGA1150; LGA1151; LGA1155; LGA1156; LGA1200; LGA1700; LGA1851,White,500 - 1850 RPM,No,116 mm,,TRYX,27.86 dB,L-P360A-AS3M-G0W; PANORAMA ARGB 360 White,Yes - 360 mm
,Thermalright Frozen Prism 70.4 CFM Liquid,https://pcpartpicker.com/product/TMMMnQ/thermalright-frozen-prism-704-cfm-liquid-cpu-cooler-frozen-prism-240-black,AM4; AM5; LGA1150; LGA1151; LGA1155; LGA1156; LGA1200; LGA1366; LGA1700; LGA1851; LGA2011; LGA2011-3; LGA2066,Black,1850 RPM,No,,,Thermalright,27 dB,Frozen Prism 240 Black,Yes - 240 mm
,Deepcool AK400 DIGITAL 68.99 CFM,https://pcpartpicker.com/product/2PKscf/deepcool-ak400-digital-6899-cfm-cpu-cooler-r-ak400-bkadmn-g,AM4; AM5; LGA1150; LGA1151; LGA1155; LGA1156; LGA1200; LGA1700; LGA1851,Black,500 - 1850 RPM,No,156 mm,,Deepcool,28 dB,R-AK400-BKADMN-G; AK400 Digital,No
,Deepcool AK400 66.47 CFM,https://pcpartpicker.com/product/WLLdnQ/deepcool-ak400-6647-cfm-cpu-cooler-r-ak400-wpnpmn-g,AM4; AM5; LGA1150; LGA1151; LGA1155; LGA1156; LGA1200; LGA1700; LGA1851,Pink / White,500 - 1850 RPM,No,155 mm,,Deepcool,29 dB,R-AK400-WPNPMN-G; AK400 PINK LIMITED-AMAZON,No
,NZXT T120 78.02 CFM,https://pcpartpicker.com/product/G2pzK8/nzxt-t120-7802-cfm-cpu-cooler-rc-tn120-w1,AM4; AM5; LGA1150; LGA1151; LGA1155; LGA1156; LGA1200; LGA1700; LGA1851,White,500 - 1800 RPM,No,159 mm,,NZXT,17.9 - 30.6 dB,RC-TN120-W1,No
,Thermalright Assassin X Refined SE ARGB,https://pcpartpicker.com/product/jvjv6h/thermalright-assassin-x-refined-se-argb-cpu-cooler-ax120r-se-argb-d6-cad,AM4; AM5; LGA1150; LGA1151; LGA1155; LGA1156; LGA1200; LGA1700; LGA1851,Black / Silver,1550 RPM,No,148 mm,,Thermalright,25.6 dB,AX120R SE ARGB D6-CAD; Assassin X 120 Refined SE ARGB,No
,be quiet! Dark Rock 5 93.5 CFM,https://pcpartpicker.com/product/FKwmP6/be-quiet-dark-rock-5-935-cfm-cpu-cooler-bk035,AM4; AM5; LGA1150; LGA1151; LGA1155; LGA1156; LGA1200; LGA1700; LGA1851,Black,2100 RPM,No,161 mm,,be quiet!,11.9 - 29.8 dB,BK035,No
,Noctua NH-D15 G2 91.58 CFM,https://pcpartpicker.com/product/8c88TW/noctua-nh-d15-g2-9158-cfm-cpu-cooler-nh-d15-g2,AM2; AM2+; AM3; AM3+; AM4; AM5; FM1; FM2; FM2+; LGA1150; LGA1151; LGA1155; LGA1156; LGA1200; LGA1700; LGA1851,Brown / Silver,1500 RPM,No,168 mm,,Noctua,24.8 dB,NH-D15 G2,No
,ID-COOLING IS-60 EVO ARGB 54.6 CFM,https://pcpartpicker.com/product/NhDkcf/id-cooling-is-60-evo-argb-546-cfm-cpu-cooler-is-60-evo-argb,AM4; LGA1150; LGA1151; LGA1155; LGA1156; LGA1200,Black / Silver,500 - 2000 RPM,No,64 mm,,ID-COOLING,13.8 - 31.2 dB,IS-60 EVO ARGB,No
,Lian Li Galahad II Trinity Performance 108.29 CFM Liquid,https://pcpartpicker.com/product/thmNnQ/lian-li-galahad-ii-trinity-performance-10829-cfm-liquid-cpu-cooler-ga2p36b,AM4; AM5; LGA1150; LGA1151; LGA1155; LGA1156; LGA1200; LGA1700; LGA1851,Black,2300 - 3000 RPM,No,79 mm,,Lian Li,32.1 - 39.9 dB,GA2P36B,Yes - 360 mm
,Thermalright Frozen Prism ARGB 70.4 CFM Liquid,https://pcpartpicker.com/product/7Phv6h/thermalright-frozen-prism-argb-704-cfm-liquid-cpu-cooler-frozen-prism-360-black-argb,AM4; AM5; LGA1150; LGA1151; LGA1155; LGA1156; LGA1200; LGA1366; LGA1700; LGA1851; LGA2011; LGA2011-3; LGA2066,Black,1850 RPM,No,,,Thermalright,27 dB,Frozen Prism 360 BLACK ARGB; FP360 BLACK ARGB D6,Yes - 360 mm
,Thermalright Frozen Warframe ARGB 70.84 CFM Liquid,https://pcpartpicker.com/product/sxP8TW/thermalright-frozen-warframe-argb-7084-cfm-liquid-cpu-cooler-frozen-warframe-360-black-argb,AM4; AM5; LGA1150; LGA1151; LGA1155; LGA1156; LGA1200; LGA1700; LGA1851; LGA2011; LGA2011-3; LGA2066,Black,2000 RPM,No,,,Thermalright,22.1 dB,Frozen Warframe 360 BLACK ARGB; FW360 BLACK ARGB-Ying-D5,Yes - 360 mm
,MSI MAG CORELIQUID 240R V2 78.73 CFM Liquid,https://pcpartpicker.com/product/dCcG3C/msi-mag-coreliquid-240r-v2-7873-cfm-liquid-cpu-cooler-mag-coreliquid-240r-v2,AM2; AM2+; AM3; AM3+; AM4; AM5; FM1; FM2; FM2+; LGA1150; LGA1151; LGA1155; LGA1156; LGA1200; LGA1366; LGA1700; LGA1851; LGA2011; LGA2011-3; LGA2066,Black,500 - 2000 RPM,No,,,MSI,14.3 - 34.3 dB,MAG CORELIQUID 240R V2; 306-7ZW1B41-813; CL240RV2,Yes - 240 mm
,Lian Li Galahad II LCD 79.9 CFM Liquid,https://pcpartpicker.com/product/nFxxFT/lian-li-galahad-ii-lcd-799-cfm-liquid-cpu-cooler-ga2alcd36b,AM4; AM5; LGA1150; LGA1151; LGA1155; LGA1156; LGA1200; LGA1700; LGA1851,Black,300 - 2450 RPM,No,,,Lian Li,30 dB,GA2ALCD36B,Yes - 360 mm
,MSI MAG CORELIQUID 360R V2 78.73 CFM Liquid,https://pcpartpicker.com/product/bnPQzy/msi-mag-coreliquid-360r-v2-7873-cfm-liquid-cpu-cooler-mag-coreliquid-360r-v2,AM2; AM2+; AM3; AM3+; AM4; AM5; FM1; FM2; FM2+; LGA1150; LGA1151; LGA1155; LGA1156; LGA1200; LGA1366; LGA1700; LGA1851; LGA2011; LGA2011-3; LGA2066,Black,500 - 2000 RPM,No,,,MSI,14.3 - 34.3 dB,MAG CORELIQUID 360R V2; CL360RV2,Yes - 360 mm
,Noctua NH-D12L CHROMAX.BLACK 60.09 CFM,https://pcpartpicker.com/product/Qd7scf/noctua-nh-d12l-chromaxblack-6009-cfm-cpu-cooler-nh-d12l-chromaxblack,AM2; AM2+; AM3; AM3+; AM4; AM5; FM1; FM2; FM2+; LGA1150; LGA1151; LGA1155; LGA1156; LGA1200; LGA1700; LGA1851,Black,450 - 2000 RPM,No,145 mm,,Noctua,18.8 - 22.6 dB,NH-D12L CHROMAX.BLACK; NH-D12L CH.BK; NH-D12L-CH-BK,No
,NZXT T120 RGB 50.18 CFM,https://pcpartpicker.com/product/wDD7YJ/nzxt-t120-rgb-5018-cfm-cpu-cooler-rc-tr120-w1,AM4; AM5; LGA1150; LGA1151; LGA1155; LGA1156; LGA1200; LGA1700; LGA1851,White,500 - 1800 RPM,No,159 mm,,NZXT,17.2 - 27.5 dB,RC-TR120-W1,No
,TRYX PANORAMA SE ARGB 66.09 CFM Liquid,https://pcpartpicker.com/product/qF8Pxr/tryx-panorama-se-argb-6609-cfm-liquid-cpu-cooler-l-p360l-am3m-g0w,AM4; AM5; LGA1150; LGA1151; LGA1155; LGA1156; LGA1200; LGA1700; LGA1851,White,500 - 1850 RPM,No,125 mm,,TRYX,,L-P360L-AM3M-G0W,Yes - 360 mm
,Lian Li Galahad II LCD 89.7 CFM Liquid,https://pcpartpicker.com/product/4mWJ7P/lian-li-galahad-ii-lcd-897-cfm-liquid-cpu-cooler-ga2alcd28b,AM4; AM5; LGA1150; LGA1151; LGA1155; LGA1156; LGA1200; LGA1700; LGA1851,Black,300 - 1550 RPM,No,,,Lian Li,26.7 dB,GA2ALCD28B,Yes - 280 mm
,Noctua NH-D15S 82.52 CFM,https://pcpartpicker.com/product/xCL7YJ/noctua-nh-d15s-8252-cfm-cpu-cooler-nh-d15s,AM2; AM2+; AM3; AM3+; AM4; AM5; FM1; FM2; FM2+; LGA1150; LGA1151; LGA1155; LGA1156; LGA1200; LGA1700; LGA1851; LGA2011; LGA2011-3; LGA2066,,300 - 1500 RPM,No,160 mm,,Noctua,19.2 - 24.6 dB,NH-D15S,No
,Dynatron T318 Fanless,https://pcpartpicker.com/product/bHCwrH/dynatron-t318-fanless-cpu-cooler-t318,LGA2011-3 Narrow,,,Yes,27 mm,,Dynatron,0 dB,T318,No
,Thermalright Frozen Prism 70.4 CFM Liquid,https://pcpartpicker.com/product/99XV3C/thermalright-frozen-prism-704-cfm-liquid-cpu-cooler-frozen-prism-360-black,AM4; AM5; LGA1150; LGA1151; LGA1155; LGA1156; LGA1200; LGA1366; LGA1700; LGA1851; LGA2011; LGA2011-3; LGA2066,Black,1850 RPM,No,,,Thermalright,27 dB,Frozen Prism 360 BLACK,Yes - 360 mm
,Asus ROG Ryujin III ARGB 70.07 CFM Liquid,https://pcpartpicker.com/product/wqHqqs/asus-rog-ryujin-iii-argb-7007-cfm-liquid-cpu-cooler-90rc00l1-m0uay0,AM4; AM5; LGA1150; LGA1151; LGA1155; LGA1156; LGA1200; LGA1700; LGA1851,Black,600 - 2200 RPM,No,101 mm,,Asus,36.45 dB,90RC00L1-M0UAY0; ROG RYUJIN III 360 ARGB; 90RC00L1-M0AAY0,Yes - 360 mm
,Deepcool AG500 BK ARGB 67.88 CFM,https://pcpartpicker.com/product/pHfnTW/deepcool-ag500-bk-argb-6788-cfm-cpu-cooler-ag500-bk-argb,AM4; AM5; LGA1150; LGA1151; LGA1155; LGA1156; LGA1200; LGA1700; LGA1851,Black,300 - 1850 RPM,No,155 mm,,Deepcool,29.4 dB,AG500 BK ARGB; R-AG500-BKANMN-G-1,No
,Thermalright Core Vision ARGB 72.37 CFM Liquid,https://pcpartpicker.com/product/6Rkqqs/thermalright-core-vision-argb-7237-cfm-liquid-cpu-cooler-core-vision-360-black-argb,AM4; AM5; LGA1150; LGA1151; LGA1155; LGA1156; LGA1200; LGA1700; LGA1851; LGA2011; LGA2011-3; LGA2066,Black,2000 RPM,No,66 mm,,Thermalright,27.7 dB,Core Vision 360 BLACK ARGB,Yes - 360 mm
,ID-COOLING FX360 INF 58 CFM Liquid,https://pcpartpicker.com/product/dLV2FT/id-cooling-fx360-inf-58-cfm-liquid-cpu-cooler-fx360-inf,AM4; AM5; LGA1150; LGA1151; LGA1155; LGA1156; LGA1200; LGA1700; LGA1851,Black,300 - 2000 RPM,No,60 mm,,ID-COOLING,27.2 dB,FX360 INF,Yes - 360 mm
,Corsair H100i 77 CFM Liquid,https://pcpartpicker.com/product/V2JwrH/corsair-h100i-77-cfm-liquid-cpu-cooler-h100i,AM2; AM2+; AM3; AM3+; AM4; FM1; FM2; FM2+; LGA1150; LGA1151; LGA1155; LGA1156; LGA1200; LGA1366; LGA2011; LGA2011-3; LGA2066,,2700 RPM,No,,,Corsair,37.68 dB,H100i; CW-9060009-WW; CWCH100i,Yes - 240 mm
,Deepcool AK500 DIGITAL 68.99 CFM,https://pcpartpicker.com/product/b3Hqqs/deepcool-ak500-digital-6899-cfm-cpu-cooler-r-ak500-bkadmn-g,AM4; AM5; LGA1150; LGA1151; LGA1155; LGA1156; LGA1200; LGA1700; LGA1851; LGA2011; LGA2011-3; LGA2066,Black,500 - 1850 RPM,No,160 mm,,Deepcool,28 dB,R-AK500-BKADMN-G,No
,Noctua NH-L9A-AM5 CHROMAX.BLACK 33.84 CFM,https://pcpartpicker.com/product/KNn9TW/noctua-nh-l9a-am5-chromaxblack-3384-cfm-cpu-cooler-nh-l9a-am5-chromaxblack,AM2; AM2+; AM3; AM3+; AM4; AM5; FM1; FM2; FM2+,Black,600 - 2500 RPM,No,37 mm,,Noctua,14.8 - 23.6 dB,NH-L9A-AM5 CHROMAX.BLACK,No
,Deepcool CAPTAIN 240EX RGB 153.04 CFM Liquid,https://pcpartpicker.com/product/pp648d/deepcool-captain-240ex-rgb-15304-cfm-liquid-cpu-cooler-captain-240ex-rgb,AM2; AM2+; AM3; AM3+; AM4; FM1; FM2; FM2+; LGA1150; LGA1151; LGA1155; LGA1156; LGA1200; LGA1366; LGA2011; LGA2011-3; LGA2066,,500 - 1800 RPM,No,,,Deepcool,17.6 - 31.3 dB,CAPTAIN 240EX RGB; DP-GS-H12L-CT240RGB,Yes - 240 mm
,Gigabyte AORUS WATERFORCE X II 360 ICE 72 CFM Liquid,https://pcpartpicker.com/product/9Rhv6h/gigabyte-aorus-waterforce-x-ii-360-ice-72-cfm-liquid-cpu-cooler-aorus-waterforce-x-ii-360-ice,AM4; AM5; sTR4; sTRX4; LGA1150; LGA1151; LGA1155; LGA1156; LGA1200; LGA1700; LGA1851,White,800 - 2400 RPM,No,78 mm,,Gigabyte,12 - 37.5 dB,AORUS WATERFORCE X II 360 ICE; GP-AORUS WATERFORCEX II 360I,Yes - 360 mm
,Deepcool AK620 DIGITAL 68.99 CFM,https://pcpartpicker.com/product/697scf/deepcool-ak620-digital-6899-cfm-cpu-cooler-r-ak620-bkadmn-g,AM4; AM5; LGA1150; LGA1151; LGA1155; LGA1156; LGA1200; LGA1700; LGA1851; LGA2011; LGA2011-3; LGA2066,Black,500 - 1850 RPM,No,162 mm,,Deepcool,28 dB,R-AK620-BKADMN-G; AK620 Digital,No
,Asus ROG Ryujin III 70.07 CFM Liquid,https://pcpartpicker.com/product/fcGhP6/asus-rog-ryujin-iii-7007-cfm-liquid-cpu-cooler-rog-ryujin-iii-360-argb-wht,AM4; AM5; LGA1150; LGA1151; LGA1155; LGA1156; LGA1200; LGA1700; LGA1851,White,600 - 2200 RPM,No,,,Asus,36.45 dB,ROG RYUJIN III 360 ARGB WHT; 90RC00L2-M0AAY0; 90RC00L2-M0UAY0,Yes - 360 mm
,be quiet! Light Loop Liquid,https://pcpartpicker.com/product/dN3NnQ/be-quiet-light-loop-liquid-cpu-cooler-bw023,AM4; AM5; LGA1150; LGA1151; LGA1155; LGA1156; LGA1200; LGA1700; LGA1851,White,1500 - 2900 RPM,No,,,be quiet!,17.2 - 36.8 dB,BW023,Yes - 360 mm
,Asus TUF Gaming LC II ARGB 67 CFM Liquid,https://pcpartpicker.com/product/ypWJ7P/asus-tuf-gaming-lc-ii-argb-67-cfm-liquid-cpu-cooler-tuf-gaming-lc-ii-360-argb,AM4; AM5; LGA1150; LGA1151; LGA1155; LGA1156; LGA1200; LGA1700; LGA1851,Black,800 - 2000 RPM,No,,,Asus,29 dB,TUF Gaming LC II 360 ARGB; 90RC00M1-M0UAY0,Yes - 360 mm
,Asus TUF Gaming LC II ARGB 67 CFM Liquid,https://pcpartpicker.com/product/ypWJ7P/asus-tuf-gaming-lc-ii-argb-67-cfm-liquid-cpu-cooler-tuf-gaming-lc-ii-360-argb,AM4; AM5; LGA1150; LGA1151; LGA1155; LGA1156; LGA1200; LGA1700; LGA1851,Black,800 - 2000 RPM,No,,,Asus,29 dB,TUF Gaming LC II 360 ARGB; 90RC00M1-M0UAY0,Yes - 360 mm
,Deepcool Ice Edge Mini FS V2.0 25.13 CFM,https://pcpartpicker.com/product/BQ7CmG/deepcool-ice-edge-mini-fs-v20-2513-cfm-cpu-cooler-dp-mch2-iemv2,AM2; AM2+; AM3; AM3+; AM4; AM5; FM1; FM2; FM2+; LGA775; LGA1150; LGA1151; LGA1155; LGA1156; LGA1200,,2200 RPM,No,130 mm,,Deepcool,24.7 dB,DP-MCH2-IEMV2,No
,Noctua NH-L9i chromax.black 33.84 CFM,https://pcpartpicker.com/product/vbLwrH/noctua-nh-l9i-chromaxblack-3384-cfm-cpu-cooler-nh-l9i-chromaxblack,AM2; AM2+; AM3; AM3+; AM4; AM5; FM1; FM2; FM2+; LGA1150; LGA1151; LGA1155; LGA1156; LGA1200,Black,600 - 2500 RPM,No,37 mm,,Noctua,14.8 - 23.6 dB,NH-L9i chromax.black; NH-L9i CH.BK; NH-L9I-CH-BK,No
,Noctua NH-L12Sx77 55.44 CFM,https://pcpartpicker.com/product/2J4Zxr/noctua-nh-l12sx77-5544-cfm-cpu-cooler-nh-l12sx77,AM2; AM2+; AM3; AM3+; AM4; AM5; FM1; FM2; FM2+; LGA1150; LGA1151; LGA1155; LGA1156; LGA1200; LGA1700; LGA1851,Silver / Beige,450 - 1850 RPM,No,77 mm,,Noctua,16.8 - 23.9 dB,NH-L12Sx77,No
,Jonsbo CR-1400 EVO Color White 38.2 CFM,https://pcpartpicker.com/product/cpzXsY/jonsbo-cr-1400-evo-color-white-382-cfm-cpu-cooler-cr-1400-evo-color-white,AM4; AM5; LGA1150; LGA1151; LGA1155; LGA1156; LGA1200; LGA1700; LGA1851,White,800 - 2200 RPM,No,130 mm,,Jonsbo,22.3 - 33.8 dB,CR-1400 EVO Color White,No
,Cooler Master Hyper 622 Halo 51.88 CFM,https://pcpartpicker.com/product/GCwmP6/cooler-master-hyper-622-halo-5188-cfm-cpu-cooler-rr-d6bb-20pa-r1,AM4; AM5; LGA1150; LGA1151; LGA1155; LGA1156; LGA1200; LGA1700; LGA1851,Black,650 - 2050 RPM,No,157 mm,,Cooler Master,27 dB,RR-D6BB-20PA-R1,No
,Noctua NH-U9S chromax.black 46.4 CFM,https://pcpartpicker.com/product/9pfFf7/noctua-nh-u9s-chromaxblack-464-cfm-cpu-cooler-nh-u9s-chromaxblack,AM2; AM2+; AM3; AM3+; AM4; AM5; FM1; FM2; FM2+; LGA1150; LGA1151; LGA1155; LGA1156; LGA1200; LGA1700; LGA1851; LGA2011; LGA2011-3; LGA2066,Black,400 - 2000 RPM,No,125 mm,,Noctua,16.3 - 22.8 dB,NH-U9S chromax.black; NH-U9S CH.BK; NH-U9S-CH-BK,No
,Cooler Master Hyper 212 RGB Black Edition 59 CFM,https://pcpartpicker.com/product/WHH7YJ/cooler-master-hyper-212-rgb-black-edition-59-cfm-cpu-cooler-rr-212s-20pc-r2,AM2; AM2+; AM3; AM3+; AM4; AM5; FM1; FM2; FM2+; LGA1150; LGA1151; LGA1155; LGA1156; LGA1200; LGA1366; LGA1700; LGA1851; LGA2011; LGA2011-3; LGA2066,,650 - 2000 RPM,No,159 mm,,Cooler Master,8 - 30 dB,RR-212S-20PC-R2,No
,Thermaltake TH240 V2 Ultra ARGB Sync 57.05 CFM Liquid,https://pcpartpicker.com/product/tpFmP6/thermaltake-th240-v2-ultra-argb-sync-5705-cfm-liquid-cpu-cooler-cl-w404-pl12sw-a,AM2; AM2+; AM3; AM3+; AM4; AM5; FM1; FM2; FM2+; LGA1150; LGA1151; LGA1155; LGA1156; LGA1200; LGA1700; LGA1851; LGA2011; LGA2011-3; LGA2066,White,500 - 1800 RPM,No,,,Thermaltake,25.8 dB,CL-W404-PL12SW-A,Yes - 240 mm
,ARCTIC Liquid Freezer II 280 A-RGB 68.9 CFM Liquid,https://pcpartpicker.com/product/HZvdnQ/arctic-liquid-freezer-ii-280-a-rgb-689-cfm-liquid-cpu-cooler-acfre00106a,AM4; AM5; LGA1150; LGA1151; LGA1155; LGA1156; LGA1200; LGA1700; LGA1851; LGA2011; LGA2011-3; LGA2066,Black,200 - 1900 RPM,No,,,ARCTIC,22.5 dB,ACFRE00106A,Yes - 280 mm
,Deepcool AG400 PLUS 75.89 CFM,https://pcpartpicker.com/product/sxHqqs/deepcool-ag400-plus-7589-cfm-cpu-cooler-r-ag400-bknnmd-g,AM4; AM5; LGA1150; LGA1151; LGA1155; LGA1156; LGA1200; LGA1700; LGA1851,Black / Silver,500 - 2000 RPM,No,150 mm,,Deepcool,,R-AG400-BKNNMD-G,No
,Cooler Master MasterLiquid Lite 240 66.7 CFM Liquid,https://pcpartpicker.com/product/9gRFf7/cooler-master-masterliquid-lite-240-667-cfm-liquid-cpu-cooler-mlw-d24m-a20pw-r1,AM2; AM2+; AM3; AM3+; AM4; AM5; FM1; FM2; FM2+; LGA1150; LGA1151; LGA1155; LGA1156; LGA1200; LGA1366; LGA2011; LGA2011-3; LGA2066,,650 - 2000 RPM,No,,,Cooler Master,6 - 30 dB,MLW-D24M-A20PW-R1,Yes - 240 mm
,TRYX PANORAMA 81.32 CFM Liquid,https://pcpartpicker.com/product/J8LdnQ/tryx-panorama-8132-cfm-liquid-cpu-cooler-l-p360n-ds3m-g0w,AM4; AM5; LGA1150; LGA1151; LGA1155; LGA1156; LGA1200; LGA1700; LGA1851,White,500 - 2250 RPM,No,116 mm,,TRYX,30.97 dB,L-P360N-DS3M-G0W; PANORAMA 360 WHITE,Yes - 360 mm
,ID-COOLING SE-226-XT 68.2 CFM,https://pcpartpicker.com/product/kt2WGX/id-cooling-se-226-xt-682-cfm-cpu-cooler-se-226-xt-black,AM4; AM5; LGA1150; LGA1151; LGA1155; LGA1156; LGA1200; LGA1700; LGA1851; LGA2011; LGA2011-3; LGA2066,Black,500 - 1500 RPM,No,154 mm,,ID-COOLING,13.8 - 30.5 dB,SE-226-XT BLACK,No
,Vetroo V5 52 CFM,https://pcpartpicker.com/product/sMTp99/vetroo-v5-52-cfm-cpu-cooler-vt-cpu-v5-wt,AM2; AM2+; AM3; AM3+; AM4; AM5; FM1; FM2; FM2+; LGA1150; LGA1151; LGA1155; LGA1156; LGA1200; LGA1700; LGA1851,White,800 - 1700 RPM,No,148 mm,,Vetroo,30.8 dB,VT-CPU-V5-WT,No
,Silverstone PF360-ARGB 94 CFM Liquid,https://pcpartpicker.com/product/QMCFf7/silverstone-pf360-argb-94-cfm-liquid-cpu-cooler-sst-pf360-argb,AM2; AM2+; AM3; AM3+; AM4; AM5; FM1; FM2; FM2+; LGA775; LGA1150; LGA1151; LGA1155; LGA1156; LGA1200; LGA1366; LGA2011; LGA2011-3; LGA2066,Black,600 - 2200 RPM,No,,,Silverstone,7.4 - 35.6 dB,SST-PF360-ARGB,Yes - 360 mm
,Cooler Master MasterLiquid 360 Atmos 70.7 CFM Liquid,https://pcpartpicker.com/product/FgKscf/cooler-master-masterliquid-360-atmos-707-cfm-liquid-cpu-cooler-mlx-d36m-a25pz-r1,AM4; AM5; LGA1150; LGA1151; LGA1155; LGA1156; LGA1200; LGA1700; LGA1851,Black,690 - 2500 RPM,No,53 mm,,Cooler Master,27.2 dB,MLX-D36M-A25PZ-R1,Yes - 360 mm
,ARCTIC Freezer 7 Pro Rev.2 45 CFM Fluid Dynamic Bearing,https://pcpartpicker.com/product/VRPfrH/arctic-freezer-7-pro-rev2-45-cfm-fluid-dynamic-bearing-cpu-cooler-freezer-7-pro-rev2,AM2; AM2+; AM3; AM3+; AM4; AM5; FM1; FM2; FM2+; LGA775; LGA1150; LGA1151; LGA1155; LGA1156; LGA1200; LGA1366,,900 - 2500 RPM,No,127 mm,,ARCTIC,,Freezer 7 Pro Rev.2; DCACO-FP701-CSA01,No
,Cooler Master Hyper 212 RGB Black Edition 57.3 CFM,https://pcpartpicker.com/product/hHDJ7P/cooler-master-hyper-212-rgb-black-edition-573-cfm-cpu-cooler-rr-212s-20pc-r1,AM2; AM2+; AM3; AM3+; AM4; AM5; FM1; FM2; FM2+; LGA1150; LGA1151; LGA1155; LGA1156; LGA1200; LGA1366; LGA1700; LGA1851; LGA2011; LGA2011-3; LGA2066,Black,650 - 2000 RPM,No,159 mm,,Cooler Master,8 - 30 dB,RR-212S-20PC-R1,No
,NZXT Kraken Z53 73.11 CFM Liquid,https://pcpartpicker.com/product/hdsnTW/nzxt-kraken-z53-7311-cfm-liquid-cpu-cooler-rl-krz53-01,AM4; AM5; sTR4; sTRX4; LGA1150; LGA1151; LGA1155; LGA1156; LGA1200; LGA1366; LGA1700; LGA1851; LGA2011; LGA2011-3; LGA2066,Black,500 - 2000 RPM,No,,,NZXT,21 - 36 dB,RL-KRZ53-01,Yes - 240 mm
,Asus ROG Ryujin III 71.6 CFM Liquid,https://pcpartpicker.com/product/Gjn9TW/asus-rog-ryujin-iii-716-cfm-liquid-cpu-cooler-90rc00l0-m0uay0,AM4; AM5; LGA1150; LGA1151; LGA1155; LGA1156; LGA1200; LGA1700; LGA1851,Black,450 - 2000 RPM,No,101 mm,,Asus,29.7 dB,90RC00L0-M0UAY0; ROG RYUJIN III 360; 90RC00L0-M0AAY0,Yes - 360 mm
,Noctua NH-D9L 46.44 CFM,https://pcpartpicker.com/product/8pgPxr/noctua-nh-d9l-4644-cfm-cpu-cooler-nh-d9l,AM2; AM2+; AM3; AM3+; AM4; AM5; FM1; FM2; FM2+; LGA1150; LGA1151; LGA1155; LGA1156; LGA1200; LGA1700; LGA1851; LGA2011; LGA2011-3; LGA2066,,400 - 2000 RPM,No,110 mm,,Noctua,16.3 - 22.8 dB,NH-D9L,No
,Thermalright Assassin X SE 32.77 CFM,https://pcpartpicker.com/product/8wZXsY/thermalright-assassin-x-se-3277-cfm-cpu-cooler-ax90se-v2,AM4; AM5; LGA1150; LGA1151; LGA1155; LGA1156; LGA1200; LGA1700; LGA1851,Black / Silver,2200 RPM,No,118 mm,,Thermalright,23.85 dB,AX90SE V2; AX90SE V2 D6; Assassin-X-90-SE-V2,No
,Asus ROG Ryujin III 70.07 CFM Liquid,https://pcpartpicker.com/product/43grxr/asus-rog-ryujin-iii-7007-cfm-liquid-cpu-cooler-rog-ryujin-iii-240-argb-wht,AM4; AM5; LGA1150; LGA1151; LGA1155; LGA1156; LGA1200; LGA1700; LGA1851,White,600 - 2200 RPM,No,,,Asus,36.45 dB,ROG RYUJIN III 240 ARGB WHT; 90RC00K2-M0UAY0; 90RC00K2-M0AAY0,Yes - 240 mm
,Thermalright Burst Assassin 66.17 CFM,https://pcpartpicker.com/product/GWpzK8/thermalright-burst-assassin-6617-cfm-cpu-cooler-ba120,AM4; AM5; LGA1150; LGA1151; LGA1155; LGA1156; LGA1200; LGA1700; LGA1851,Gray / Black,1550 RPM,No,154 mm,,Thermalright,25.6 dB,BA120; BA120-D3; BA120-D2,No
,Deepcool LT520 85.85 CFM Liquid,https://pcpartpicker.com/product/WhWzK8/deepcool-lt520-8585-cfm-liquid-cpu-cooler-r-lt520-bkamnf-g-1,AM4; AM5; LGA1150; LGA1151; LGA1155; LGA1156; LGA1200; LGA1700; LGA1851; LGA2011; LGA2011-3; LGA2066,Black / Gray,500 - 2250 RPM,No,68 mm,,Deepcool,32.9 dB,R-LT520-BKAMNF-G-1; LT520; LT520-AMAZON,Yes - 240 mm
,Deepcool AK500S DIGITAL 68.99 CFM,https://pcpartpicker.com/product/YB4Zxr/deepcool-ak500s-digital-6899-cfm-cpu-cooler-r-ak500s-whadmn-g,AM4; AM5; LGA1150; LGA1151; LGA1155; LGA1156; LGA1200; LGA1700; LGA1851,White,500 - 1850 RPM,No,160 mm,,Deepcool,28 dB,R-AK500S-WHADMN-G; AK500S Digital WH-amazon; AK500S Digital WH,No
,Thermalright Frozen Magic Scenic V2 69 CFM Liquid,https://pcpartpicker.com/product/C888TW/thermalright-frozen-magic-scenic-v2-69-cfm-liquid-cpu-cooler-frozen-magic-360-scenic-v2-d1-g2,AM2; AM2+; AM3; AM3+; AM4; AM5; FM1; FM2; FM2+; LGA1150; LGA1151; LGA1155; LGA1156; LGA1200; LGA1700; LGA1851; LGA2011; LGA2011-3; LGA2066,White,2150 RPM,No,,,Thermalright,28.1 dB,Frozen Magic 360 SCENIC V2-D1-G2,Yes - 360 mm
,Thermaltake TH360 V2 Ultra ARGB Sync 57.05 CFM Liquid,https://pcpartpicker.com/product/q33NnQ/thermaltake-th360-v2-ultra-argb-sync-5705-cfm-liquid-cpu-cooler-cl-w405-pl12sw-a,AM2; AM2+; AM3; AM3+; AM4; AM5; FM1; FM2; FM2+; LGA1150; LGA1151; LGA1155; LGA1156; LGA1200; LGA1700; LGA1851; LGA2011; LGA2011-3; LGA2066,White,500 - 1800 RPM,No,,,Thermaltake,25.8 dB,CL-W405-PL12SW-A,Yes - 360 mm
,Thermalright Core Vision ARGB 72.37 CFM Liquid,https://pcpartpicker.com/product/jp8Pxr/thermalright-core-vision-argb-7237-cfm-liquid-cpu-cooler-core-vision-360-white-argb,AM4; AM5; LGA1150; LGA1151; LGA1155; LGA1156; LGA1200; LGA1700; LGA1851; LGA2011; LGA2011-3; LGA2066,White,2000 RPM,No,66 mm,,Thermalright,27.7 dB,Core Vision 360 WHITE ARGB,Yes - 360 mm
,NZXT Kraken X63 RGB 91.19 CFM Liquid,https://pcpartpicker.com/product/cpRYcf/nzxt-kraken-x63-rgb-9119-cfm-liquid-cpu-cooler-rl-krx63-rw,AM4; AM5; sTR4; sTRX4; LGA1150; LGA1151; LGA1155; LGA1156; LGA1200; LGA1366; LGA1700; LGA1851; LGA2011; LGA2011-3; LGA2066,White / Black,500 - 1500 RPM,No,,,NZXT,22 - 33 dB,RL-KRX63-RW,Yes - 280 mm
,Corsair iCUE LINK H150i RGB 63.1 CFM Liquid,https://pcpartpicker.com/product/NBTZxr/corsair-icue-link-h150i-rgb-631-cfm-liquid-cpu-cooler-cw-9061006-ww,AM4; AM5; LGA1150; LGA1151; LGA1155; LGA1156; LGA1200; LGA1700; LGA1851,White,480 - 2400 RPM,No,,,Corsair,,CW-9061006-WW,Yes - 360 mm
,Thermaltake TH360 V2 Ultra ARGB Sync 57.05 CFM Liquid,https://pcpartpicker.com/product/q33NnQ/thermaltake-th360-v2-ultra-argb-sync-5705-cfm-liquid-cpu-cooler-cl-w405-pl12sw-a,AM2; AM2+; AM3; AM3+; AM4; AM5; FM1; FM2; FM2+; LGA1150; LGA1151; LGA1155; LGA1156; LGA1200; LGA1700; LGA1851; LGA2011; LGA2011-3; LGA2066,White,500 - 1800 RPM,No,,,Thermaltake,25.8 dB,CL-W405-PL12SW-A,Yes - 360 mm
,upHere CC2402-usa 49.7 CFM Liquid,https://pcpartpicker.com/product/XfDkcf/uphere-cc2402-usa-497-cfm-liquid-cpu-cooler-cc2402-usa,AM2; AM2+; AM3; AM3+; AM4; FM1; FM2; FM2+; LGA1150; LGA1151; LGA1155; LGA1156; LGA1200; LGA1366; LGA2011; LGA2011-3; LGA2066,Black,600 - 1700 RPM,No,,,upHere,16.1 - 27.7 dB,CC2402-usa,Yes - 240 mm
,EK AIO Basic 360 77 CFM Liquid,https://pcpartpicker.com/product/znH7YJ/ek-aio-basic-360-77-cfm-liquid-cpu-cooler-ek-aio-basic-360,AM4; AM5; LGA1150; LGA1151; LGA1155; LGA1156; LGA1200; LGA1700; LGA1851; LGA2011; LGA2011-3; LGA2066,Black,550 - 2200 RPM,No,53 mm,,EK,33.5 dB,EK-AIO Basic 360; AIO-BASIC-360; 3831109832509,Yes - 360 mm
,be quiet! Pure Rock 2 FX,https://pcpartpicker.com/product/2L3gXL/be-quiet-pure-rock-2-fx-cpu-cooler-bk033,AM4; AM5; LGA1150; LGA1151; LGA1155; LGA1156; LGA1200; LGA1700; LGA1851; LGA2011; LGA2011-3; LGA2066,Black,,No,155 mm,,be quiet!,7.9 - 24.4 dB,BK033; Pure Rock 2 FX Black,No
,Cooler Master Hyper H412R 34.1 CFM,https://pcpartpicker.com/product/vbfhP6/cooler-master-hyper-h412r-341-cfm-cpu-cooler-rr-h412-20pk-r2,AM2; AM2+; AM3; AM3+; AM4; AM5; FM1; FM2; FM2+; LGA775; LGA1150; LGA1151; LGA1155; LGA1156; LGA1200; LGA1366; LGA2011; LGA2011-3; LGA2066,Black,600 - 2000 RPM,No,136 mm,,Cooler Master,29.4 dB,RR-H412-20PK-R2,No
,Enermax ETS-F40-FS 74.33 CFM,https://pcpartpicker.com/product/47Tp99/enermax-ets-f40-fs-7433-cfm-cpu-cooler-ets-f40-bk-argb,AM2; AM2+; AM3; AM3+; AM4; AM5; FM1; FM2; FM2+; LGA1150; LGA1151; LGA1155; LGA1156; LGA1200; LGA1366; LGA1700; LGA1851; LGA2011; LGA2011-3; LGA2066,Black,300 - 1200 RPM,No,158 mm,,Enermax,10 - 23 dB,ETS-F40-BK-ARGB,No
,Cooler Master i50 34.1 CFM,https://pcpartpicker.com/product/Kk2WGX/cooler-master-i50-341-cfm-cpu-cooler-rh-i50-20fk-r1,LGA1150; LGA1151; LGA1155; LGA1156; LGA1200,Black / Silver,2000 RPM,No,60 mm,,Cooler Master,28 dB,RH-I50-20FK-R1; i50,No
,MSI MEG CORELIQUID S360 56.2 CFM Liquid,https://pcpartpicker.com/product/LGH7YJ/msi-meg-coreliquid-s360-562-cfm-liquid-cpu-cooler-meg-coreliquid-s360,AM2; AM2+; AM3; AM3+; AM4; AM5; sTR4; sTRX4; FM1; FM2; FM2+; LGA1150; LGA1151; LGA1155; LGA1156; LGA1200; LGA1700; LGA1851; LGA2011; LGA2011-3; LGA2066,Black,,No,,,MSI,22.7 dB,MEG CoreLiquid S360; 9S6-6A0521-001; CLS360,Yes - 360 mm
,ARCTIC Liquid Freezer III 420 A-RGB 69.9 CFM Liquid,https://pcpartpicker.com/product/P2GhP6/arctic-liquid-freezer-iii-420-a-rgb-699-cfm-liquid-cpu-cooler-acfre00153a,AM4; AM5; LGA1700; LGA1851,White,200 - 1900 RPM,No,,,ARCTIC,,ACFRE00153A,Yes - 420 mm
,be quiet! Pure Loop 2 FX Liquid,https://pcpartpicker.com/product/WdZ9TW/be-quiet-pure-loop-2-fx-liquid-cpu-cooler-bw014,AM4; AM5; LGA1150; LGA1151; LGA1155; LGA1156; LGA1200; LGA1700; LGA1851; LGA2011; LGA2011-3; LGA2066,Black,,No,,,be quiet!,10.8 - 32.8 dB,BW014; PURE LOOP 2 FX 280mm,Yes - 280 mm
,be quiet! Pure Rock 2 FX,https://pcpartpicker.com/product/2L3gXL/be-quiet-pure-rock-2-fx-cpu-cooler-bk033,AM4; AM5; LGA1150; LGA1151; LGA1155; LGA1156; LGA1200; LGA1700; LGA1851; LGA2011; LGA2011-3; LGA2066,Black,,No,155 mm,,be quiet!,7.9 - 24.4 dB,BK033; Pure Rock 2 FX Black,No
,NZXT Kraken X53 73.11 CFM Liquid,https://pcpartpicker.com/product/PVfFf7/nzxt-kraken-x53-7311-cfm-liquid-cpu-cooler-rl-krx53-01,AM4; AM5; sTR4; sTRX4; LGA1150; LGA1151; LGA1155; LGA1156; LGA1200; LGA1366; LGA1700; LGA1851; LGA2011; LGA2011-3; LGA2066,Black,500 - 2000 RPM,No,,,NZXT,21 - 36 dB,RL-KRX53-01,Yes - 240 mm
,be quiet! Dark Rock Slim,https://pcpartpicker.com/product/krxbt6/be-quiet-dark-rock-slim-cpu-cooler-bk024,AM2; AM2+; AM3; AM3+; AM4; AM5; FM1; FM2; FM2+; LGA1150; LGA1151; LGA1155; LGA1156; LGA1200; LGA1366; LGA1700; LGA1851; LGA2011; LGA2011-3; LGA2066,Black,1500 RPM,No,159 mm,,be quiet!,11 - 23.6 dB,BK024,No
,NZXT Kraken 280 RGB 90.79 CFM Liquid,https://pcpartpicker.com/product/JVwmP6/nzxt-kraken-280-rgb-9079-cfm-liquid-cpu-cooler-rl-kr280-w1,AM4; AM5; sTR4; sTRX4; LGA1150; LGA1151; LGA1155; LGA1156; LGA1200; LGA1700; LGA1851,White,500 - 1500 RPM,No,56 mm,,NZXT,34.48 dB,RL-KR280-W1,Yes - 280 mm
,NZXT Kraken X53 73.11 CFM Liquid,https://pcpartpicker.com/product/PVfFf7/nzxt-kraken-x53-7311-cfm-liquid-cpu-cooler-rl-krx53-01,AM4; AM5; sTR4; sTRX4; LGA1150; LGA1151; LGA1155; LGA1156; LGA1200; LGA1366; LGA1700; LGA1851; LGA2011; LGA2011-3; LGA2066,Black,500 - 2000 RPM,No,,,NZXT,21 - 36 dB,RL-KRX53-01,Yes - 240 mm
,be quiet! Dark Rock Pro 4 50.5 CFM,https://pcpartpicker.com/product/F3gzK8/be-quiet-dark-rock-pro-4-505-cfm-cpu-cooler-bk022,AM2; AM2+; AM3; AM3+; AM4; AM5; FM1; FM2; FM2+; LGA1150; LGA1151; LGA1155; LGA1156; LGA1200; LGA1366; LGA1700; LGA1851; LGA2011; LGA2011-3; LGA2066,Black,1500 RPM,No,163 mm,,be quiet!,12.8 - 24.3 dB,BK022,No
,ID-COOLING PINKFLOW 55.2 CFM Liquid,https://pcpartpicker.com/product/4x2bt6/id-cooling-pinkflow-552-cfm-liquid-cpu-cooler-pinkflow-240,AM2; AM2+; AM3; AM3+; AM4; AM5; sTR4; sTRX4; FM1; FM2; FM2+; LGA1150; LGA1151; LGA1155; LGA1156; LGA1200; LGA1366; LGA1700; LGA1851; LGA2011; LGA2011-3; LGA2066,White / Pink,900 - 2000 RPM,No,,,ID-COOLING,16.3 - 33.5 dB,PINKFLOW 240,Yes - 240 mm
,Thermalright Frozen Notte ARGB V2 72.37 CFM Liquid,https://pcpartpicker.com/product/Bw26Mp/thermalright-frozen-notte-argb-v2-7237-cfm-liquid-cpu-cooler-frozen-notte-360-white-argb-v2,AM2; AM2+; AM3; AM3+; AM4; AM5; FM1; FM2; FM2+; LGA1150; LGA1151; LGA1155; LGA1156; LGA1200; LGA1700; LGA1851; LGA2011; LGA2011-3; LGA2066,White,2000 RPM,No,54 mm,,Thermalright,27.7 dB,Frozen Notte 360 WHITE ARGB V2,Yes - 360 mm
,ARCTIC Liquid Freezer II 280 72.8 CFM Liquid,https://pcpartpicker.com/product/smDkcf/arctic-liquid-freezer-ii-280-728-cfm-liquid-cpu-cooler-acfre00066a,AM4; AM5; LGA1150; LGA1151; LGA1155; LGA1156; LGA1200; LGA1700; LGA1851; LGA2011; LGA2011-3; LGA2066,Black,200 - 1700 RPM,No,,,ARCTIC,,ACFRE00066A; ACFRE00066B,Yes - 280 mm
,ID-COOLING IS-67-XT 67.58 CFM,https://pcpartpicker.com/product/JjvD4D/id-cooling-is-67-xt-6758-cfm-cpu-cooler-is-67-xt-black,AM4; AM5; LGA1150; LGA1151; LGA1155; LGA1156; LGA1200; LGA1700; LGA1851,Black,500 - 2200 RPM,No,67 mm,,ID-COOLING,35.2 dB,IS-67-XT BLACK,No
,Thermaltake TH420 ARGB Sync 84.32 CFM Liquid,https://pcpartpicker.com/product/D2RwrH/thermaltake-th420-argb-sync-8432-cfm-liquid-cpu-cooler-cl-w369-pl14sw-a,AM2; AM2+; AM3; AM3+; AM4; AM5; FM1; FM2; FM2+; LGA1150; LGA1151; LGA1155; LGA1156; LGA1200; LGA1700; LGA1851; LGA2011; LGA2011-3; LGA2066,White,500 - 1800 RPM,No,,,Thermaltake,34.7 dB,CL-W369-PL14SW-A; CL-W369-PL14SW-B,Yes - 420 mm
,Thermaltake Contac Silent 12 74.33 CFM,https://pcpartpicker.com/product/gTGj4D/thermaltake-contac-silent-12-743-cfm-cpu-cooler-cl-p039-al12bl-a,AM2; AM2+; AM3; AM3+; AM4; FM1; FM2; FM2+; LGA775; LGA1150; LGA1151; LGA1155; LGA1156; LGA1200; LGA1366,,400 - 1500 RPM,No,153 mm,,Thermaltake,22.1 - 28.8 dB,CL-P039-AL12BL-A,No
,ID-COOLING FX360 PRO 82.5 CFM Liquid,https://pcpartpicker.com/product/kCYRsY/id-cooling-fx360-pro-825-cfm-liquid-cpu-cooler-fx360-pro,AM4; AM5; LGA1150; LGA1151; LGA1155; LGA1156; LGA1200; LGA1700; LGA1851; LGA2011; LGA2011-3; LGA2066,Black,500 - 1800 RPM,No,,,ID-COOLING,35.2 dB,FX360 PRO,Yes - 360 mm
,NZXT Kraken Z53 RGB 52.44 CFM Liquid,https://pcpartpicker.com/product/BXZ9TW/nzxt-kraken-z53-rgb-5244-cfm-liquid-cpu-cooler-rl-krz53-rw,AM4; AM5; sTR4; sTRX4; LGA1150; LGA1151; LGA1155; LGA1156; LGA1200; LGA1366; LGA1700; LGA1851; LGA2011; LGA2011-3; LGA2066,White / Black,500 - 1500 RPM,No,,,NZXT,22 - 33 dB,RL-KRZ53-RW,Yes - 240 mm
,HYTE THICC Q60 105.8 CFM Liquid,https://pcpartpicker.com/product/qrCZxr/hyte-thicc-q60-1058-cfm-liquid-cpu-cooler-fan-hyte-q60-bw,AM4; AM5; sTR4; sTRX4; LGA1150; LGA1151; LGA1155; LGA1156; LGA1200; LGA1700; LGA1851; LGA2011; LGA2011-3; LGA2066,White / Black,,No,105 mm,,HYTE,10 - 47.3 dB,FAN-HYTE-Q60-BW,Yes - 240 mm
