component_type,component_name,component_link,Core_Count,Core_Family,ECC_Support,Efficiency_Core_Boost_Clock,Efficiency_Core_Clock,Includes_CPU_Cooler,Includes_Cooler,Inferred_,Integrated_Graphics,L2_Cache,L3_Cache,Lithography,Manufacturer,Maximum_Supported_Memory,Microarchitecture,Packaging,Part_#_#,Performance_Core_Boost_Clock,Performance_Core_Clock,Series,Simultaneous_Multithreading,Socket,TDP,Thread_Count,
CPU,Intel Core i9-13900K 3 GHz 24-Core,https://pcpartpicker.com/product/DhVmP6/intel-core-i9-13900k-3-ghz-24-core-processor-bx8071513900k,24,Raptor Lake,Yes,4.3 GHz,2.2 GHz,No,No,,Intel UHD Graphics 770,32 MB,36 MB,10 nm,Intel,192 GB,Raptor Lake,Boxed,BX8071513900K; i9-13900K,5.8 GHz,3 GHz,Intel Core i9,Yes: Hyper-Threading,LGA1700,125 W,32,
,AMD Ryzen 5 8500G 4.1 GHz 6-Core,https://pcpartpicker.com/product/y3XV3C/amd-ryzen-5-8500g-41-ghz-6-core-processor-100-100000931box,6,Phoenix 2,No,3.7 GHz,3.2 GHz,Yes,Yes,,Radeon 740M,6 MB,16 MB,4 nm,AMD,,Zen 4,Boxed,100-100000931BOX,5 GHz,4.1 GHz,AMD Ryzen 5,Yes,AM5,65 W,12,
,AMD Ryzen 7 7800X3D 4.2 GHz 8-Core,https://pcpartpicker.com/product/3hyH99/amd-ryzen-7-7800x3d-42-ghz-8-core-processor-100-100000910wof,8,Raphael,Yes,,,No,No,,Radeon,8 MB,96 MB,5 nm,AMD,128 GB,Zen 4,Boxed,100-100000910WOF,5 GHz,4.2 GHz,AMD Ryzen 7,Yes,AM5,120 W,16,
,AMD Ryzen 5 7600X 4.7 GHz 6-Core,https://pcpartpicker.com/product/66C48d/amd-ryzen-5-7600x-47-ghz-6-core-processor-100-100000593wof,6,Raphael,Yes,,,No,No,,Radeon,6 MB,32 MB,5 nm,AMD,128 GB,Zen 4,Boxed,100-100000593WOF,5.3 GHz,4.7 GHz,AMD Ryzen 5,Yes,AM5,105 W,12,
,AMD Ryzen 5 7600X 4.7 GHz 6-Core,https://pcpartpicker.com/product/66C48d/amd-ryzen-5-7600x-47-ghz-6-core-processor-100-100000593wof,6,Raphael,Yes,,,No,No,,Radeon,6 MB,32 MB,5 nm,AMD,128 GB,Zen 4,Boxed,100-100000593WOF,5.3 GHz,4.7 GHz,AMD Ryzen 5,Yes,AM5,105 W,12,
,Intel Core i9-13900KF 3 GHz 24-Core,https://pcpartpicker.com/product/CgkWGX/intel-core-i9-13900kf-3-ghz-24-core-processor-bx8071513900kf,24,Raptor Lake,No,4.3 GHz,2.2 GHz,No,No,,,32 MB,36 MB,10 nm,Intel,192 GB,Raptor Lake,Boxed,BX8071513900KF; i7-13900KF,5.8 GHz,3 GHz,Intel Core i9,Yes: Hyper-Threading,LGA1700,125 W,32,
,AMD Ryzen 5 2600 3.4 GHz 6-Core,https://pcpartpicker.com/product/jLF48d/amd-ryzen-5-2600-34ghz-6-core-processor-yd2600bbafbox,6,Pinnacle Ridge,No,,,Yes,Yes,,,3 MB,15.99 MB,12 nm,AMD,64 GB,Zen+,Boxed,YD2600BBAFBOX,3.9 GHz,3.4 GHz,AMD Ryzen 5,Yes,AM4,65 W,12,
,AMD Ryzen 5 2600 3.4 GHz 6-Core,https://pcpartpicker.com/product/jLF48d/amd-ryzen-5-2600-34ghz-6-core-processor-yd2600bbafbox,6,Pinnacle Ridge,No,,,Yes,Yes,,,3 MB,15.99 MB,12 nm,AMD,64 GB,Zen+,Boxed,YD2600BBAFBOX,3.9 GHz,3.4 GHz,AMD Ryzen 5,Yes,AM4,65 W,12,
,Intel Core i7-12700KF 3.6 GHz 12-Core,https://pcpartpicker.com/product/YDM48d/intel-core-i7-12700kf-36-ghz-8-core-processor-bx8071512700kf,12,Alder Lake,No,3.8 GHz,2.7 GHz,No,No,,,12 MB,25 MB,10 nm,Intel,128 GB,Alder Lake,Boxed,BX8071512700KF,5 GHz,3.6 GHz,Intel Core i7,Yes: Hyper-Threading,LGA1700,125 W,20,
,AMD Ryzen 5 5600X 3.7 GHz 6-Core,https://pcpartpicker.com/product/g94BD3/amd-ryzen-5-5600x-37-ghz-6-core-processor-100-100000065box,6,Vermeer,No,,,Yes,Yes,,,3 MB,32 MB,7 nm,AMD,128 GB,Zen 3,Boxed,100-100000065BOX,4.6 GHz,3.7 GHz,AMD Ryzen 5,Yes,AM4,65 W,12,
,Intel Core i5-13500 2.5 GHz 14-Core,https://pcpartpicker.com/product/mtmmP6/intel-core-i5-13500-25-ghz-14-core-processor-bx8071513500,14,Raptor Lake,No,3.5 GHz,1.8 GHz,Yes,Yes,,Intel UHD Graphics 770,11.5 MB,24 MB,10 nm,Intel,192 GB,Raptor Lake,Boxed,BX8071513500,4.8 GHz,2.5 GHz,Intel Core i5,Yes: Hyper-Threading,LGA1700,65 W,20,
,AMD Ryzen 7 7800X3D 4.2 GHz 8-Core,https://pcpartpicker.com/product/3hyH99/amd-ryzen-7-7800x3d-42-ghz-8-core-processor-100-100000910wof,8,Raphael,Yes,,,No,No,,Radeon,8 MB,96 MB,5 nm,AMD,128 GB,Zen 4,Boxed,100-100000910WOF,5 GHz,4.2 GHz,AMD Ryzen 7,Yes,AM5,120 W,16,
,AMD Ryzen 9 9950X3D 4.3 GHz 16-Core,https://pcpartpicker.com/product/Pk62FT/amd-ryzen-9-9950x3d-43-ghz-16-core-processor-100-100000719wof,16,Granite Ridge,Yes,,,No,No,,Radeon,16 MB,128 MB,4 nm,AMD,192 GB,Zen 5,Boxed,100-100000719WOF,5.7 GHz,4.3 GHz,AMD Ryzen 9,Yes,AM5,170 W,32,
,AMD Ryzen 9 7950X 4.5 GHz 16-Core,https://pcpartpicker.com/product/22XJ7P/amd-ryzen-9-7950x-45-ghz-16-core-processor-100-100000514wof,16,Raphael,Yes,,,No,No,,Radeon,16 MB,64 MB,5 nm,AMD,128 GB,Zen 4,Boxed,100-100000514WOF,5.7 GHz,4.5 GHz,AMD Ryzen 9,Yes,AM5,170 W,32,
,AMD Ryzen 7 5800X 3.8 GHz 8-Core,https://pcpartpicker.com/product/qtvqqs/amd-ryzen-7-5800x-38-ghz-8-core-processor-100-100000063wof,8,Vermeer,No,,,No,No,,,4 MB,32 MB,7 nm,AMD,128 GB,Zen 3,Boxed,100-100000063WOF,4.7 GHz,3.8 GHz,AMD Ryzen 7,Yes,AM4,105 W,16,
,AMD Ryzen 5 5500 3.6 GHz 6-Core,https://pcpartpicker.com/product/yq2WGX/amd-ryzen-5-5500-36-ghz-6-core-processor-100-100000457box,6,Cezanne,No,,,Yes,Yes,,,3 MB,16 MB,7 nm,AMD,128 GB,Zen 3,Boxed,100-100000457BOX,4.2 GHz,3.6 GHz,AMD Ryzen 5,Yes,AM4,65 W,12,
,Intel Core i9-11900K 3.5 GHz 8-Core,https://pcpartpicker.com/product/mDcG3C/intel-core-i9-11900k-35-ghz-8-core-processor-bx8070811900k,8,Rocket Lake-S,No,,,No,No,,Intel UHD Graphics 750,4 MB,16 MB,14 nm,Intel,128 GB,Rocket Lake,Boxed,BX8070811900K,5.3 GHz,3.5 GHz,Intel Core i9,Yes: Hyper-Threading,LGA1200,125 W,16,
,Intel Core i5-12400F 2.5 GHz 6-Core,https://pcpartpicker.com/product/pQNxFT/intel-core-i5-12400f-25-ghz-6-core-processor-bx8071512400f,6,Alder Lake,No,,,Yes,Yes,,,7.5 MB,18 MB,10 nm,Intel,128 GB,Alder Lake,Boxed,BX8071512400F,4.4 GHz,2.5 GHz,Intel Core i5,Yes: Hyper-Threading,LGA1700,65 W,12,
,AMD Ryzen 7 9800X3D 4.7 GHz 8-Core,https://pcpartpicker.com/product/fPyH99/amd-ryzen-7-9800x3d-47-ghz-8-core-processor-100-1000001084wof,8,Granite Ridge,Yes,,,No,No,,Radeon,8 MB,96 MB,4 nm,AMD,192 GB,Zen 5,Boxed,100-1000001084WOF; AMD Ryzen 7 9800X3D; 100-100001084WOF,5.2 GHz,4.7 GHz,AMD Ryzen 7,Yes,AM5,120 W,16,
,AMD Ryzen 7 7700 3.6 GHz 8-Core,https://pcpartpicker.com/product/dXmmP6/amd-ryzen-7-7700-36-ghz-8-core-processor-100-100000592box,8,Raphael,Yes,,,Yes,Yes,,Radeon,8 MB,32 MB,5 nm,AMD,128 GB,Zen 4,Boxed,100-100000592BOX,5.3 GHz,3.6 GHz,AMD Ryzen 7,Yes,AM5,65 W,16,
,AMD Ryzen 7 5700X 3.4 GHz 8-Core,https://pcpartpicker.com/product/JmhFf7/amd-ryzen-7-5700x-34-ghz-8-core-processor-100-100000926wof,8,Vermeer,No,,,No,No,,,4 MB,32 MB,7 nm,AMD,128 GB,Zen 3,Boxed,100-100000926WOF,4.6 GHz,3.4 GHz,AMD Ryzen 7,Yes,AM4,65 W,16,
,AMD Ryzen 5 7600 3.8 GHz 6-Core,https://pcpartpicker.com/product/yXmmP6/amd-ryzen-5-7600-38-ghz-6-core-processor-100-100001015box,6,Raphael,Yes,,,Yes,Yes,,Radeon,6 MB,32 MB,5 nm,AMD,128 GB,Zen 4,Boxed,100-100001015BOX,5.1 GHz,3.8 GHz,AMD Ryzen 5,Yes,AM5,65 W,12,
,AMD Ryzen 7 5800X3D 3.4 GHz 8-Core,https://pcpartpicker.com/product/CZ3gXL/amd-ryzen-7-5800x3d-34-ghz-8-core-processor-100-100000651wof,8,Vermeer-X,No,,,No,No,,,4 MB,96 MB,7 nm,AMD,128 GB,Zen 3,Boxed,100-100000651WOF,4.5 GHz,3.4 GHz,AMD Ryzen 7,Yes,AM4,105 W,16,
,Intel Core i7-10700K 3.8 GHz 8-Core,https://pcpartpicker.com/product/yhxbt6/intel-core-i7-10700k-38-ghz-8-core-processor-bx8070110700k,8,Comet Lake,No,,,No,No,,Intel UHD Graphics 630,2 MB,16 MB,14 nm,Intel,128 GB,Comet Lake,Boxed,BX8070110700K,5.1 GHz,3.8 GHz,Intel Core i7,Yes: Hyper-Threading,LGA1200,125 W,16,
,AMD Ryzen 5 7600 3.8 GHz 6-Core,https://pcpartpicker.com/product/yXmmP6/amd-ryzen-5-7600-38-ghz-6-core-processor-100-100001015box,6,Raphael,Yes,,,Yes,Yes,,Radeon,6 MB,32 MB,5 nm,AMD,128 GB,Zen 4,Boxed,100-100001015BOX,5.1 GHz,3.8 GHz,AMD Ryzen 5,Yes,AM5,65 W,12,
,AMD Ryzen 9 9950X3D 4.3 GHz 16-Core,https://pcpartpicker.com/product/Pk62FT/amd-ryzen-9-9950x3d-43-ghz-16-core-processor-100-100000719wof,16,Granite Ridge,Yes,,,No,No,,Radeon,16 MB,128 MB,4 nm,AMD,192 GB,Zen 5,Boxed,100-100000719WOF,5.7 GHz,4.3 GHz,AMD Ryzen 9,Yes,AM5,170 W,32,
,AMD Ryzen 5 2600 3.4 GHz 6-Core,https://pcpartpicker.com/product/jLF48d/amd-ryzen-5-2600-34ghz-6-core-processor-yd2600bbafbox,6,Pinnacle Ridge,No,,,Yes,Yes,,,3 MB,15.99 MB,12 nm,AMD,64 GB,Zen+,Boxed,YD2600BBAFBOX,3.9 GHz,3.4 GHz,AMD Ryzen 5,Yes,AM4,65 W,12,
,AMD Ryzen 7 3800XT 3.9 GHz 8-Core,https://pcpartpicker.com/product/9wfFf7/amd-ryzen-7-3800xt-39-ghz-8-core-processor-100-100000279wof,8,Matisse,No,,,No,No,,,4 MB,32 MB,7 nm,AMD,128 GB,Zen 2,Boxed,100-100000279WOF,4.7 GHz,3.9 GHz,AMD Ryzen 7,Yes,AM4,105 W,16,
,AMD Ryzen 7 7700X 4.5 GHz 8-Core,https://pcpartpicker.com/product/WfqPxr/amd-ryzen-7-7700x-45-ghz-8-core-processor-100-100000591wof,8,Raphael,Yes,,,No,No,,Radeon,8 MB,32 MB,5 nm,AMD,128 GB,Zen 4,Boxed,100-100000591WOF,5.4 GHz,4.5 GHz,AMD Ryzen 7,Yes,AM5,105 W,16,
,AMD Ryzen 7 7800X3D 4.2 GHz 8-Core,https://pcpartpicker.com/product/3hyH99/amd-ryzen-7-7800x3d-42-ghz-8-core-processor-100-100000910wof,8,Raphael,Yes,,,No,No,,Radeon,8 MB,96 MB,5 nm,AMD,128 GB,Zen 4,Boxed,100-100000910WOF,5 GHz,4.2 GHz,AMD Ryzen 7,Yes,AM5,120 W,16,
,Intel Core i7-7700K 4.2 GHz Quad-Core,https://pcpartpicker.com/product/VKx9TW/intel-core-i7-7700k-42ghz-quad-core-processor-bx80677i77700k,4,Kaby Lake-S,No,,,No,No,,Intel HD Graphics 630,1 MB,8 MB,14 nm,Intel,64 GB,Kaby Lake,Boxed,BX80677I77700K,4.5 GHz,4.2 GHz,Intel Core i7,Yes: Hyper-Threading,LGA1151,91 W,8,
,Intel Core i7-8700K 3.7 GHz 6-Core,https://pcpartpicker.com/product/sxDzK8/intel-core-i7-8700k-37ghz-6-core-processor-bx80684i78700k,6,Coffee Lake,No,,,No,No,,Intel UHD Graphics 630,1.5 MB,12 MB,14 nm,Intel,128 GB,Coffee Lake,Boxed,BX80684I78700K,4.7 GHz,3.7 GHz,Intel Core i7,Yes: Hyper-Threading,LGA1151,95 W,12,
,AMD Ryzen 7 3700X 3.6 GHz 8-Core,https://pcpartpicker.com/product/QKJtt6/amd-ryzen-7-3700x-36-ghz-8-core-processor-100-100000071box,8,Matisse,No,,,Yes,Yes,,,4 MB,32 MB,7 nm,AMD,128 GB,Zen 2,Boxed,Ryzen 7 3700X; 100-100000071BOX,4.4 GHz,3.6 GHz,AMD Ryzen 7,Yes,AM4,65 W,16,
,AMD Ryzen 5 5600X 3.7 GHz 6-Core,https://pcpartpicker.com/product/g94BD3/amd-ryzen-5-5600x-37-ghz-6-core-processor-100-100000065box,6,Vermeer,No,,,Yes,Yes,,,3 MB,32 MB,7 nm,AMD,128 GB,Zen 3,Boxed,100-100000065BOX,4.6 GHz,3.7 GHz,AMD Ryzen 5,Yes,AM4,65 W,12,
,AMD Ryzen 5 5600X 3.7 GHz 6-Core,https://pcpartpicker.com/product/g94BD3/amd-ryzen-5-5600x-37-ghz-6-core-processor-100-100000065box,6,Vermeer,No,,,Yes,Yes,,,3 MB,32 MB,7 nm,AMD,128 GB,Zen 3,Boxed,100-100000065BOX,4.6 GHz,3.7 GHz,AMD Ryzen 5,Yes,AM4,65 W,12,
,Intel Core i7-10700F 2.9 GHz 8-Core,https://pcpartpicker.com/product/PCvqqs/intel-core-i7-10700f-29-ghz-8-core-processor-bx8070110700f,8,Comet Lake,No,,,Yes,Yes,,,2 MB,16 MB,14 nm,Intel,128 GB,Comet Lake,Boxed,BX8070110700F,4.8 GHz,2.9 GHz,Intel Core i7,Yes: Hyper-Threading,LGA1200,65 W,16,
,Intel Core i9-12900K 3.2 GHz 16-Core,https://pcpartpicker.com/product/gGH7YJ/intel-core-i9-12900k-32-ghz-8-core-processor-bx8071512900k,16,Alder Lake,No,3.9 GHz,2.4 GHz,No,No,,Intel UHD Graphics 770,14 MB,30 MB,10 nm,Intel,128 GB,Alder Lake,Boxed,BX8071512900K,5.2 GHz,3.2 GHz,Intel Core i9,Yes: Hyper-Threading,LGA1700,125 W,24,
,AMD Ryzen 7 5800X 3.8 GHz 8-Core,https://pcpartpicker.com/product/qtvqqs/amd-ryzen-7-5800x-38-ghz-8-core-processor-100-100000063wof,8,Vermeer,No,,,No,No,,,4 MB,32 MB,7 nm,AMD,128 GB,Zen 3,Boxed,100-100000063WOF,4.7 GHz,3.8 GHz,AMD Ryzen 7,Yes,AM4,105 W,16,
,AMD Ryzen 9 7900 3.6 GHz 12-Core,https://pcpartpicker.com/product/P3cG3C/amd-ryzen-9-7900-36-ghz-12-core-processor-100-100000590box,12,Raphael,Yes,,,Yes,Yes,,Radeon,12 MB,64 MB,5 nm,AMD,128 GB,Zen 4,Boxed,100-100000590BOX,5.4 GHz,3.6 GHz,AMD Ryzen 9,Yes,AM5,65 W,24,
,Intel Core i7-13700K 3.4 GHz 16-Core,https://pcpartpicker.com/product/Mm6p99/intel-core-i7-13700k-34-ghz-16-core-processor-bx8071513700k,16,Raptor Lake,Yes,4.2 GHz,2.5 GHz,No,No,,Intel UHD Graphics 770,24 MB,30 MB,10 nm,Intel,192 GB,Raptor Lake,Boxed,BX8071513700K; i7-13700K,5.4 GHz,3.4 GHz,Intel Core i7,Yes: Hyper-Threading,LGA1700,125 W,24,
,AMD Ryzen 9 7900X3D 4.4 GHz 12-Core,https://pcpartpicker.com/product/XccgXL/amd-ryzen-9-7900x3d-44-ghz-12-core-processor-100-100000909wof,12,Raphael,Yes,,,No,No,,Radeon,12 MB,128 MB,5 nm,AMD,128 GB,Zen 4,Boxed,100-100000909WOF,5.6 GHz,4.4 GHz,AMD Ryzen 9,Yes,AM5,120 W,24,
,AMD Ryzen 7 7800X3D 4.2 GHz 8-Core,https://pcpartpicker.com/product/3hyH99/amd-ryzen-7-7800x3d-42-ghz-8-core-processor-100-100000910wof,8,Raphael,Yes,,,No,No,,Radeon,8 MB,96 MB,5 nm,AMD,128 GB,Zen 4,Boxed,100-100000910WOF,5 GHz,4.2 GHz,AMD Ryzen 7,Yes,AM5,120 W,16,
,AMD Ryzen 5 7600X 4.7 GHz 6-Core,https://pcpartpicker.com/product/66C48d/amd-ryzen-5-7600x-47-ghz-6-core-processor-100-100000593wof,6,Raphael,Yes,,,No,No,,Radeon,6 MB,32 MB,5 nm,AMD,128 GB,Zen 4,Boxed,100-100000593WOF,5.3 GHz,4.7 GHz,AMD Ryzen 5,Yes,AM5,105 W,12,
,Intel Core Ultra 7 265K 3.9 GHz 20-Core,https://pcpartpicker.com/product/mBsV3C/intel-core-ultra-7-265k-39-ghz-20-core-processor-bx80768265k,20,Arrow Lake,Yes,4.6 GHz,3.3 GHz,No,No,,Intel Xe,36 MB,30 MB,3 nm,Intel,256 GB,Arrow Lake,Boxed,BX80768265K,5.5 GHz,3.9 GHz,Intel Core Ultra 7,No,LGA1851,125 W,20,
,Intel Core i5-14500 2.6 GHz 14-Core,https://pcpartpicker.com/product/KwXV3C/intel-core-i5-14500-26-ghz-14-core-processor-bx8071514500,14,Raptor Lake Refresh,Yes,3.7 GHz,1.9 GHz,Yes,Yes,,Intel UHD Graphics 770,11.5 MB,24 MB,7 nm,Intel,192 GB,Raptor Lake Refresh,Boxed,BX8071514500,5 GHz,2.6 GHz,Intel Core i5,Yes: Hyper-Threading,LGA1700,65 W,20,
,Intel Core i9-14900KF 3.2 GHz 24-Core,https://pcpartpicker.com/product/YJRwrH/intel-core-i9-14900kf-32-ghz-24-core-processor-bx8071514900kf,24,Raptor Lake Refresh,Yes,4.4 GHz,2.4 GHz,No,No,,,32 MB,36 MB,7 nm,Intel,192 GB,Raptor Lake Refresh,Boxed,BX8071514900KF,6 GHz,3.2 GHz,Intel Core i9,Yes: Hyper-Threading,LGA1700,125 W,32,
,AMD Ryzen 7 7800X3D 4.2 GHz 8-Core,https://pcpartpicker.com/product/3hyH99/amd-ryzen-7-7800x3d-42-ghz-8-core-processor-100-100000910wof,8,Raphael,Yes,,,No,No,,Radeon,8 MB,96 MB,5 nm,AMD,128 GB,Zen 4,Boxed,100-100000910WOF,5 GHz,4.2 GHz,AMD Ryzen 7,Yes,AM5,120 W,16,
,AMD Ryzen 7 9800X3D 4.7 GHz 8-Core,https://pcpartpicker.com/product/fPyH99/amd-ryzen-7-9800x3d-47-ghz-8-core-processor-100-1000001084wof,8,Granite Ridge,Yes,,,No,No,,Radeon,8 MB,96 MB,4 nm,AMD,192 GB,Zen 5,Boxed,100-1000001084WOF; AMD Ryzen 7 9800X3D; 100-100001084WOF,5.2 GHz,4.7 GHz,AMD Ryzen 7,Yes,AM5,120 W,16,
,AMD Ryzen 7 7800X3D 4.2 GHz 8-Core,https://pcpartpicker.com/product/3hyH99/amd-ryzen-7-7800x3d-42-ghz-8-core-processor-100-100000910wof,8,Raphael,Yes,,,No,No,,Radeon,8 MB,96 MB,5 nm,AMD,128 GB,Zen 4,Boxed,100-100000910WOF,5 GHz,4.2 GHz,AMD Ryzen 7,Yes,AM5,120 W,16,
,AMD Ryzen 7 7800X3D 4.2 GHz 8-Core,https://pcpartpicker.com/product/3hyH99/amd-ryzen-7-7800x3d-42-ghz-8-core-processor-100-100000910wof,8,Raphael,Yes,,,No,No,,Radeon,8 MB,96 MB,5 nm,AMD,128 GB,Zen 4,Boxed,100-100000910WOF,5 GHz,4.2 GHz,AMD Ryzen 7,Yes,AM5,120 W,16,
,AMD Ryzen 7 7800X3D 4.2 GHz 8-Core,https://pcpartpicker.com/product/3hyH99/amd-ryzen-7-7800x3d-42-ghz-8-core-processor-100-100000910wof,8,Raphael,Yes,,,No,No,,Radeon,8 MB,96 MB,5 nm,AMD,128 GB,Zen 4,Boxed,100-100000910WOF,5 GHz,4.2 GHz,AMD Ryzen 7,Yes,AM5,120 W,16,
,AMD Ryzen 7 9800X3D 4.7 GHz 8-Core,https://pcpartpicker.com/product/fPyH99/amd-ryzen-7-9800x3d-47-ghz-8-core-processor-100-1000001084wof,8,Granite Ridge,Yes,,,No,No,,Radeon,8 MB,96 MB,4 nm,AMD,192 GB,Zen 5,Boxed,100-1000001084WOF; AMD Ryzen 7 9800X3D; 100-100001084WOF,5.2 GHz,4.7 GHz,AMD Ryzen 7,Yes,AM5,120 W,16,
,AMD Ryzen 7 9800X3D 4.7 GHz 8-Core,https://pcpartpicker.com/product/fPyH99/amd-ryzen-7-9800x3d-47-ghz-8-core-processor-100-1000001084wof,8,Granite Ridge,Yes,,,No,No,,Radeon,8 MB,96 MB,4 nm,AMD,192 GB,Zen 5,Boxed,100-1000001084WOF; AMD Ryzen 7 9800X3D; 100-100001084WOF,5.2 GHz,4.7 GHz,AMD Ryzen 7,Yes,AM5,120 W,16,
,AMD Ryzen 5 5600X 3.7 GHz 6-Core,https://pcpartpicker.com/product/g94BD3/amd-ryzen-5-5600x-37-ghz-6-core-processor-100-100000065box,6,Vermeer,No,,,Yes,Yes,,,3 MB,32 MB,7 nm,AMD,128 GB,Zen 3,Boxed,100-100000065BOX,4.6 GHz,3.7 GHz,AMD Ryzen 5,Yes,AM4,65 W,12,
,AMD Ryzen 7 9800X3D 4.7 GHz 8-Core,https://pcpartpicker.com/product/fPyH99/amd-ryzen-7-9800x3d-47-ghz-8-core-processor-100-1000001084wof,8,Granite Ridge,Yes,,,No,No,,Radeon,8 MB,96 MB,4 nm,AMD,192 GB,Zen 5,Boxed,100-1000001084WOF; AMD Ryzen 7 9800X3D; 100-100001084WOF,5.2 GHz,4.7 GHz,AMD Ryzen 7,Yes,AM5,120 W,16,
,AMD Ryzen 7 9700X 3.8 GHz 8-Core,https://pcpartpicker.com/product/YMzXsY/amd-ryzen-7-9700x-38-ghz-8-core-processor-100-100001404wof,8,Granite Ridge,Yes,,,No,No,,Radeon,8 MB,32 MB,4 nm,AMD,192 GB,Zen 5,Boxed,100-100001404WOF,5.5 GHz,3.8 GHz,AMD Ryzen 7,Yes,AM5,65 W,16,
,AMD Ryzen 7 9800X3D 4.7 GHz 8-Core,https://pcpartpicker.com/product/fPyH99/amd-ryzen-7-9800x3d-47-ghz-8-core-processor-100-1000001084wof,8,Granite Ridge,Yes,,,No,No,,Radeon,8 MB,96 MB,4 nm,AMD,192 GB,Zen 5,Boxed,100-1000001084WOF; AMD Ryzen 7 9800X3D; 100-100001084WOF,5.2 GHz,4.7 GHz,AMD Ryzen 7,Yes,AM5,120 W,16,
,AMD Ryzen 5 7600X 4.7 GHz 6-Core,https://pcpartpicker.com/product/66C48d/amd-ryzen-5-7600x-47-ghz-6-core-processor-100-100000593wof,6,Raphael,Yes,,,No,No,,Radeon,6 MB,32 MB,5 nm,AMD,128 GB,Zen 4,Boxed,100-100000593WOF,5.3 GHz,4.7 GHz,AMD Ryzen 5,Yes,AM5,105 W,12,
,AMD Ryzen 9 9950X3D 4.3 GHz 16-Core,https://pcpartpicker.com/product/Pk62FT/amd-ryzen-9-9950x3d-43-ghz-16-core-processor-100-100000719wof,16,Granite Ridge,Yes,,,No,No,,Radeon,16 MB,128 MB,4 nm,AMD,192 GB,Zen 5,Boxed,100-100000719WOF,5.7 GHz,4.3 GHz,AMD Ryzen 9,Yes,AM5,170 W,32,
,AMD Ryzen 7 9800X3D 4.7 GHz 8-Core,https://pcpartpicker.com/product/fPyH99/amd-ryzen-7-9800x3d-47-ghz-8-core-processor-100-1000001084wof,8,Granite Ridge,Yes,,,No,No,,Radeon,8 MB,96 MB,4 nm,AMD,192 GB,Zen 5,Boxed,100-1000001084WOF; AMD Ryzen 7 9800X3D; 100-100001084WOF,5.2 GHz,4.7 GHz,AMD Ryzen 7,Yes,AM5,120 W,16,
,AMD Ryzen 7 7800X3D 4.2 GHz 8-Core,https://pcpartpicker.com/product/3hyH99/amd-ryzen-7-7800x3d-42-ghz-8-core-processor-100-100000910wof,8,Raphael,Yes,,,No,No,,Radeon,8 MB,96 MB,5 nm,AMD,128 GB,Zen 4,Boxed,100-100000910WOF,5 GHz,4.2 GHz,AMD Ryzen 7,Yes,AM5,120 W,16,
,AMD Ryzen 9 9950X3D 4.3 GHz 16-Core,https://pcpartpicker.com/product/Pk62FT/amd-ryzen-9-9950x3d-43-ghz-16-core-processor-100-100000719wof,16,Granite Ridge,Yes,,,No,No,,Radeon,16 MB,128 MB,4 nm,AMD,192 GB,Zen 5,Boxed,100-100000719WOF,5.7 GHz,4.3 GHz,AMD Ryzen 9,Yes,AM5,170 W,32,
,AMD Ryzen 5 7600 3.8 GHz 6-Core,https://pcpartpicker.com/product/yXmmP6/amd-ryzen-5-7600-38-ghz-6-core-processor-100-100001015box,6,Raphael,Yes,,,Yes,Yes,,Radeon,6 MB,32 MB,5 nm,AMD,128 GB,Zen 4,Boxed,100-100001015BOX,5.1 GHz,3.8 GHz,AMD Ryzen 5,Yes,AM5,65 W,12,
,AMD Ryzen 7 9800X3D 4.7 GHz 8-Core,https://pcpartpicker.com/product/fPyH99/amd-ryzen-7-9800x3d-47-ghz-8-core-processor-100-1000001084wof,8,Granite Ridge,Yes,,,No,No,,Radeon,8 MB,96 MB,4 nm,AMD,192 GB,Zen 5,Boxed,100-1000001084WOF; AMD Ryzen 7 9800X3D; 100-100001084WOF,5.2 GHz,4.7 GHz,AMD Ryzen 7,Yes,AM5,120 W,16,
,AMD Ryzen 7 9800X3D 4.7 GHz 8-Core,https://pcpartpicker.com/product/fPyH99/amd-ryzen-7-9800x3d-47-ghz-8-core-processor-100-1000001084wof,8,Granite Ridge,Yes,,,No,No,,Radeon,8 MB,96 MB,4 nm,AMD,192 GB,Zen 5,Boxed,100-1000001084WOF; AMD Ryzen 7 9800X3D; 100-100001084WOF,5.2 GHz,4.7 GHz,AMD Ryzen 7,Yes,AM5,120 W,16,
,AMD Ryzen 7 9800X3D 4.7 GHz 8-Core,https://pcpartpicker.com/product/fPyH99/amd-ryzen-7-9800x3d-47-ghz-8-core-processor-100-1000001084wof,8,Granite Ridge,Yes,,,No,No,,Radeon,8 MB,96 MB,4 nm,AMD,192 GB,Zen 5,Boxed,100-1000001084WOF; AMD Ryzen 7 9800X3D; 100-100001084WOF,5.2 GHz,4.7 GHz,AMD Ryzen 7,Yes,AM5,120 W,16,
,AMD Ryzen 7 7700X 4.5 GHz 8-Core,https://pcpartpicker.com/product/WfqPxr/amd-ryzen-7-7700x-45-ghz-8-core-processor-100-100000591wof,8,Raphael,Yes,,,No,No,,Radeon,8 MB,32 MB,5 nm,AMD,128 GB,Zen 4,Boxed,100-100000591WOF,5.4 GHz,4.5 GHz,AMD Ryzen 7,Yes,AM5,105 W,16,
,AMD Ryzen 7 9700X 3.8 GHz 8-Core,https://pcpartpicker.com/product/YMzXsY/amd-ryzen-7-9700x-38-ghz-8-core-processor-100-100001404wof,8,Granite Ridge,Yes,,,No,No,,Radeon,8 MB,32 MB,4 nm,AMD,192 GB,Zen 5,Boxed,100-100001404WOF,5.5 GHz,3.8 GHz,AMD Ryzen 7,Yes,AM5,65 W,16,
,AMD Ryzen 7 9800X3D 4.7 GHz 8-Core,https://pcpartpicker.com/product/fPyH99/amd-ryzen-7-9800x3d-47-ghz-8-core-processor-100-1000001084wof,8,Granite Ridge,Yes,,,No,No,,Radeon,8 MB,96 MB,4 nm,AMD,192 GB,Zen 5,Boxed,100-1000001084WOF; AMD Ryzen 7 9800X3D; 100-100001084WOF,5.2 GHz,4.7 GHz,AMD Ryzen 7,Yes,AM5,120 W,16,
,AMD Ryzen 9 9900X3D 4.4 GHz 12-Core,https://pcpartpicker.com/product/d7TFf7/amd-ryzen-9-9900x3d-44-ghz-12-core-processor-100-1000001368wof,12,Granite Ridge,Yes,,,No,No,,Radeon,12 MB,128 MB,4 nm,AMD,192 GB,Zen 5,Boxed,100-1000001368WOF; AMD-Ryzen-9-9900X3D; 100-100001368WOF,5.5 GHz,4.4 GHz,AMD Ryzen 9,Yes,AM5,120 W,24,
,AMD Ryzen 9 7950X3D 4.2 GHz 16-Core,https://pcpartpicker.com/product/X6XV3C/amd-ryzen-9-7950x3d-42-ghz-16-core-processor-100-100000908wof,16,Raphael,Yes,,,No,No,,Radeon,16 MB,128 MB,5 nm,AMD,128 GB,Zen 4,Boxed,100-100000908WOF,5.7 GHz,4.2 GHz,AMD Ryzen 9,Yes,AM5,120 W,32,
,Intel Core Ultra 7 265KF 3.9 GHz 20-Core,https://pcpartpicker.com/product/8myH99/intel-core-ultra-7-265kf-39-ghz-20-core-processor-bx80768265kf,20,Arrow Lake,No,4.6 GHz,3.3 GHz,No,No,,,36 MB,30 MB,3 nm,Intel,256 GB,Arrow Lake,Boxed,BX80768265KF,5.5 GHz,3.9 GHz,Intel Core Ultra 7,No,LGA1851,125 W,20,
,Intel Core i5-10600K 4.1 GHz 6-Core,https://pcpartpicker.com/product/HcPgXL/intel-core-i5-10600k-41-ghz-6-core-processor-bx8070110600k,6,Comet Lake,No,,,No,No,,Intel UHD Graphics 630,1.5 MB,12 MB,14 nm,Intel,128 GB,Comet Lake,Boxed,BX8070110600K,4.8 GHz,4.1 GHz,Intel Core i5,Yes: Hyper-Threading,LGA1200,125 W,12,
,Intel Core i5-10600K 4.1 GHz 6-Core,https://pcpartpicker.com/product/HcPgXL/intel-core-i5-10600k-41-ghz-6-core-processor-bx8070110600k,6,Comet Lake,No,,,No,No,,Intel UHD Graphics 630,1.5 MB,12 MB,14 nm,Intel,128 GB,Comet Lake,Boxed,BX8070110600K,4.8 GHz,4.1 GHz,Intel Core i5,Yes: Hyper-Threading,LGA1200,125 W,12,
,Intel Core i5-7400 3 GHz Quad-Core,https://pcpartpicker.com/product/qnM323/intel-core-i5-7400-30ghz-quad-core-processor-bx80677i57400,4,Kaby Lake-S,No,,,Yes,Yes,,Intel HD Graphics 630,1 MB,6 MB,14 nm,Intel,64 GB,Kaby Lake,Boxed,BX80677I57400,3.5 GHz,3 GHz,Intel Core i5,No,LGA1151,65 W,4,
,AMD Ryzen 5 7600 3.8 GHz 6-Core,https://pcpartpicker.com/product/yXmmP6/amd-ryzen-5-7600-38-ghz-6-core-processor-100-100001015box,6,Raphael,Yes,,,Yes,Yes,,Radeon,6 MB,32 MB,5 nm,AMD,128 GB,Zen 4,Boxed,100-100001015BOX,5.1 GHz,3.8 GHz,AMD Ryzen 5,Yes,AM5,65 W,12,
,AMD Ryzen 5 5600 3.5 GHz 6-Core,https://pcpartpicker.com/product/PgcG3C/amd-ryzen-5-5600-36-ghz-6-core-processor-100-100000927box,6,Vermeer,No,,,Yes,Yes,,,3 MB,32 MB,7 nm,AMD,128 GB,Zen 3,Boxed,100-100000927BOX,4.4 GHz,3.5 GHz,AMD Ryzen 5,Yes,AM4,65 W,12,
,AMD Ryzen 9 7950X3D 4.2 GHz 16-Core,https://pcpartpicker.com/product/X6XV3C/amd-ryzen-9-7950x3d-42-ghz-16-core-processor-100-100000908wof,16,Raphael,Yes,,,No,No,,Radeon,16 MB,128 MB,5 nm,AMD,128 GB,Zen 4,Boxed,100-100000908WOF,5.7 GHz,4.2 GHz,AMD Ryzen 9,Yes,AM5,120 W,32,
,AMD Ryzen 5 5600X 3.7 GHz 6-Core,https://pcpartpicker.com/product/g94BD3/amd-ryzen-5-5600x-37-ghz-6-core-processor-100-100000065box,6,Vermeer,No,,,Yes,Yes,,,3 MB,32 MB,7 nm,AMD,128 GB,Zen 3,Boxed,100-100000065BOX,4.6 GHz,3.7 GHz,AMD Ryzen 5,Yes,AM4,65 W,12,
,AMD Ryzen 5 5600X 3.7 GHz 6-Core,https://pcpartpicker.com/product/g94BD3/amd-ryzen-5-5600x-37-ghz-6-core-processor-100-100000065box,6,Vermeer,No,,,Yes,Yes,,,3 MB,32 MB,7 nm,AMD,128 GB,Zen 3,Boxed,100-100000065BOX,4.6 GHz,3.7 GHz,AMD Ryzen 5,Yes,AM4,65 W,12,
,Intel Core i5-12400F 2.5 GHz 6-Core,https://pcpartpicker.com/product/pQNxFT/intel-core-i5-12400f-25-ghz-6-core-processor-bx8071512400f,6,Alder Lake,No,,,Yes,Yes,,,7.5 MB,18 MB,10 nm,Intel,128 GB,Alder Lake,Boxed,BX8071512400F,4.4 GHz,2.5 GHz,Intel Core i5,Yes: Hyper-Threading,LGA1700,65 W,12,
,AMD Ryzen 7 9700X 3.8 GHz 8-Core,https://pcpartpicker.com/product/YMzXsY/amd-ryzen-7-9700x-38-ghz-8-core-processor-100-100001404wof,8,Granite Ridge,Yes,,,No,No,,Radeon,8 MB,32 MB,4 nm,AMD,192 GB,Zen 5,Boxed,100-100001404WOF,5.5 GHz,3.8 GHz,AMD Ryzen 7,Yes,AM5,65 W,16,
,AMD Ryzen 7 9700X 3.8 GHz 8-Core,https://pcpartpicker.com/product/YMzXsY/amd-ryzen-7-9700x-38-ghz-8-core-processor-100-100001404wof,8,Granite Ridge,Yes,,,No,No,,Radeon,8 MB,32 MB,4 nm,AMD,192 GB,Zen 5,Boxed,100-100001404WOF,5.5 GHz,3.8 GHz,AMD Ryzen 7,Yes,AM5,65 W,16,
,AMD Ryzen 9 9900X3D 4.4 GHz 12-Core,https://pcpartpicker.com/product/d7TFf7/amd-ryzen-9-9900x3d-44-ghz-12-core-processor-100-1000001368wof,12,Granite Ridge,Yes,,,No,No,,Radeon,12 MB,128 MB,4 nm,AMD,192 GB,Zen 5,Boxed,100-1000001368WOF; AMD-Ryzen-9-9900X3D; 100-100001368WOF,5.5 GHz,4.4 GHz,AMD Ryzen 9,Yes,AM5,120 W,24,
,AMD Ryzen 9 7950X3D 4.2 GHz 16-Core,https://pcpartpicker.com/product/X6XV3C/amd-ryzen-9-7950x3d-42-ghz-16-core-processor-100-100000908wof,16,Raphael,Yes,,,No,No,,Radeon,16 MB,128 MB,5 nm,AMD,128 GB,Zen 4,Boxed,100-100000908WOF,5.7 GHz,4.2 GHz,AMD Ryzen 9,Yes,AM5,120 W,32,
,Intel Core Ultra 7 265KF 3.9 GHz 20-Core,https://pcpartpicker.com/product/8myH99/intel-core-ultra-7-265kf-39-ghz-20-core-processor-bx80768265kf,20,Arrow Lake,No,4.6 GHz,3.3 GHz,No,No,,,36 MB,30 MB,3 nm,Intel,256 GB,Arrow Lake,Boxed,BX80768265KF,5.5 GHz,3.9 GHz,Intel Core Ultra 7,No,LGA1851,125 W,20,
,Intel Core i5-10600K 4.1 GHz 6-Core,https://pcpartpicker.com/product/HcPgXL/intel-core-i5-10600k-41-ghz-6-core-processor-bx8070110600k,6,Comet Lake,No,,,No,No,,Intel UHD Graphics 630,1.5 MB,12 MB,14 nm,Intel,128 GB,Comet Lake,Boxed,BX8070110600K,4.8 GHz,4.1 GHz,Intel Core i5,Yes: Hyper-Threading,LGA1200,125 W,12,
,Intel Core i5-10600K 4.1 GHz 6-Core,https://pcpartpicker.com/product/HcPgXL/intel-core-i5-10600k-41-ghz-6-core-processor-bx8070110600k,6,Comet Lake,No,,,No,No,,Intel UHD Graphics 630,1.5 MB,12 MB,14 nm,Intel,128 GB,Comet Lake,Boxed,BX8070110600K,4.8 GHz,4.1 GHz,Intel Core i5,Yes: Hyper-Threading,LGA1200,125 W,12,
,Intel Core i5-7400 3 GHz Quad-Core,https://pcpartpicker.com/product/qnM323/intel-core-i5-7400-30ghz-quad-core-processor-bx80677i57400,4,Kaby Lake-S,No,,,Yes,Yes,,Intel HD Graphics 630,1 MB,6 MB,14 nm,Intel,64 GB,Kaby Lake,Boxed,BX80677I57400,3.5 GHz,3 GHz,Intel Core i5,No,LGA1151,65 W,4,
,AMD Ryzen 5 5600 3.5 GHz 6-Core,https://pcpartpicker.com/product/PgcG3C/amd-ryzen-5-5600-36-ghz-6-core-processor-100-100000927box,6,Vermeer,No,,,Yes,Yes,,,3 MB,32 MB,7 nm,AMD,128 GB,Zen 3,Boxed,100-100000927BOX,4.4 GHz,3.5 GHz,AMD Ryzen 5,Yes,AM4,65 W,12,
,AMD Ryzen 9 7950X3D 4.2 GHz 16-Core,https://pcpartpicker.com/product/X6XV3C/amd-ryzen-9-7950x3d-42-ghz-16-core-processor-100-100000908wof,16,Raphael,Yes,,,No,No,,Radeon,16 MB,128 MB,5 nm,AMD,128 GB,Zen 4,Boxed,100-100000908WOF,5.7 GHz,4.2 GHz,AMD Ryzen 9,Yes,AM5,120 W,32,
,AMD Ryzen 5 3600 3.6 GHz 6-Core,https://pcpartpicker.com/product/9nm323/amd-ryzen-5-3600-36-thz-6-core-processor-100-100000031box,6,Matisse,No,,,Yes,Yes,,,3 MB,32 MB,7 nm,AMD,128 GB,Zen 2,Boxed,Ryzen 5 3600; 100-100000031BOX,4.2 GHz,3.6 GHz,AMD Ryzen 5,Yes,AM4,65 W,12,
,Intel Core i9-14900K 3.2 GHz 24-Core,https://pcpartpicker.com/product/ZLjRsY/intel-core-i9-14900k-32-ghz-24-core-processor-bx8071514900k,24,Raptor Lake Refresh,Yes,4.4 GHz,2.4 GHz,No,No,,Intel UHD Graphics 770,32 MB,36 MB,7 nm,Intel,192 GB,Raptor Lake Refresh,Boxed,BX8071514900K,6 GHz,3.2 GHz,Intel Core i9,Yes: Hyper-Threading,LGA1700,125 W,32,
,Intel Core i9-14900K 3.2 GHz 24-Core,https://pcpartpicker.com/product/ZLjRsY/intel-core-i9-14900k-32-ghz-24-core-processor-bx8071514900k,24,Raptor Lake Refresh,Yes,4.4 GHz,2.4 GHz,No,No,,Intel UHD Graphics 770,32 MB,36 MB,7 nm,Intel,192 GB,Raptor Lake Refresh,Boxed,BX8071514900K,6 GHz,3.2 GHz,Intel Core i9,Yes: Hyper-Threading,LGA1700,125 W,32,
,Intel Core i9-14900K 3.2 GHz 24-Core,https://pcpartpicker.com/product/ZLjRsY/intel-core-i9-14900k-32-ghz-24-core-processor-bx8071514900k,24,Raptor Lake Refresh,Yes,4.4 GHz,2.4 GHz,No,No,,Intel UHD Graphics 770,32 MB,36 MB,7 nm,Intel,192 GB,Raptor Lake Refresh,Boxed,BX8071514900K,6 GHz,3.2 GHz,Intel Core i9,Yes: Hyper-Threading,LGA1700,125 W,32,
,AMD Ryzen 5 3500 3.6 GHz 6-Core,https://pcpartpicker.com/product/ZKqBD3/amd-ryzen-5-3500-36-ghz-6-core-processor-100-000000050,6,Matisse,No,,,Yes,Yes,,,3 MB,32 MB,7 nm,AMD,128 GB,Zen 2,Boxed,100-000000050,4.1 GHz,3.6 GHz,AMD Ryzen 5,No,AM4,65 W,6,
,AMD Ryzen 5 7600X3D 4.1 GHz 6-Core,https://pcpartpicker.com/product/RVhv6h/amd-ryzen-5-7600x3d-41-ghz-6-core-processor-100-100001721wof,6,Raphael,Yes,,,No,No,,Radeon,6 MB,96 MB,5 nm,AMD,128 GB,Zen 4,Boxed,100-100001721WOF,4.7 GHz,4.1 GHz,AMD Ryzen 5,Yes,AM5,65 W,12,
,AMD Ryzen 9 7900X 4.7 GHz 12-Core,https://pcpartpicker.com/product/bwxRsY/amd-ryzen-9-7900x-47-ghz-12-core-processor-100-100000589wof,12,Raphael,Yes,,,No,No,,Radeon,12 MB,64 MB,5 nm,AMD,128 GB,Zen 4,Boxed,100-100000589WOF,5.6 GHz,4.7 GHz,AMD Ryzen 9,Yes,AM5,170 W,24,
,AMD Ryzen 5 7500F 3.7 GHz 6-Core OEM/Tray,https://pcpartpicker.com/product/ms4Zxr/amd-ryzen-5-7500f-37-ghz-6-core-oemtray-processor-100-000000597,6,Raphael,Yes,,,No,No,,,6 MB,32 MB,5 nm,AMD,128 GB,Zen 4,OEM/Tray,100-000000597,5 GHz,3.7 GHz,AMD Ryzen 5,Yes,AM5,65 W,12,
,AMD Ryzen 7 9700X 3.8 GHz 8-Core,https://pcpartpicker.com/product/YMzXsY/amd-ryzen-7-9700x-38-ghz-8-core-processor-100-100001404wof,8,Granite Ridge,Yes,,,No,No,,Radeon,8 MB,32 MB,4 nm,AMD,192 GB,Zen 5,Boxed,100-100001404WOF,5.5 GHz,3.8 GHz,AMD Ryzen 7,Yes,AM5,65 W,16,
,AMD Ryzen 7 5700X3D 3 GHz 8-Core,https://pcpartpicker.com/product/3ZKscf/amd-ryzen-7-5700x3d-3-ghz-8-core-processor-100-100001503wof,8,Vermeer-X,No,,,No,No,,,4 MB,96 MB,7 nm,AMD,128 GB,Zen 3,Boxed,100-100001503WOF,4.1 GHz,3 GHz,AMD Ryzen 7,Yes,AM4,105 W,16,
,Intel Core i7-11700KF 3.6 GHz 8-Core,https://pcpartpicker.com/product/Fgt9TW/intel-core-i7-11700kf-36-ghz-8-core-processor-bx8070811700kf,8,Rocket Lake-S,No,,,No,No,,,4 MB,16 MB,14 nm,Intel,128 GB,Rocket Lake,Boxed,BX8070811700KF,5 GHz,3.6 GHz,Intel Core i7,Yes: Hyper-Threading,LGA1200,125 W,16,
,AMD Ryzen 7 9700X 3.8 GHz 8-Core,https://pcpartpicker.com/product/YMzXsY/amd-ryzen-7-9700x-38-ghz-8-core-processor-100-100001404wof,8,Granite Ridge,Yes,,,No,No,,Radeon,8 MB,32 MB,4 nm,AMD,192 GB,Zen 5,Boxed,100-100001404WOF,5.5 GHz,3.8 GHz,AMD Ryzen 7,Yes,AM5,65 W,16,
,AMD Ryzen 9 9900X 4.4 GHz 12-Core,https://pcpartpicker.com/product/Z6GhP6/amd-ryzen-9-9900x-44-ghz-12-core-processor-100-100000662wof,12,Granite Ridge,Yes,,,No,No,,Radeon,12 MB,64 MB,4 nm,AMD,192 GB,Zen 5,Boxed,100-100000662WOF,5.6 GHz,4.4 GHz,AMD Ryzen 9,Yes,AM5,120 W,24,
,AMD Ryzen 5 5600 3.5 GHz 6-Core,https://pcpartpicker.com/product/PgcG3C/amd-ryzen-5-5600-36-ghz-6-core-processor-100-100000927box,6,Vermeer,No,,,Yes,Yes,,,3 MB,32 MB,7 nm,AMD,128 GB,Zen 3,Boxed,100-100000927BOX,4.4 GHz,3.5 GHz,AMD Ryzen 5,Yes,AM4,65 W,12,
,AMD Ryzen 7 5700X3D 3 GHz 8-Core,https://pcpartpicker.com/product/3ZKscf/amd-ryzen-7-5700x3d-3-ghz-8-core-processor-100-100001503wof,8,Vermeer-X,No,,,No,No,,,4 MB,96 MB,7 nm,AMD,128 GB,Zen 3,Boxed,100-100001503WOF,4.1 GHz,3 GHz,AMD Ryzen 7,Yes,AM4,105 W,16,
,AMD Ryzen 7 9700X 3.8 GHz 8-Core,https://pcpartpicker.com/product/YMzXsY/amd-ryzen-7-9700x-38-ghz-8-core-processor-100-100001404wof,8,Granite Ridge,Yes,,,No,No,,Radeon,8 MB,32 MB,4 nm,AMD,192 GB,Zen 5,Boxed,100-100001404WOF,5.5 GHz,3.8 GHz,AMD Ryzen 7,Yes,AM5,65 W,16,
,AMD Ryzen 5 3400G 3.7 GHz Quad-Core,https://pcpartpicker.com/product/XP6qqs/amd-ryzen-5-3400g-37-ghz-quad-core-processor-ryzen-5-3400g,4,Picasso,No,,,Yes,Yes,,Radeon Vega 11,2 MB,4 MB,12 nm,AMD,64 GB,Zen+,Boxed,Ryzen 5 3400G; YD3400C5FHBOX,4.2 GHz,3.7 GHz,AMD Ryzen 5,Yes,AM4,65 W,8,
,AMD Ryzen 5 7500F 3.7 GHz 6-Core,https://pcpartpicker.com/product/zGn9TW/amd-ryzen-5-7500f-37-ghz-6-core-processor-100-100000597box,6,Raphael,Yes,,,Yes,Yes,,,6 MB,32 MB,5 nm,AMD,128 GB,Zen 4,Boxed,100-100000597BOX,5 GHz,3.7 GHz,AMD Ryzen 5,Yes,AM5,65 W,12,
,AMD Ryzen 9 5950X 3.4 GHz 16-Core,https://pcpartpicker.com/product/Qk2bt6/amd-ryzen-9-5950x-34-ghz-16-core-processor-100-100000059wof,16,Vermeer,No,,,No,No,,,8 MB,64 MB,7 nm,AMD,128 GB,Zen 3,Boxed,100-100000059WOF,4.9 GHz,3.4 GHz,AMD Ryzen 9,Yes,AM4,105 W,32,
,AMD Ryzen 9 9900X 4.4 GHz 12-Core,https://pcpartpicker.com/product/Z6GhP6/amd-ryzen-9-9900x-44-ghz-12-core-processor-100-100000662wof,12,Granite Ridge,Yes,,,No,No,,Radeon,12 MB,64 MB,4 nm,AMD,192 GB,Zen 5,Boxed,100-100000662WOF,5.6 GHz,4.4 GHz,AMD Ryzen 9,Yes,AM5,120 W,24,
,AMD Ryzen 7 9700X 3.8 GHz 8-Core,https://pcpartpicker.com/product/YMzXsY/amd-ryzen-7-9700x-38-ghz-8-core-processor-100-100001404wof,8,Granite Ridge,Yes,,,No,No,,Radeon,8 MB,32 MB,4 nm,AMD,192 GB,Zen 5,Boxed,100-100001404WOF,5.5 GHz,3.8 GHz,AMD Ryzen 7,Yes,AM5,65 W,16,
,AMD Ryzen 9 9900X 4.4 GHz 12-Core,https://pcpartpicker.com/product/Z6GhP6/amd-ryzen-9-9900x-44-ghz-12-core-processor-100-100000662wof,12,Granite Ridge,Yes,,,No,No,,Radeon,12 MB,64 MB,4 nm,AMD,192 GB,Zen 5,Boxed,100-100000662WOF,5.6 GHz,4.4 GHz,AMD Ryzen 9,Yes,AM5,120 W,24,
,AMD Ryzen 9 7900X 4.7 GHz 12-Core,https://pcpartpicker.com/product/bwxRsY/amd-ryzen-9-7900x-47-ghz-12-core-processor-100-100000589wof,12,Raphael,Yes,,,No,No,,Radeon,12 MB,64 MB,5 nm,AMD,128 GB,Zen 4,Boxed,100-100000589WOF,5.6 GHz,4.7 GHz,AMD Ryzen 9,Yes,AM5,170 W,24,
,AMD Ryzen 9 5900X 3.7 GHz 12-Core,https://pcpartpicker.com/product/KwLwrH/amd-ryzen-9-5900x-37-ghz-12-core-processor-100-100000061wof,12,Vermeer,No,,,No,No,,,6 MB,64 MB,7 nm,AMD,128 GB,Zen 3,Boxed,100-100000061WOF,4.8 GHz,3.7 GHz,AMD Ryzen 9,Yes,AM4,105 W,24,
,AMD Ryzen 9 9950X 4.3 GHz 16-Core,https://pcpartpicker.com/product/T6GhP6/amd-ryzen-9-9950x-43-ghz-16-core-processor-100-100001277wof,16,Granite Ridge,Yes,,,No,No,,Radeon,16 MB,64 MB,4 nm,AMD,192 GB,Zen 5,Boxed,100-100001277WOF,5.7 GHz,4.3 GHz,AMD Ryzen 9,Yes,AM5,170 W,32,
,Intel Core i9-9900K 3.6 GHz 8-Core,https://pcpartpicker.com/product/jHZFf7/intel-core-i9-9900k-36ghz-8-core-processor-bx80684i99900k,8,Coffee Lake Refresh,No,,,No,No,,Intel UHD Graphics 630,2 MB,16 MB,14 nm,Intel,128 GB,Coffee Lake Refresh,Boxed,BX80684I99900K,5 GHz,3.6 GHz,Intel Core i9,Yes: Hyper-Threading,LGA1151,95 W,16,
,AMD Ryzen 5 5600 3.5 GHz 6-Core,https://pcpartpicker.com/product/PgcG3C/amd-ryzen-5-5600-36-ghz-6-core-processor-100-100000927box,6,Vermeer,No,,,Yes,Yes,,,3 MB,32 MB,7 nm,AMD,128 GB,Zen 3,Boxed,100-100000927BOX,4.4 GHz,3.5 GHz,AMD Ryzen 5,Yes,AM4,65 W,12,
,AMD Ryzen 5 9600X 3.9 GHz 6-Core,https://pcpartpicker.com/product/4r4Zxr/amd-ryzen-5-9600x-39-ghz-6-core-processor-100-100001405wof,6,Granite Ridge,Yes,,,No,No,,Radeon,6 MB,32 MB,4 nm,AMD,192 GB,Zen 5,Boxed,100-100001405WOF,5.4 GHz,3.9 GHz,AMD Ryzen 5,Yes,AM5,65 W,12,
,Intel Core i5-12600KF 3.7 GHz 10-Core,https://pcpartpicker.com/product/Tk8bt6/intel-core-i5-12600kf-37-ghz-6-core-processor-bx8071512600kf,10,Alder Lake,No,3.6 GHz,2.8 GHz,No,No,,,9.5 MB,20 MB,10 nm,Intel,128 GB,Alder Lake,Boxed,BX8071512600KF,4.9 GHz,3.7 GHz,Intel Core i5,Yes: Hyper-Threading,LGA1700,125 W,16,
,Intel Core i5-12600KF 3.7 GHz 10-Core,https://pcpartpicker.com/product/Tk8bt6/intel-core-i5-12600kf-37-ghz-6-core-processor-bx8071512600kf,10,Alder Lake,No,3.6 GHz,2.8 GHz,No,No,,,9.5 MB,20 MB,10 nm,Intel,128 GB,Alder Lake,Boxed,BX8071512600KF,4.9 GHz,3.7 GHz,Intel Core i5,Yes: Hyper-Threading,LGA1700,125 W,16,
,Intel Core i5-14400F 2.5 GHz 10-Core,https://pcpartpicker.com/product/QkP8TW/intel-core-i5-14400f-25-ghz-10-core-processor-bx8071514400f,10,Raptor Lake Refresh,Yes,3.5 GHz,1.8 GHz,Yes,Yes,,,9.5 MB,20 MB,7 nm,Intel,192 GB,Raptor Lake Refresh,Boxed,BX8071514400F,4.7 GHz,2.5 GHz,Intel Core i5,Yes: Hyper-Threading,LGA1700,65 W,16,
,AMD Ryzen 7 9700X 3.8 GHz 8-Core,https://pcpartpicker.com/product/YMzXsY/amd-ryzen-7-9700x-38-ghz-8-core-processor-100-100001404wof,8,Granite Ridge,Yes,,,No,No,,Radeon,8 MB,32 MB,4 nm,AMD,192 GB,Zen 5,Boxed,100-100001404WOF,5.5 GHz,3.8 GHz,AMD Ryzen 7,Yes,AM5,65 W,16,
,Intel Core i5-12400F 2.5 GHz 6-Core,https://pcpartpicker.com/product/pQNxFT/intel-core-i5-12400f-25-ghz-6-core-processor-bx8071512400f,6,Alder Lake,No,,,Yes,Yes,,,7.5 MB,18 MB,10 nm,Intel,128 GB,Alder Lake,Boxed,BX8071512400F,4.4 GHz,2.5 GHz,Intel Core i5,Yes: Hyper-Threading,LGA1700,65 W,12,
,AMD Ryzen 5 8400F 4.2 GHz 6-Core,https://pcpartpicker.com/product/DpcgXL/amd-ryzen-5-8400f-42-ghz-6-core-processor-100-100001591box,6,Phoenix 2,No,,,Yes,Yes,,,6 MB,16 MB,4 nm,AMD,256 GB,Zen 4,Boxed,100-100001591BOX,4.7 GHz,4.2 GHz,AMD Ryzen 5,Yes,AM5,65 W,12,
,AMD Ryzen 7 9700X 3.8 GHz 8-Core,https://pcpartpicker.com/product/YMzXsY/amd-ryzen-7-9700x-38-ghz-8-core-processor-100-100001404wof,8,Granite Ridge,Yes,,,No,No,,Radeon,8 MB,32 MB,4 nm,AMD,192 GB,Zen 5,Boxed,100-100001404WOF,5.5 GHz,3.8 GHz,AMD Ryzen 7,Yes,AM5,65 W,16,
,AMD Ryzen 5 7600X3D 4.1 GHz 6-Core,https://pcpartpicker.com/product/RVhv6h/amd-ryzen-5-7600x3d-41-ghz-6-core-processor-100-100001721wof,6,Raphael,Yes,,,No,No,,Radeon,6 MB,96 MB,5 nm,AMD,128 GB,Zen 4,Boxed,100-100001721WOF,4.7 GHz,4.1 GHz,AMD Ryzen 5,Yes,AM5,65 W,12,
,AMD Ryzen 7 9700X 3.8 GHz 8-Core,https://pcpartpicker.com/product/YMzXsY/amd-ryzen-7-9700x-38-ghz-8-core-processor-100-100001404wof,8,Granite Ridge,Yes,,,No,No,,Radeon,8 MB,32 MB,4 nm,AMD,192 GB,Zen 5,Boxed,100-100001404WOF,5.5 GHz,3.8 GHz,AMD Ryzen 7,Yes,AM5,65 W,16,
,Intel Core i5-14400 2.5 GHz 10-Core,https://pcpartpicker.com/product/37qrxr/intel-core-i5-14400-25-ghz-10-core-processor-bx8071514400,10,Raptor Lake Refresh,Yes,3.5 GHz,1.8 GHz,Yes,Yes,,Intel UHD Graphics 730,9.5 MB,20 MB,7 nm,Intel,192 GB,Raptor Lake Refresh,Boxed,BX8071514400,4.7 GHz,2.5 GHz,Intel Core i5,Yes: Hyper-Threading,LGA1700,65 W,16,
,Intel Core i7-9700F 3 GHz 8-Core,https://pcpartpicker.com/product/W4848d/intel-core-i7-9700f-3-ghz-8-core-processor-bx80684i79700f,8,Coffee Lake Refresh,No,,,Yes,Yes,,,2 MB,12 MB,14 nm,Intel,128 GB,Coffee Lake Refresh,Boxed,BX80684I79700F,4.7 GHz,3 GHz,Intel Core i7,No,LGA1151,65 W,8,
,AMD Ryzen 7 9700X 3.8 GHz 8-Core,https://pcpartpicker.com/product/YMzXsY/amd-ryzen-7-9700x-38-ghz-8-core-processor-100-100001404wof,8,Granite Ridge,Yes,,,No,No,,Radeon,8 MB,32 MB,4 nm,AMD,192 GB,Zen 5,Boxed,100-100001404WOF,5.5 GHz,3.8 GHz,AMD Ryzen 7,Yes,AM5,65 W,16,
,Intel Core i7-14700K 3.4 GHz 20-Core,https://pcpartpicker.com/product/BmWJ7P/intel-core-i7-14700k-34-ghz-20-core-processor-bx8071514700k,20,Raptor Lake Refresh,Yes,4.3 GHz,2.5 GHz,No,No,,Intel UHD Graphics 770,28 MB,33 MB,7 nm,Intel,192 GB,Raptor Lake Refresh,Boxed,BX8071514700K,5.6 GHz,3.4 GHz,Intel Core i7,Yes: Hyper-Threading,LGA1700,125 W,28,
,Intel Core i7-14700K 3.4 GHz 20-Core,https://pcpartpicker.com/product/BmWJ7P/intel-core-i7-14700k-34-ghz-20-core-processor-bx8071514700k,20,Raptor Lake Refresh,Yes,4.3 GHz,2.5 GHz,No,No,,Intel UHD Graphics 770,28 MB,33 MB,7 nm,Intel,192 GB,Raptor Lake Refresh,Boxed,BX8071514700K,5.6 GHz,3.4 GHz,Intel Core i7,Yes: Hyper-Threading,LGA1700,125 W,28,
,Intel Core i9-14900K 3.2 GHz 24-Core,https://pcpartpicker.com/product/ZLjRsY/intel-core-i9-14900k-32-ghz-24-core-processor-bx8071514900k,24,Raptor Lake Refresh,Yes,4.4 GHz,2.4 GHz,No,No,,Intel UHD Graphics 770,32 MB,36 MB,7 nm,Intel,192 GB,Raptor Lake Refresh,Boxed,BX8071514900K,6 GHz,3.2 GHz,Intel Core i9,Yes: Hyper-Threading,LGA1700,125 W,32,
,Intel Core i3-9100F 3.6 GHz Quad-Core,https://pcpartpicker.com/product/YTbwrH/intel-core-i3-9100f-36-ghz-quad-core-processor-bx80684i39100f,4,Coffee Lake Refresh,Yes,,,Yes,Yes,,,1 MB,6 MB,14 nm,Intel,64 GB,Coffee Lake Refresh,Boxed,BX80684i39100F,4.2 GHz,3.6 GHz,Intel Core i3,No,LGA1151,65 W,4,
,Intel Core i7-12700K 3.6 GHz 12-Core,https://pcpartpicker.com/product/ZbddnQ/intel-core-i7-12700k-36-ghz-8-core-processor-bx8071512700k,12,Alder Lake,No,3.8 GHz,2.7 GHz,No,No,,Intel UHD Graphics 770,12 MB,25 MB,10 nm,Intel,128 GB,Alder Lake,Boxed,BX8071512700K,5 GHz,3.6 GHz,Intel Core i7,Yes: Hyper-Threading,LGA1700,125 W,20,
,Intel Core i7-7700 3.6 GHz Quad-Core,https://pcpartpicker.com/product/9mRFf7/intel-core-i7-7700-36ghz-quad-core-processor-bx80677i77700,4,Kaby Lake-S,No,,,Yes,Yes,,Intel HD Graphics 630,1 MB,8 MB,14 nm,Intel,64 GB,Kaby Lake,Boxed,BX80677I77700,4.2 GHz,3.6 GHz,Intel Core i7,Yes: Hyper-Threading,LGA1151,65 W,8,
,Intel Core i3-12100F 3.3 GHz Quad-Core,https://pcpartpicker.com/product/grhFf7/intel-core-i3-12100f-33-ghz-quad-core-processor-bx8071512100f,4,Alder Lake,No,,,Yes,Yes,,,5 MB,12 MB,10 nm,Intel,128 GB,Alder Lake,Boxed,BX8071512100F,4.3 GHz,3.3 GHz,Intel Core i3,Yes: Hyper-Threading,LGA1700,58 W,8,
,Intel Core i5-4690 3.5 GHz Quad-Core,https://pcpartpicker.com/product/r8W9TW/intel-cpu-bx80646i54690,4,Haswell Refresh,No,,,Yes,Yes,,Intel HD Graphics 4600,1 MB,6 MB,22 nm,Intel,,Haswell Refresh,Boxed,BX80646I54690,3.9 GHz,3.5 GHz,Intel Core i5,No,LGA1150,84 W,4,
,Intel Core i5-13400F 2.5 GHz 10-Core,https://pcpartpicker.com/product/VNkWGX/intel-core-i5-13400f-25-ghz-10-core-processor-bx8071513400f,10,Raptor Lake,No,3.3 GHz,1.8 GHz,Yes,Yes,,,9.5 MB,20 MB,10 nm,Intel,192 GB,Raptor Lake,Boxed,BX8071513400F,4.6 GHz,2.5 GHz,Intel Core i5,Yes: Hyper-Threading,LGA1700,65 W,16,
,AMD Ryzen 5 5600GT 3.6 GHz 6-Core,https://pcpartpicker.com/product/7XGhP6/amd-ryzen-5-5600gt-36-ghz-6-core-processor-100-100001488box,6,Cezanne,No,,,Yes,Yes,,Radeon Vega 7,3 MB,16 MB,7 nm,AMD,128 GB,Zen 3,Boxed,100-100001488BOX,4.6 GHz,3.6 GHz,AMD Ryzen 5,Yes,AM4,65 W,12,
,Intel Core i9-14900F 2 GHz 24-Core,https://pcpartpicker.com/product/RNjRsY/intel-core-i9-14900f-2-ghz-24-core-processor-bx8071514900f,24,Raptor Lake Refresh,Yes,4.3 GHz,1.5 GHz,Yes,Yes,,,32 MB,36 MB,7 nm,Intel,192 GB,Raptor Lake Refresh,Boxed,BX8071514900F,5.8 GHz,2 GHz,Intel Core i9,Yes: Hyper-Threading,LGA1700,65 W,32,
,AMD Ryzen 5 4500 3.6 GHz 6-Core,https://pcpartpicker.com/product/m8BG3C/amd-ryzen-5-4500-36-ghz-6-core-processor-100-100000644box,6,Renoir-X,No,,,Yes,Yes,,,3 MB,8 MB,7 nm,AMD,128 GB,Zen 2,Boxed,100-100000644BOX,4.1 GHz,3.6 GHz,AMD Ryzen 5,Yes,AM4,65 W,12,
,AMD Ryzen 5 1600 (14nm) 3.2 GHz 6-Core,https://pcpartpicker.com/product/mV98TW/amd-ryzen-5-1600-32ghz-6-core-processor-yd1600bbaebox,6,Summit Ridge,No,,,Yes,Yes,,,3 MB,16 MB,14 nm,AMD,,Zen,Boxed,YD1600BBAEBOX,3.6 GHz,3.2 GHz,AMD Ryzen 5,Yes,AM4,65 W,12,
,Intel Core i3-8350K 4 GHz Quad-Core,https://pcpartpicker.com/product/fCs8TW/intel-core-i3-8350k-40ghz-quad-core-processor-bx80684i38350k,4,Coffee Lake,No,,,No,No,,Intel UHD Graphics 630,1 MB,8 MB,14 nm,Intel,64 GB,Coffee Lake,Boxed,BX80684I38350K,,4 GHz,Intel Core i3,No,LGA1151,91 W,4,
,Intel Core i7-13700KF 3.4 GHz 16-Core,https://pcpartpicker.com/product/w86p99/intel-core-i7-13700kf-34-ghz-16-core-processor-bx8071513700kf,16,Raptor Lake,No,4.2 GHz,2.5 GHz,No,No,,,24 MB,30 MB,10 nm,Intel,192 GB,Raptor Lake,Boxed,BX8071513700KF; i7-13700KF,5.4 GHz,3.4 GHz,Intel Core i7,Yes: Hyper-Threading,LGA1700,125 W,24,
,AMD A10-7870K 3.9 GHz Quad-Core,https://pcpartpicker.com/product/CjyxFT/amd-cpu-ad787kxdjcbox,4,Godavari,No,,,Yes,Yes,,Radeon R7 (on-die),4 MB,0 MB,28 nm,AMD,,Steamroller,Boxed,AD787KXDJCBOX,4.1 GHz,3.9 GHz,AMD A10,No,FM2+,95 W,4,
,Intel Core i3-3220T 2.8 GHz Dual-Core,https://pcpartpicker.com/product/yYsKHx/intel-cpu-bx80637i33220t,2,Ivy Bridge,No,,,Yes,Yes,,Intel HD Graphics 2500,0.5 MB,3 MB,22 nm,Intel,,Ivy Bridge,Boxed,BX80637i33220T,,2.8 GHz,Intel Core i3,Yes: Hyper-Threading,LGA1155,35 W,4,
,Intel Core i7-9700K 3.6 GHz 8-Core,https://pcpartpicker.com/product/WtyV3C/intel-core-i7-9700k-36ghz-8-core-processor-bx80684i79700k,8,Coffee Lake Refresh,No,,,No,No,,Intel UHD Graphics 630,2 MB,12 MB,14 nm,Intel,128 GB,Coffee Lake Refresh,Boxed,BX80684I79700K,4.9 GHz,3.6 GHz,Intel Core i7,No,LGA1151,95 W,8,
,Intel Core i5-13600KF 3.5 GHz 14-Core,https://pcpartpicker.com/product/GVM48d/intel-core-i5-13600kf-35-ghz-14-core-processor-bx8071513600kf,14,Raptor Lake,No,3.9 GHz,2.6 GHz,No,No,,,20 MB,24 MB,10 nm,Intel,192 GB,Raptor Lake,Boxed,BX8071513600KF; i5-13600KF,5.1 GHz,3.5 GHz,Intel Core i5,Yes: Hyper-Threading,LGA1700,125 W,20,
,Intel Core i7-11700K 3.6 GHz 8-Core,https://pcpartpicker.com/product/VW3gXL/intel-core-i7-11700k-36-ghz-8-core-processor-bx8070811700k,8,Rocket Lake-S,No,,,No,No,,Intel UHD Graphics 750,4 MB,16 MB,14 nm,Intel,128 GB,Rocket Lake,Boxed,BX8070811700K,5 GHz,3.6 GHz,Intel Core i7,Yes: Hyper-Threading,LGA1200,125 W,16,
,Intel Core i5-13600K 3.5 GHz 14-Core,https://pcpartpicker.com/product/LfNxFT/intel-core-i5-13600k-35-ghz-14-core-processor-bx8071513600k,14,Raptor Lake,Yes,3.9 GHz,2.6 GHz,No,No,,Intel UHD Graphics 770,20 MB,24 MB,10 nm,Intel,192 GB,Raptor Lake,Boxed,BX8071513600K; i5-13600K,5.1 GHz,3.5 GHz,Intel Core i5,Yes: Hyper-Threading,LGA1700,125 W,20,
,AMD Ryzen 5 5600G 3.9 GHz 6-Core,https://pcpartpicker.com/product/sYmmP6/amd-ryzen-5-5600g-39-ghz-6-core-processor-100-100000252box,6,Cezanne,No,,,Yes,Yes,,Radeon Vega 7,3 MB,16 MB,7 nm,AMD,128 GB,Zen 3,Boxed,100-100000252BOX,4.4 GHz,3.9 GHz,AMD Ryzen 5,Yes,AM4,65 W,12,
,Intel Core i5-14600K 3.5 GHz 14-Core,https://pcpartpicker.com/product/jXFmP6/intel-core-i5-14600k-35-ghz-14-core-processor-bx8071514600k,14,Raptor Lake Refresh,Yes,4 GHz,2.6 GHz,No,No,,Intel UHD Graphics 770,20 MB,24 MB,7 nm,Intel,192 GB,Raptor Lake Refresh,Boxed,BX8071514600K,5.3 GHz,3.5 GHz,Intel Core i5,Yes: Hyper-Threading,LGA1700,125 W,20,
,Intel Core i9-10850K 3.6 GHz 10-Core,https://pcpartpicker.com/product/nGFKHx/intel-core-i9-10850k-36-ghz-10-core-processor-bx8070110850k,10,Comet Lake,No,,,No,No,,Intel UHD Graphics 630,2.5 MB,20 MB,14 nm,Intel,128 GB,Comet Lake,Boxed,BX8070110850K,5.2 GHz,3.6 GHz,Intel Core i9,Yes: Hyper-Threading,LGA1200,125 W,20,
,Intel Core i7-12700K 3.6 GHz 12-Core,https://pcpartpicker.com/product/ZbddnQ/intel-core-i7-12700k-36-ghz-8-core-processor-bx8071512700k,12,Alder Lake,No,3.8 GHz,2.7 GHz,No,No,,Intel UHD Graphics 770,12 MB,25 MB,10 nm,Intel,128 GB,Alder Lake,Boxed,BX8071512700K,5 GHz,3.6 GHz,Intel Core i7,Yes: Hyper-Threading,LGA1700,125 W,20,
,AMD Ryzen 9 3950X 3.5 GHz 16-Core,https://pcpartpicker.com/product/t7CFf7/amd-ryzen-9-3950x-35-ghz-16-core-processor-100-100000051wof,16,Matisse,No,,,No,No,,,8 MB,64 MB,7 nm,AMD,128 GB,Zen 2,Boxed,100-100000051WOF,4.7 GHz,3.5 GHz,AMD Ryzen 9,Yes,AM4,105 W,32,
,Intel Core i5-13600KF 3.5 GHz 14-Core,https://pcpartpicker.com/product/GVM48d/intel-core-i5-13600kf-35-ghz-14-core-processor-bx8071513600kf,14,Raptor Lake,No,3.9 GHz,2.6 GHz,No,No,,,20 MB,24 MB,10 nm,Intel,192 GB,Raptor Lake,Boxed,BX8071513600KF; i5-13600KF,5.1 GHz,3.5 GHz,Intel Core i5,Yes: Hyper-Threading,LGA1700,125 W,20,
,Intel Core i7-12700K 3.6 GHz 12-Core,https://pcpartpicker.com/product/ZbddnQ/intel-core-i7-12700k-36-ghz-8-core-processor-bx8071512700k,12,Alder Lake,No,3.8 GHz,2.7 GHz,No,No,,Intel UHD Graphics 770,12 MB,25 MB,10 nm,Intel,128 GB,Alder Lake,Boxed,BX8071512700K,5 GHz,3.6 GHz,Intel Core i7,Yes: Hyper-Threading,LGA1700,125 W,20,
,Intel Core i7-13700KF 3.4 GHz 16-Core,https://pcpartpicker.com/product/w86p99/intel-core-i7-13700kf-34-ghz-16-core-processor-bx8071513700kf,16,Raptor Lake,No,4.2 GHz,2.5 GHz,No,No,,,24 MB,30 MB,10 nm,Intel,192 GB,Raptor Lake,Boxed,BX8071513700KF; i7-13700KF,5.4 GHz,3.4 GHz,Intel Core i7,Yes: Hyper-Threading,LGA1700,125 W,24,
,Intel Core i5-13600K 3.5 GHz 14-Core,https://pcpartpicker.com/product/LfNxFT/intel-core-i5-13600k-35-ghz-14-core-processor-bx8071513600k,14,Raptor Lake,Yes,3.9 GHz,2.6 GHz,No,No,,Intel UHD Graphics 770,20 MB,24 MB,10 nm,Intel,192 GB,Raptor Lake,Boxed,BX8071513600K; i5-13600K,5.1 GHz,3.5 GHz,Intel Core i5,Yes: Hyper-Threading,LGA1700,125 W,20,
,AMD Ryzen 7 2700X 3.7 GHz 8-Core,https://pcpartpicker.com/product/bddxFT/amd-ryzen-7-2700x-37ghz-8-core-processor-yd270xbgafbox,8,Pinnacle Ridge,No,,,Yes,Yes,,,4 MB,16 MB,12 nm,AMD,64 GB,Zen+,Boxed,YD270XBGAFBOX,4.3 GHz,3.7 GHz,AMD Ryzen 7,Yes,AM4,105 W,16,
,Intel Core i5-7500 3.4 GHz Quad-Core,https://pcpartpicker.com/product/QbGj4D/intel-core-i5-7500-34ghz-quad-core-processor-bx80677i57500,4,Kaby Lake-S,No,,,Yes,Yes,,Intel HD Graphics 630,1 MB,6 MB,14 nm,Intel,64 GB,Kaby Lake,Boxed,BX80677I57500,3.8 GHz,3.4 GHz,Intel Core i5,No,LGA1151,65 W,4,
,Intel Core i5-3450 3.1 GHz Quad-Core,https://pcpartpicker.com/product/kxzv6h/intel-cpu-bx80637i53450,4,Ivy Bridge,No,,,Yes,Yes,,Intel HD Graphics 2500,1 MB,6 MB,22 nm,Intel,,Ivy Bridge,Boxed,BX80637I53450; BX806237I53450,,3.1 GHz,Intel Core i5,No,LGA1155,77 W,4,
,AMD Ryzen 5 1600X 3.6 GHz 6-Core,https://pcpartpicker.com/product/8hwqqs/amd-ryzen-5-1600x-36ghz-6-core-processor-yd160xbcaewof,6,Summit Ridge,No,,,No,No,,,3 MB,16 MB,14 nm,AMD,,Zen,Boxed,YD160XBCAEWOF,4 GHz,3.6 GHz,AMD Ryzen 5,Yes,AM4,95 W,12,
,Intel Core i7-6700K 4 GHz Quad-Core,https://pcpartpicker.com/product/tdmxFT/intel-cpu-bx80662i76700k,4,Skylake-S,No,,,No,No,,Intel HD Graphics 530,1 MB,8 MB,14 nm,Intel,64 GB,Skylake,Boxed,BX80662I76700K,4.2 GHz,4 GHz,Intel Core i7,Yes: Hyper-Threading,LGA1151,91 W,8,
,Intel Core i5-6600 3.3 GHz Quad-Core,https://pcpartpicker.com/product/m9Gj4D/intel-cpu-bx80662i56600,4,Skylake-S,No,,,Yes,Yes,,Intel HD Graphics 530,1 MB,6 MB,14 nm,Intel,64 GB,Skylake,Boxed,BX80662I56600,3.9 GHz,3.3 GHz,Intel Core i5,No,LGA1151,65 W,4,
,Intel Core i3-12100F 3.3 GHz Quad-Core,https://pcpartpicker.com/product/grhFf7/intel-core-i3-12100f-33-ghz-quad-core-processor-bx8071512100f,4,Alder Lake,No,,,Yes,Yes,,,5 MB,12 MB,10 nm,Intel,128 GB,Alder Lake,Boxed,BX8071512100F,4.3 GHz,3.3 GHz,Intel Core i3,Yes: Hyper-Threading,LGA1700,58 W,8,
,AMD Ryzen 5 3600 3.6 GHz 6-Core,https://pcpartpicker.com/product/9twypg/amd-ryzen-5-3600-36-ghz-6-core-processor-100-100000031sbx,6,Matisse,No,,,Yes,Yes,,,3 MB,32 MB,7 nm,AMD,128 GB,Zen 2,Boxed,100-100000031SBX,4.2 GHz,3.6 GHz,AMD Ryzen 5,Yes,AM4,65 W,12,
,Intel Core i5-13600K 3.5 GHz 14-Core,https://pcpartpicker.com/product/LfNxFT/intel-core-i5-13600k-35-ghz-14-core-processor-bx8071513600k,14,Raptor Lake,Yes,3.9 GHz,2.6 GHz,No,No,,Intel UHD Graphics 770,20 MB,24 MB,10 nm,Intel,192 GB,Raptor Lake,Boxed,BX8071513600K; i5-13600K,5.1 GHz,3.5 GHz,Intel Core i5,Yes: Hyper-Threading,LGA1700,125 W,20,
,Intel Core i7-11700 2.5 GHz 8-Core,https://pcpartpicker.com/product/7RTp99/intel-core-i7-11700-25-ghz-8-core-processor-bx8070811700,8,Rocket Lake-S,No,,,Yes,Yes,,Intel UHD Graphics 750,4 MB,16 MB,14 nm,Intel,128 GB,Rocket Lake,Boxed,BX8070811700,4.9 GHz,2.5 GHz,Intel Core i7,Yes: Hyper-Threading,LGA1200,65 W,16,
,Intel Core i9-14900KS 3.2 GHz 24-Core,https://pcpartpicker.com/product/3ZmNnQ/intel-core-i9-14900ks-32-ghz-24-core-processor-bx8071514900ks,24,Raptor Lake Refresh,Yes,4.5 GHz,2.4 GHz,No,No,,Intel UHD Graphics 770,32 MB,36 MB,7 nm,Intel,192 GB,Raptor Lake Refresh,Boxed,BX8071514900KS,6.2 GHz,3.2 GHz,Intel Core i9,Yes: Hyper-Threading,LGA1700,150 W,32,
,Intel Core i9-10900 2.8 GHz 10-Core,https://pcpartpicker.com/product/wW7p99/intel-core-i9-10900-28-ghz-10-core-processor-bx8070110900,10,Comet Lake,No,,,Yes,Yes,,Intel UHD Graphics 630,2.5 MB,20 MB,14 nm,Intel,128 GB,Comet Lake,Boxed,BX8070110900,5.2 GHz,2.8 GHz,Intel Core i9,Yes: Hyper-Threading,LGA1200,65 W,20,
,Intel Core Ultra 9 285K 3.7 GHz 24-Core,https://pcpartpicker.com/product/VHYRsY/intel-core-ultra-9-285k-37-ghz-24-core-processor-bx80768285k,24,Arrow Lake,Yes,4.6 GHz,3.2 GHz,No,No,,Intel Xe,40 MB,36 MB,3 nm,Intel,256 GB,Arrow Lake,Boxed,BX80768285K,5.7 GHz,3.7 GHz,Intel Core Ultra 9,No,LGA1851,125 W,24,
,AMD Ryzen 9 5900XT 3.3 GHz 16-Core,https://pcpartpicker.com/product/nYvD4D/amd-ryzen-9-5900xt-33-ghz-16-core-processor-100-100001581wof,16,Vermeer,No,,,No,No,,,8 MB,64 MB,7 nm,AMD,128 GB,Zen 3,Boxed,100-100001581WOF,4.8 GHz,3.3 GHz,AMD Ryzen 9,Yes,AM4,105 W,32,
,AMD Ryzen 5 8600G 4.3 GHz 6-Core,https://pcpartpicker.com/product/QqyH99/amd-ryzen-5-8600g-43-ghz-6-core-processor-100-100001237box,6,Phoenix 1,No,,,Yes,Yes,,Radeon 760M,6 MB,16 MB,4 nm,AMD,,Zen 4,Boxed,100-100001237BOX,5 GHz,4.3 GHz,AMD Ryzen 5,Yes,AM5,65 W,12,
,AMD Ryzen 5 4600G 3.7 GHz 6-Core,https://pcpartpicker.com/product/CNVmP6/amd-ryzen-5-4600g-37-ghz-6-core-processor-100-100000147box,6,Renoir,No,,,Yes,Yes,,Radeon Vega 7,3 MB,8 MB,7 nm,AMD,128 GB,Zen 2,Boxed,100-100000147BOX,4.2 GHz,3.7 GHz,AMD Ryzen 5,Yes,AM4,65 W,12,
,Intel Core i7-3770 3.4 GHz Quad-Core,https://pcpartpicker.com/product/Vjzv6h/intel-cpu-bx80637i73770,4,Ivy Bridge,No,,,Yes,Yes,,Intel HD Graphics 4000,1 MB,8 MB,22 nm,Intel,,Ivy Bridge,Boxed,BX80637I73770,,3.4 GHz,Intel Core i7,Yes: Hyper-Threading,LGA1155,77 W,8,
,Intel Core i7-10700KF 3.8 GHz 8-Core,https://pcpartpicker.com/product/sT3mP6/intel-core-i7-10700kf-38-ghz-8-core-processor-bx8070110700kf,8,Comet Lake,No,,,No,No,,,2 MB,16 MB,14 nm,Intel,128 GB,Comet Lake,Boxed,BX8070110700KF,5.1 GHz,3.8 GHz,Intel Core i7,Yes: Hyper-Threading,LGA1200,125 W,16,
,Intel Core i5-11600K 3.9 GHz 6-Core,https://pcpartpicker.com/product/RK3gXL/intel-core-i5-11600k-39-ghz-6-core-processor-bx8070811600k,6,Rocket Lake-S,No,,,No,No,,Intel UHD Graphics 750,3 MB,12 MB,14 nm,Intel,128 GB,Rocket Lake,Boxed,BX8070811600K,4.9 GHz,3.9 GHz,Intel Core i5,Yes: Hyper-Threading,LGA1200,125 W,12,
,AMD Ryzen 3 3200G 3.6 GHz Quad-Core,https://pcpartpicker.com/product/J8drxr/amd-ryzen-3-3200g-36-ghz-quad-core-processor-yd3200c5fhbox,4,Picasso,No,,,Yes,Yes,,Radeon Vega 8,2 MB,4 MB,12 nm,AMD,64 GB,Zen+,Boxed,Ryzen 3 3200G; YD3200C5FHBOX,4 GHz,3.6 GHz,AMD Ryzen 3,No,AM4,65 W,4,
,Intel Core i5-10400F 2.9 GHz 6-Core,https://pcpartpicker.com/product/vrhmP6/intel-core-i5-10400f-29-ghz-6-core-processor-bx8070110400f,6,Comet Lake,No,,,Yes,Yes,,,1.5 MB,12 MB,14 nm,Intel,128 GB,Comet Lake,Boxed,BX8070110400F,4.3 GHz,2.9 GHz,Intel Core i5,Yes: Hyper-Threading,LGA1200,65 W,12,
,Intel Core i5-11400 2.6 GHz 6-Core,https://pcpartpicker.com/product/92VmP6/intel-core-i5-11400-26-ghz-6-core-processor-bx8070811400,6,Rocket Lake-S,No,,,Yes,Yes,,Intel UHD Graphics 730,3 MB,12 MB,14 nm,Intel,128 GB,Rocket Lake,Boxed,BX8070811400,4.4 GHz,2.6 GHz,Intel Core i5,Yes: Hyper-Threading,LGA1200,65 W,12,
,Intel Xeon E5-2680 V4 2.4 GHz 14-Core,https://pcpartpicker.com/product/zqmxFT/intel-cpu-bx80660e52680v4,14,Broadwell-EP,Yes,,,No,No,,,3.5 MB,35 MB,14 nm,Intel,1536 GB,Broadwell,Boxed,BX80660E52680V4,3.3 GHz,2.4 GHz,Intel Xeon E5,Yes: Hyper-Threading,LGA2011-3,120 W,28,
,Intel Core i5-8400 2.8 GHz 6-Core,https://pcpartpicker.com/product/LHYWGX/intel-core-i5-8400-28ghz-6-core-processor-bx80684i58400,6,Coffee Lake,No,,,Yes,Yes,,Intel UHD Graphics 630,1.5 MB,9 MB,14 nm,Intel,128 GB,Coffee Lake,Boxed,BX80684I58400,4 GHz,2.8 GHz,Intel Core i5,No,LGA1151,65 W,6,
,AMD Ryzen 7 8700F 4.1 GHz 8-Core,https://pcpartpicker.com/product/CsGhP6/amd-ryzen-7-8700f-41-ghz-8-core-processor-100-100001590box,8,Phoenix 1,No,,,Yes,Yes,,,8 MB,16 MB,4 nm,AMD,256 GB,Zen 4,Boxed,100-100001590BOX,5 GHz,4.1 GHz,AMD Ryzen 7,Yes,AM5,65 W,16,
,AMD Ryzen 7 7800X3D 4.2 GHz 8-Core,https://pcpartpicker.com/product/3hyH99/amd-ryzen-7-7800x3d-42-ghz-8-core-processor-100-100000910wof,8,Raphael,Yes,,,No,No,,Radeon,8 MB,96 MB,5 nm,AMD,128 GB,Zen 4,Boxed,100-100000910WOF,5 GHz,4.2 GHz,AMD Ryzen 7,Yes,AM5,120 W,16,
,AMD Ryzen 5 5600X 3.7 GHz 6-Core,https://pcpartpicker.com/product/g94BD3/amd-ryzen-5-5600x-37-ghz-6-core-processor-100-100000065box,6,Vermeer,No,,,Yes,Yes,,None,3 MB,32 MB,7 nm,AMD,128 GB,Zen 3,Boxed,100-100000065BOX,4.6 GHz,3.7 GHz,AMD Ryzen 5,Yes,AM4,65 W,12,
,Intel Core i5-12400F 2.5 GHz 6-Core,https://pcpartpicker.com/product/pQNxFT/intel-core-i5-12400f-25-ghz-6-core-processor-bx8071512400f,6,Alder Lake,No,,,Yes,Yes,,None,7.5 MB,18 MB,10 nm,Intel,128 GB,Alder Lake,Boxed,BX8071512400F,4.4 GHz,2.5 GHz,Intel Core i5,Yes: Hyper-Threading,LGA1700,65 W,12,
,AMD Ryzen 7 7700X 4.5 GHz 8-Core,https://pcpartpicker.com/product/WfqPxr/amd-ryzen-7-7700x-45-ghz-8-core-processor-100-100000591wof,8,Raphael,Yes,,,No,No,,Radeon,8 MB,32 MB,5 nm,AMD,128 GB,Zen 4,Boxed,100-100000591WOF,5.4 GHz,4.5 GHz,AMD Ryzen 7,Yes,AM5,105 W,16,
,Intel Core i7-14700KF 3.4 GHz 20-Core,https://pcpartpicker.com/product/TWP8TW/intel-core-i7-14700kf-34-ghz-20-core-processor-bx8071514700kf,20,Raptor Lake Refresh,Yes,4.3 GHz,2.5 GHz,No,No,,None,28 MB,33 MB,7 nm,Intel,192 GB,Raptor Lake Refresh,Boxed,BX8071514700KF,5.6 GHz,3.4 GHz,Intel Core i7,Yes: Hyper-Threading,LGA1700,125 W,28,
,AMD Ryzen 7 7700X 4.5 GHz 8-Core,https://pcpartpicker.com/product/WfqPxr/amd-ryzen-7-7700x-45-ghz-8-core-processor-100-100000591wof,8,Raphael,Yes,,,No,No,,Radeon,8 MB,32 MB,5 nm,AMD,128 GB,Zen 4,Boxed,100-100000591WOF,5.4 GHz,4.5 GHz,AMD Ryzen 7,Yes,AM5,105 W,16,
,AMD Ryzen 7 9700X 3.8 GHz 8-Core,https://pcpartpicker.com/product/YMzXsY/amd-ryzen-7-9700x-38-ghz-8-core-processor-100-100001404wof,8,Granite Ridge,Yes,,,No,No,,Radeon,8 MB,32 MB,4 nm,AMD,192 GB,Zen 5,Boxed,100-100001404WOF,5.5 GHz,3.8 GHz,AMD Ryzen 7,Yes,AM5,65 W,16,
,AMD Ryzen 7 7700X 4.5 GHz 8-Core,https://pcpartpicker.com/product/WfqPxr/amd-ryzen-7-7700x-45-ghz-8-core-processor-100-100000591wof,8,Raphael,Yes,,,No,No,,Radeon,8 MB,32 MB,5 nm,AMD,128 GB,Zen 4,Boxed,100-100000591WOF,5.4 GHz,4.5 GHz,AMD Ryzen 7,Yes,AM5,105 W,16,
,AMD Ryzen 7 9700X 3.8 GHz 8-Core,https://pcpartpicker.com/product/YMzXsY/amd-ryzen-7-9700x-38-ghz-8-core-processor-100-100001404wof,8,Granite Ridge,Yes,,,No,No,,Radeon,8 MB,32 MB,4 nm,AMD,192 GB,Zen 5,Boxed,100-100001404WOF,5.5 GHz,3.8 GHz,AMD Ryzen 7,Yes,AM5,65 W,16,
,AMD Ryzen 5 3600 3.6 GHz 6-Core,https://pcpartpicker.com/product/9nm323/amd-ryzen-5-3600-36-thz-6-core-processor-100-100000031box,6,Matisse,No,,,Yes,Yes,,None,3 MB,32 MB,7 nm,AMD,128 GB,Zen 2,Boxed,Ryzen 5 3600; 100-100000031BOX,4.2 GHz,3.6 GHz,AMD Ryzen 5,Yes,AM4,65 W,12,
,Intel Core i9-14900K 3.2 GHz 24-Core,https://pcpartpicker.com/product/ZLjRsY/intel-core-i9-14900k-32-ghz-24-core-processor-bx8071514900k,24,Raptor Lake Refresh,Yes,4.4 GHz,2.4 GHz,No,No,,Intel UHD Graphics 770,32 MB,36 MB,7 nm,Intel,192 GB,Raptor Lake Refresh,Boxed,BX8071514900K,6 GHz,3.2 GHz,Intel Core i9,Yes: Hyper-Threading,LGA1700,125 W,32,
,Intel Core i9-14900K 3.2 GHz 24-Core,https://pcpartpicker.com/product/ZLjRsY/intel-core-i9-14900k-32-ghz-24-core-processor-bx8071514900k,24,Raptor Lake Refresh,Yes,4.4 GHz,2.4 GHz,No,No,,Intel UHD Graphics 770,32 MB,36 MB,7 nm,Intel,192 GB,Raptor Lake Refresh,Boxed,BX8071514900K,6 GHz,3.2 GHz,Intel Core i9,Yes: Hyper-Threading,LGA1700,125 W,32,
,Intel Core i9-14900K 3.2 GHz 24-Core,https://pcpartpicker.com/product/ZLjRsY/intel-core-i9-14900k-32-ghz-24-core-processor-bx8071514900k,24,Raptor Lake Refresh,Yes,4.4 GHz,2.4 GHz,No,No,,Intel UHD Graphics 770,32 MB,36 MB,7 nm,Intel,192 GB,Raptor Lake Refresh,Boxed,BX8071514900K,6 GHz,3.2 GHz,Intel Core i9,Yes: Hyper-Threading,LGA1700,125 W,32,
,AMD Ryzen 5 3500 3.6 GHz 6-Core,https://pcpartpicker.com/product/ZKqBD3/amd-ryzen-5-3500-36-ghz-6-core-processor-100-000000050,6,Matisse,No,,,Yes,Yes,,None,3 MB,32 MB,7 nm,AMD,128 GB,Zen 2,Boxed,100-000000050,4.1 GHz,3.6 GHz,AMD Ryzen 5,No,AM4,65 W,6,
,AMD Ryzen 5 7600X3D 4.1 GHz 6-Core,https://pcpartpicker.com/product/RVhv6h/amd-ryzen-5-7600x3d-41-ghz-6-core-processor-100-100001721wof,6,Raphael,Yes,,,No,No,,Radeon,6 MB,96 MB,5 nm,AMD,128 GB,Zen 4,Boxed,100-100001721WOF,4.7 GHz,4.1 GHz,AMD Ryzen 5,Yes,AM5,65 W,12,
,AMD Ryzen 7 7700X 4.5 GHz 8-Core,https://pcpartpicker.com/product/WfqPxr/amd-ryzen-7-7700x-45-ghz-8-core-processor-100-100000591wof,8,Raphael,Yes,,,No,No,,Radeon,8 MB,32 MB,5 nm,AMD,128 GB,Zen 4,Boxed,100-100000591WOF,5.4 GHz,4.5 GHz,AMD Ryzen 7,Yes,AM5,105 W,16,
,AMD Ryzen 7 7700X 4.5 GHz 8-Core,https://pcpartpicker.com/product/WfqPxr/amd-ryzen-7-7700x-45-ghz-8-core-processor-100-100000591wof,8,Raphael,Yes,,,No,No,,Radeon,8 MB,32 MB,5 nm,AMD,128 GB,Zen 4,Boxed,100-100000591WOF,5.4 GHz,4.5 GHz,AMD Ryzen 7,Yes,AM5,105 W,16,
,AMD Ryzen 9 7900X 4.7 GHz 12-Core,https://pcpartpicker.com/product/bwxRsY/amd-ryzen-9-7900x-47-ghz-12-core-processor-100-100000589wof,12,Raphael,Yes,,,No,No,,Radeon,12 MB,64 MB,5 nm,AMD,128 GB,Zen 4,Boxed,100-100000589WOF,5.6 GHz,4.7 GHz,AMD Ryzen 9,Yes,AM5,170 W,24,
,AMD Ryzen 7 7700X 4.5 GHz 8-Core,https://pcpartpicker.com/product/WfqPxr/amd-ryzen-7-7700x-45-ghz-8-core-processor-100-100000591wof,8,Raphael,Yes,,,No,No,,Radeon,8 MB,32 MB,5 nm,AMD,128 GB,Zen 4,Boxed,100-100000591WOF,5.4 GHz,4.5 GHz,AMD Ryzen 7,Yes,AM5,105 W,16,
,AMD Ryzen 7 7700X 4.5 GHz 8-Core,https://pcpartpicker.com/product/WfqPxr/amd-ryzen-7-7700x-45-ghz-8-core-processor-100-100000591wof,8,Raphael,Yes,,,No,No,,Radeon,8 MB,32 MB,5 nm,AMD,128 GB,Zen 4,Boxed,100-100000591WOF,5.4 GHz,4.5 GHz,AMD Ryzen 7,Yes,AM5,105 W,16,
,AMD Ryzen 5 7500F 3.7 GHz 6-Core OEM/Tray,https://pcpartpicker.com/product/ms4Zxr/amd-ryzen-5-7500f-37-ghz-6-core-oemtray-processor-100-000000597,6,Raphael,Yes,,,No,No,,None,6 MB,32 MB,5 nm,AMD,128 GB,Zen 4,OEM/Tray,100-000000597,5 GHz,3.7 GHz,AMD Ryzen 5,Yes,AM5,65 W,12,
,AMD Ryzen 7 9700X 3.8 GHz 8-Core,https://pcpartpicker.com/product/YMzXsY/amd-ryzen-7-9700x-38-ghz-8-core-processor-100-100001404wof,8,Granite Ridge,Yes,,,No,No,,Radeon,8 MB,32 MB,4 nm,AMD,192 GB,Zen 5,Boxed,100-100001404WOF,5.5 GHz,3.8 GHz,AMD Ryzen 7,Yes,AM5,65 W,16,
,AMD Ryzen 7 5700X3D 3 GHz 8-Core,https://pcpartpicker.com/product/3ZKscf/amd-ryzen-7-5700x3d-3-ghz-8-core-processor-100-100001503wof,8,Vermeer-X,No,,,No,No,,None,4 MB,96 MB,7 nm,AMD,128 GB,Zen 3,Boxed,100-100001503WOF,4.1 GHz,3 GHz,AMD Ryzen 7,Yes,AM4,105 W,16,
,Intel Core i7-11700KF 3.6 GHz 8-Core,https://pcpartpicker.com/product/Fgt9TW/intel-core-i7-11700kf-36-ghz-8-core-processor-bx8070811700kf,8,Rocket Lake-S,No,,,No,No,,None,4 MB,16 MB,14 nm,Intel,128 GB,Rocket Lake,Boxed,BX8070811700KF,5 GHz,3.6 GHz,Intel Core i7,Yes: Hyper-Threading,LGA1200,125 W,16,
,AMD Ryzen 7 9700X 3.8 GHz 8-Core,https://pcpartpicker.com/product/YMzXsY/amd-ryzen-7-9700x-38-ghz-8-core-processor-100-100001404wof,8,Granite Ridge,Yes,,,No,No,,Radeon,8 MB,32 MB,4 nm,AMD,192 GB,Zen 5,Boxed,100-100001404WOF,5.5 GHz,3.8 GHz,AMD Ryzen 7,Yes,AM5,65 W,16,
,AMD Ryzen 9 9900X 4.4 GHz 12-Core,https://pcpartpicker.com/product/Z6GhP6/amd-ryzen-9-9900x-44-ghz-12-core-processor-100-100000662wof,12,Granite Ridge,Yes,,,No,No,,Radeon,12 MB,64 MB,4 nm,AMD,192 GB,Zen 5,Boxed,100-100000662WOF,5.6 GHz,4.4 GHz,AMD Ryzen 9,Yes,AM5,120 W,24,
,AMD Ryzen 9 5900X 3.7 GHz 12-Core,https://pcpartpicker.com/product/KwLwrH/amd-ryzen-9-5900x-37-ghz-12-core-processor-100-100000061wof,12,Vermeer,No,,,No,No,,None,6 MB,64 MB,7 nm,AMD,128 GB,Zen 3,Boxed,100-100000061WOF,4.8 GHz,3.7 GHz,AMD Ryzen 9,Yes,AM4,105 W,24,
,AMD Ryzen 7 5700X3D 3 GHz 8-Core,https://pcpartpicker.com/product/3ZKscf/amd-ryzen-7-5700x3d-3-ghz-8-core-processor-100-100001503wof,8,Vermeer-X,No,,,No,No,,None,4 MB,96 MB,7 nm,AMD,128 GB,Zen 3,Boxed,100-100001503WOF,4.1 GHz,3 GHz,AMD Ryzen 7,Yes,AM4,105 W,16,
,AMD Ryzen 7 9700X 3.8 GHz 8-Core,https://pcpartpicker.com/product/YMzXsY/amd-ryzen-7-9700x-38-ghz-8-core-processor-100-100001404wof,8,Granite Ridge,Yes,,,No,No,,Radeon,8 MB,32 MB,4 nm,AMD,192 GB,Zen 5,Boxed,100-100001404WOF,5.5 GHz,3.8 GHz,AMD Ryzen 7,Yes,AM5,65 W,16,
,AMD Ryzen 7 7700X 4.5 GHz 8-Core,https://pcpartpicker.com/product/WfqPxr/amd-ryzen-7-7700x-45-ghz-8-core-processor-100-100000591wof,8,Raphael,Yes,,,No,No,,Radeon,8 MB,32 MB,5 nm,AMD,128 GB,Zen 4,Boxed,100-100000591WOF,5.4 GHz,4.5 GHz,AMD Ryzen 7,Yes,AM5,105 W,16,
,AMD Ryzen 9 9900X 4.4 GHz 12-Core,https://pcpartpicker.com/product/Z6GhP6/amd-ryzen-9-9900x-44-ghz-12-core-processor-100-100000662wof,12,Granite Ridge,Yes,,,No,No,,Radeon,12 MB,64 MB,4 nm,AMD,192 GB,Zen 5,Boxed,100-100000662WOF,5.6 GHz,4.4 GHz,AMD Ryzen 9,Yes,AM5,120 W,24,
,AMD Ryzen 7 9700X 3.8 GHz 8-Core,https://pcpartpicker.com/product/YMzXsY/amd-ryzen-7-9700x-38-ghz-8-core-processor-100-100001404wof,8,Granite Ridge,Yes,,,No,No,,Radeon,8 MB,32 MB,4 nm,AMD,192 GB,Zen 5,Boxed,100-100001404WOF,5.5 GHz,3.8 GHz,AMD Ryzen 7,Yes,AM5,65 W,16,
,AMD Ryzen 9 9900X 4.4 GHz 12-Core,https://pcpartpicker.com/product/Z6GhP6/amd-ryzen-9-9900x-44-ghz-12-core-processor-100-100000662wof,12,Granite Ridge,Yes,,,No,No,,Radeon,12 MB,64 MB,4 nm,AMD,192 GB,Zen 5,Boxed,100-100000662WOF,5.6 GHz,4.4 GHz,AMD Ryzen 9,Yes,AM5,120 W,24,
,AMD Ryzen 9 7900X 4.7 GHz 12-Core,https://pcpartpicker.com/product/bwxRsY/amd-ryzen-9-7900x-47-ghz-12-core-processor-100-100000589wof,12,Raphael,Yes,,,No,No,,Radeon,12 MB,64 MB,5 nm,AMD,128 GB,Zen 4,Boxed,100-100000589WOF,5.6 GHz,4.7 GHz,AMD Ryzen 9,Yes,AM5,170 W,24,
,AMD Ryzen 9 5900X 3.7 GHz 12-Core,https://pcpartpicker.com/product/KwLwrH/amd-ryzen-9-5900x-37-ghz-12-core-processor-100-100000061wof,12,Vermeer,No,,,No,No,,None,6 MB,64 MB,7 nm,AMD,128 GB,Zen 3,Boxed,100-100000061WOF,4.8 GHz,3.7 GHz,AMD Ryzen 9,Yes,AM4,105 W,24,
,AMD Ryzen 7 7700X 4.5 GHz 8-Core,https://pcpartpicker.com/product/WfqPxr/amd-ryzen-7-7700x-45-ghz-8-core-processor-100-100000591wof,8,Raphael,Yes,,,No,No,,Radeon,8 MB,32 MB,5 nm,AMD,128 GB,Zen 4,Boxed,100-100000591WOF,5.4 GHz,4.5 GHz,AMD Ryzen 7,Yes,AM5,105 W,16,
,Intel Core i5-12600KF 3.7 GHz 10-Core,https://pcpartpicker.com/product/Tk8bt6/intel-core-i5-12600kf-37-ghz-6-core-processor-bx8071512600kf,10,Alder Lake,No,3.6 GHz,2.8 GHz,No,No,,None,9.5 MB,20 MB,10 nm,Intel,128 GB,Alder Lake,Boxed,BX8071512600KF,4.9 GHz,3.7 GHz,Intel Core i5,Yes: Hyper-Threading,LGA1700,125 W,16,
,Intel Core i5-12600KF 3.7 GHz 10-Core,https://pcpartpicker.com/product/Tk8bt6/intel-core-i5-12600kf-37-ghz-6-core-processor-bx8071512600kf,10,Alder Lake,No,3.6 GHz,2.8 GHz,No,No,,None,9.5 MB,20 MB,10 nm,Intel,128 GB,Alder Lake,Boxed,BX8071512600KF,4.9 GHz,3.7 GHz,Intel Core i5,Yes: Hyper-Threading,LGA1700,125 W,16,
,Intel Core i5-14400F 2.5 GHz 10-Core,https://pcpartpicker.com/product/QkP8TW/intel-core-i5-14400f-25-ghz-10-core-processor-bx8071514400f,10,Raptor Lake Refresh,Yes,3.5 GHz,1.8 GHz,Yes,Yes,,None,9.5 MB,20 MB,7 nm,Intel,192 GB,Raptor Lake Refresh,Boxed,BX8071514400F,4.7 GHz,2.5 GHz,Intel Core i5,Yes: Hyper-Threading,LGA1700,65 W,16,
,AMD Ryzen 7 9700X 3.8 GHz 8-Core,https://pcpartpicker.com/product/YMzXsY/amd-ryzen-7-9700x-38-ghz-8-core-processor-100-100001404wof,8,Granite Ridge,Yes,,,No,No,,Radeon,8 MB,32 MB,4 nm,AMD,192 GB,Zen 5,Boxed,100-100001404WOF,5.5 GHz,3.8 GHz,AMD Ryzen 7,Yes,AM5,65 W,16,
,Intel Core i5-12400F 2.5 GHz 6-Core,https://pcpartpicker.com/product/pQNxFT/intel-core-i5-12400f-25-ghz-6-core-processor-bx8071512400f,6,Alder Lake,No,,,Yes,Yes,,None,7.5 MB,18 MB,10 nm,Intel,128 GB,Alder Lake,Boxed,BX8071512400F,4.4 GHz,2.5 GHz,Intel Core i5,Yes: Hyper-Threading,LGA1700,65 W,12,
,AMD Ryzen 7 9700X 3.8 GHz 8-Core,https://pcpartpicker.com/product/YMzXsY/amd-ryzen-7-9700x-38-ghz-8-core-processor-100-100001404wof,8,Granite Ridge,Yes,,,No,No,,Radeon,8 MB,32 MB,4 nm,AMD,192 GB,Zen 5,Boxed,100-100001404WOF,5.5 GHz,3.8 GHz,AMD Ryzen 7,Yes,AM5,65 W,16,
,AMD Ryzen 5 7600X3D 4.1 GHz 6-Core,https://pcpartpicker.com/product/RVhv6h/amd-ryzen-5-7600x3d-41-ghz-6-core-processor-100-100001721wof,6,Raphael,Yes,,,No,No,,Radeon,6 MB,96 MB,5 nm,AMD,128 GB,Zen 4,Boxed,100-100001721WOF,4.7 GHz,4.1 GHz,AMD Ryzen 5,Yes,AM5,65 W,12,
,AMD Ryzen 7 9700X 3.8 GHz 8-Core,https://pcpartpicker.com/product/YMzXsY/amd-ryzen-7-9700x-38-ghz-8-core-processor-100-100001404wof,8,Granite Ridge,Yes,,,No,No,,Radeon,8 MB,32 MB,4 nm,AMD,192 GB,Zen 5,Boxed,100-100001404WOF,5.5 GHz,3.8 GHz,AMD Ryzen 7,Yes,AM5,65 W,16,
,AMD Ryzen 7 9700X 3.8 GHz 8-Core,https://pcpartpicker.com/product/YMzXsY/amd-ryzen-7-9700x-38-ghz-8-core-processor-100-100001404wof,8,Granite Ridge,Yes,,,No,No,,Radeon,8 MB,32 MB,4 nm,AMD,192 GB,Zen 5,Boxed,100-100001404WOF,5.5 GHz,3.8 GHz,AMD Ryzen 7,Yes,AM5,65 W,16,
,Intel Core i9-14900K 3.2 GHz 24-Core,https://pcpartpicker.com/product/ZLjRsY/intel-core-i9-14900k-32-ghz-24-core-processor-bx8071514900k,24,Raptor Lake Refresh,Yes,4.4 GHz,2.4 GHz,No,No,,Intel UHD Graphics 770,32 MB,36 MB,7 nm,Intel,192 GB,Raptor Lake Refresh,Boxed,BX8071514900K,6 GHz,3.2 GHz,Intel Core i9,Yes: Hyper-Threading,LGA1700,125 W,32,
,Intel Core i5-7600K 3.8 GHz Quad-Core,https://pcpartpicker.com/product/dQM323/intel-core-i5-7600k-38ghz-quad-core-processor-bx80677i57600k,4,Kaby Lake-S,No,,,No,No,,Intel HD Graphics 630,1 MB,6 MB,14 nm,Intel,64 GB,Kaby Lake,Boxed,BX80677I57600K,4.2 GHz,3.8 GHz,Intel Core i5,No,LGA1151,91 W,4,
,AMD Ryzen 7 9700X 3.8 GHz 8-Core,https://pcpartpicker.com/product/YMzXsY/amd-ryzen-7-9700x-38-ghz-8-core-processor-100-100001404wof,8,Granite Ridge,Yes,,,No,No,,Radeon,8 MB,32 MB,4 nm,AMD,192 GB,Zen 5,Boxed,100-100001404WOF,5.5 GHz,3.8 GHz,AMD Ryzen 7,Yes,AM5,65 W,16,
,AMD Ryzen 7 9700X 3.8 GHz 8-Core,https://pcpartpicker.com/product/YMzXsY/amd-ryzen-7-9700x-38-ghz-8-core-processor-100-100001404wof,8,Granite Ridge,Yes,,,No,No,,Radeon,8 MB,32 MB,4 nm,AMD,192 GB,Zen 5,Boxed,100-100001404WOF,5.5 GHz,3.8 GHz,AMD Ryzen 7,Yes,AM5,65 W,16,
,Intel Core i5-14400F 2.5 GHz 10-Core,https://pcpartpicker.com/product/QkP8TW/intel-core-i5-14400f-25-ghz-10-core-processor-bx8071514400f,10,Raptor Lake Refresh,Yes,3.5 GHz,1.8 GHz,Yes,Yes,,None,9.5 MB,20 MB,7 nm,Intel,192 GB,Raptor Lake Refresh,Boxed,BX8071514400F,4.7 GHz,2.5 GHz,Intel Core i5,Yes: Hyper-Threading,LGA1700,65 W,16,
,Intel Core i5-12600K 3.7 GHz 10-Core,https://pcpartpicker.com/product/BB4Ycf/intel-core-i5-12600k-37-ghz-6-core-processor-bx8071512600k,10,Alder Lake,No,3.6 GHz,2.8 GHz,No,No,,Intel UHD Graphics 770,9.5 MB,20 MB,10 nm,Intel,128 GB,Alder Lake,Boxed,BX8071512600K,4.9 GHz,3.7 GHz,Intel Core i5,Yes: Hyper-Threading,LGA1700,125 W,16,
,Intel Core i5-13400F 2.5 GHz 10-Core,https://pcpartpicker.com/product/VNkWGX/intel-core-i5-13400f-25-ghz-10-core-processor-bx8071513400f,10,Raptor Lake,No,3.3 GHz,1.8 GHz,Yes,Yes,,None,9.5 MB,20 MB,10 nm,Intel,192 GB,Raptor Lake,Boxed,BX8071513400F,4.6 GHz,2.5 GHz,Intel Core i5,Yes: Hyper-Threading,LGA1700,65 W,16,
,Intel Core i5-13400F 2.5 GHz 10-Core,https://pcpartpicker.com/product/VNkWGX/intel-core-i5-13400f-25-ghz-10-core-processor-bx8071513400f,10,Raptor Lake,No,3.3 GHz,1.8 GHz,Yes,Yes,,None,9.5 MB,20 MB,10 nm,Intel,192 GB,Raptor Lake,Boxed,BX8071513400F,4.6 GHz,2.5 GHz,Intel Core i5,Yes: Hyper-Threading,LGA1700,65 W,16,
,Intel Core Ultra 9 285K 3.7 GHz 24-Core,https://pcpartpicker.com/product/VHYRsY/intel-core-ultra-9-285k-37-ghz-24-core-processor-bx80768285k,24,Arrow Lake,Yes,4.6 GHz,3.2 GHz,No,No,,Intel Xe,40 MB,36 MB,3 nm,Intel,256 GB,Arrow Lake,Boxed,BX80768285K,5.7 GHz,3.7 GHz,Intel Core Ultra 9,No,LGA1851,125 W,24,
,AMD Ryzen 5 8600G 4.3 GHz 6-Core,https://pcpartpicker.com/product/QqyH99/amd-ryzen-5-8600g-43-ghz-6-core-processor-100-100001237box,6,Phoenix 1,No,,,Yes,Yes,,Radeon 760M,6 MB,16 MB,4 nm,AMD,,Zen 4,Boxed,100-100001237BOX,5 GHz,4.3 GHz,AMD Ryzen 5,Yes,AM5,65 W,12,
,AMD Ryzen 5 4600G 3.7 GHz 6-Core,https://pcpartpicker.com/product/CNVmP6/amd-ryzen-5-4600g-37-ghz-6-core-processor-100-100000147box,6,Renoir,No,,,Yes,Yes,,Radeon Vega 7,3 MB,8 MB,7 nm,AMD,128 GB,Zen 2,Boxed,100-100000147BOX,4.2 GHz,3.7 GHz,AMD Ryzen 5,Yes,AM4,65 W,12,
,Intel Core i5-11600K 3.9 GHz 6-Core,https://pcpartpicker.com/product/RK3gXL/intel-core-i5-11600k-39-ghz-6-core-processor-bx8070811600k,6,Rocket Lake-S,No,,,No,No,,Intel UHD Graphics 750,3 MB,12 MB,14 nm,Intel,128 GB,Rocket Lake,Boxed,BX8070811600K,4.9 GHz,3.9 GHz,Intel Core i5,Yes: Hyper-Threading,LGA1200,125 W,12,
,AMD Ryzen 3 3200G 3.6 GHz Quad-Core,https://pcpartpicker.com/product/J8drxr/amd-ryzen-3-3200g-36-ghz-quad-core-processor-yd3200c5fhbox,4,Picasso,No,,,Yes,Yes,,Radeon Vega 8,2 MB,4 MB,12 nm,AMD,64 GB,Zen+,Boxed,Ryzen 3 3200G; YD3200C5FHBOX,4 GHz,3.6 GHz,AMD Ryzen 3,No,AM4,65 W,4,
,Intel Core i5-10400F 2.9 GHz 6-Core,https://pcpartpicker.com/product/vrhmP6/intel-core-i5-10400f-29-ghz-6-core-processor-bx8070110400f,6,Comet Lake,No,,,Yes,Yes,,None,1.5 MB,12 MB,14 nm,Intel,128 GB,Comet Lake,Boxed,BX8070110400F,4.3 GHz,2.9 GHz,Intel Core i5,Yes: Hyper-Threading,LGA1200,65 W,12,
,Intel Core i3-10100 3.6 GHz Quad-Core,https://pcpartpicker.com/product/qtqBD3/intel-core-i3-10100-36-ghz-quad-core-processor-bx8070110100,4,Comet Lake,No,,,Yes,Yes,,Intel UHD Graphics 630,1 MB,6 MB,14 nm,Intel,128 GB,Comet Lake,Boxed,BX8070110100,4.3 GHz,3.6 GHz,Intel Core i3,Yes: Hyper-Threading,LGA1200,65 W,8,
,AMD Ryzen 3 2200G 3.5 GHz Quad-Core,https://pcpartpicker.com/product/RkJtt6/amd-ryzen-3-2200g-35ghz-quad-core-processor-yd2200c5fbbox,4,Raven Ridge,No,,,Yes,Yes,,Radeon Vega 8,2 MB,4 MB,14 nm,AMD,,Zen,Boxed,YD2200C5FBBOX,3.7 GHz,3.5 GHz,AMD Ryzen 3,No,AM4,65 W,4,
,AMD Ryzen 5 5600XT 3.7 GHz 6-Core,https://pcpartpicker.com/product/GY6NnQ/amd-ryzen-5-5600xt-37-ghz-6-core-processor-100-100001585box,6,Vermeer,Yes,,,Yes,Yes,,None,3 MB,32 MB,7 nm,AMD,128 GB,Zen 3,Boxed,100-100001585BOX,4.7 GHz,3.7 GHz,AMD Ryzen 5,Yes,AM4,65 W,12,
,Intel Core i7-4790K 4 GHz Quad-Core,https://pcpartpicker.com/product/6vzv6h/intel-cpu-bx80646i74790k,4,Haswell Refresh,No,,,Yes,Yes,,Intel HD Graphics 4600,1 MB,8 MB,22 nm,Intel,,Haswell Refresh,Boxed,BX80646I74790K,4.4 GHz,4 GHz,Intel Core i7,Yes: Hyper-Threading,LGA1150,88 W,8,
,Intel Core i5-4460 3.2 GHz Quad-Core,https://pcpartpicker.com/product/F63RsY/intel-cpu-bx80646i54460,4,Haswell Refresh,No,,,Yes,Yes,,Intel HD Graphics 4600,1 MB,6 MB,22 nm,Intel,,Haswell Refresh,Boxed,BX80646I54460,3.4 GHz,3.2 GHz,Intel Core i5,No,LGA1150,84 W,4,
,Intel Core i9-12900KF 3.2 GHz 16-Core,https://pcpartpicker.com/product/2sstt6/intel-core-i9-12900kf-32-ghz-8-core-processor-bx8071512900kf,16,Alder Lake,No,3.9 GHz,2.4 GHz,No,No,,None,14 MB,30 MB,10 nm,Intel,128 GB,Alder Lake,Boxed,BX8071512900KF,5.2 GHz,3.2 GHz,Intel Core i9,Yes: Hyper-Threading,LGA1700,125 W,24,
,Intel Core i7-8700K 3.7 GHz 6-Core OEM/Tray,https://pcpartpicker.com/product/cjPzK8/intel-core-i7-8700k-37ghz-6-core-processor-cm8068403358220,6,Coffee Lake,No,,,No,No,,Intel UHD Graphics 630,1.5 MB,12 MB,14 nm,Intel,128 GB,Coffee Lake,OEM/Tray,CM8068403358220,4.7 GHz,3.7 GHz,Intel Core i7,Yes: Hyper-Threading,LGA1151,95 W,12,
,Intel Core i5-6600K 3.5 GHz Quad-Core,https://pcpartpicker.com/product/gx648d/intel-cpu-bx80662i56600k,4,Skylake-S,No,,,No,No,,Intel HD Graphics 530,1 MB,6 MB,14 nm,Intel,,Skylake,Boxed,BX80662I56600K,3.9 GHz,3.5 GHz,Intel Core i5,No,LGA1151,91 W,4,
,AMD Ryzen 5 3600X 3.8 GHz 6-Core,https://pcpartpicker.com/product/3WYLrH/amd-ryzen-5-3600x-38-ghz-6-core-processor-100-100000022box,6,Matisse,No,,,Yes,Yes,,None,3 MB,32 MB,7 nm,AMD,128 GB,Zen 2,Boxed,Ryzen 5 3600X; 100-100000022BOX,4.4 GHz,3.8 GHz,AMD Ryzen 5,Yes,AM4,95 W,12,
,Intel Core i7-6800K 3.4 GHz 6-Core,https://pcpartpicker.com/product/Td98TW/intel-cpu-bx80671i76800k,6,Broadwell-E,No,,,No,No,,None,1.5 MB,15 MB,14 nm,Intel,,Broadwell,Boxed,BX80671I76800K,3.6 GHz,3.4 GHz,Intel Core i7,Yes: Hyper-Threading,LGA2011-3,140 W,12,
,Intel Core i5-6500 3.2 GHz Quad-Core,https://pcpartpicker.com/product/xwhj4D/intel-cpu-bx80662i56500,4,Skylake-S,No,,,Yes,Yes,,Intel HD Graphics 530,1 MB,6 MB,14 nm,Intel,64 GB,Skylake,Boxed,BX80662I56500,3.6 GHz,3.2 GHz,Intel Core i5,No,LGA1151,65 W,4,
,Intel Core i7-4770 3.4 GHz Quad-Core,https://pcpartpicker.com/product/sCNp99/intel-cpu-bx80646i74770,4,Haswell,No,,,Yes,Yes,,Intel HD Graphics 4600,1 MB,8 MB,22 nm,Intel,,Haswell,Boxed,BX80646I74770,3.9 GHz,3.4 GHz,Intel Core i7,Yes: Hyper-Threading,LGA1150,84 W,8,
,Intel Xeon E3-1230 V2 3.3 GHz Quad-Core,https://pcpartpicker.com/product/VQrG3C/intel-cpu-bx80637e31230v2,4,Ivy Bridge,Yes,,,Yes,Yes,,None,1 MB,8 MB,22 nm,Intel,,Ivy Bridge,Boxed,BX80637E31230V2,,3.3 GHz,Intel Xeon E3,Yes: Hyper-Threading,LGA1155,69 W,8,
,Intel Core i5-4690K 3.5 GHz Quad-Core,https://pcpartpicker.com/product/Tvzv6h/intel-cpu-bx80646i54690k,4,Haswell Refresh,No,,,Yes,Yes,,Intel HD Graphics 4600,1 MB,6 MB,22 nm,Intel,,Haswell Refresh,Boxed,BX80646I54690K,3.9 GHz,3.5 GHz,Intel Core i5,No,LGA1150,88 W,4,
,Intel Core i7-4770 3.4 GHz Quad-Core,https://pcpartpicker.com/product/sCNp99/intel-cpu-bx80646i74770,4,Haswell,No,,,Yes,Yes,,Intel HD Graphics 4600,1 MB,8 MB,22 nm,Intel,,Haswell,Boxed,BX80646I74770,3.9 GHz,3.4 GHz,Intel Core i7,Yes: Hyper-Threading,LGA1150,84 W,8,
,Intel Core i5-4590 3.3 GHz Quad-Core,https://pcpartpicker.com/product/7bNp99/intel-cpu-bx80646i54590,4,Haswell Refresh,No,,,Yes,Yes,,Intel HD Graphics 4600,1 MB,6 MB,22 nm,Intel,,Haswell Refresh,Boxed,BX80646I54590,3.7 GHz,3.3 GHz,Intel Core i5,No,LGA1150,84 W,4,
,AMD Ryzen 7 3800X 3.9 GHz 8-Core,https://pcpartpicker.com/product/qryV3C/amd-ryzen-7-3800x-39-ghz-8-core-processor-100-100000025box,8,Matisse,No,,,Yes,Yes,,None,4 MB,32 MB,7 nm,AMD,128 GB,Zen 2,Boxed,Ryzen 7 3800X; 100-100000025BOX,4.5 GHz,3.9 GHz,AMD Ryzen 7,Yes,AM4,105 W,16,
,Intel Core i7-6700 3.4 GHz Quad-Core,https://pcpartpicker.com/product/7V7CmG/intel-cpu-bx80662i76700,4,Skylake-S,No,,,Yes,Yes,,Intel HD Graphics 530,1 MB,8 MB,14 nm,Intel,64 GB,Skylake,Boxed,BX80662I76700,4 GHz,3.4 GHz,Intel Core i7,Yes: Hyper-Threading,LGA1151,65 W,8,
,Intel Core i5-8600K 3.6 GHz 6-Core,https://pcpartpicker.com/product/Mr2rxr/intel-core-i5-8600k-36ghz-6-core-processor-bx80684i58600k,6,Coffee Lake,No,,,No,No,,Intel UHD Graphics 630,1.5 MB,9 MB,14 nm,Intel,128 GB,Coffee Lake,Boxed,BX80684I58600K,4.3 GHz,3.6 GHz,Intel Core i5,No,LGA1151,95 W,6,
,Intel Core i7-6700 3.4 GHz Quad-Core,https://pcpartpicker.com/product/7V7CmG/intel-cpu-bx80662i76700,4,Skylake-S,No,,,Yes,Yes,,Intel HD Graphics 530,1 MB,8 MB,14 nm,Intel,64 GB,Skylake,Boxed,BX80662I76700,4 GHz,3.4 GHz,Intel Core i7,Yes: Hyper-Threading,LGA1151,65 W,8,
,Intel Core i5-6400 2.7 GHz Quad-Core OEM/Tray,https://pcpartpicker.com/product/kYH48d/intel-cpu-cm8066201920506,4,Skylake-S,No,,,No,No,,Intel HD Graphics 530,1 MB,6 MB,14 nm,Intel,64 GB,Skylake,OEM/Tray,CM8066201920506,3.3 GHz,2.7 GHz,Intel Core i5,No,LGA1151,65 W,4,
,Intel Core i9-10900K 3.7 GHz 10-Core,https://pcpartpicker.com/product/cwFKHx/intel-core-i9-10900k-37-ghz-10-core-processor-bx8070110900k,10,Comet Lake,No,,,No,No,,Intel UHD Graphics 630,2.5 MB,20 MB,14 nm,Intel,128 GB,Comet Lake,Boxed,BX8070110900K,5.3 GHz,3.7 GHz,Intel Core i9,Yes: Hyper-Threading,LGA1200,125 W,20,
,Intel Core i5-10600KF 4.1 GHz 6-Core,https://pcpartpicker.com/product/p6jNnQ/intel-core-i5-10600kf-41-ghz-6-core-processor-bx8070110600kf,6,Comet Lake,No,,,No,No,,None,1.5 MB,12 MB,14 nm,Intel,128 GB,Comet Lake,Boxed,BX8070110600KF,4.8 GHz,4.1 GHz,Intel Core i5,Yes: Hyper-Threading,LGA1200,125 W,12,
,AMD Ryzen 7 2700 3.2 GHz 8-Core,https://pcpartpicker.com/product/WPQG3C/amd-ryzen-7-2700-32ghz-8-core-processor-yd2700bbafbox,8,Pinnacle Ridge,No,,,Yes,Yes,,None,4 MB,16 MB,12 nm,AMD,64 GB,Zen+,Boxed,YD2700BBAFBOX,4.1 GHz,3.2 GHz,AMD Ryzen 7,Yes,AM4,65 W,16,
,AMD Ryzen 7 8700G 4.2 GHz 8-Core,https://pcpartpicker.com/product/K4vD4D/amd-ryzen-7-8700g-42-ghz-8-core-processor-100-100001236box,8,Phoenix 1,No,,,Yes,Yes,,Radeon 780M,8 MB,16 MB,4 nm,AMD,,Zen 4,Boxed,100-100001236BOX,5.1 GHz,4.2 GHz,AMD Ryzen 7,Yes,AM5,65 W,16,
,Intel Core i5-7600 3.5 GHz Quad-Core,https://pcpartpicker.com/product/3pWrxr/intel-core-i5-7600-35ghz-quad-core-processor-bx80677i57600,4,Kaby Lake-S,No,,,Yes,Yes,,Intel HD Graphics 630,1 MB,6 MB,14 nm,Intel,64 GB,Kaby Lake,Boxed,BX80677I57600,4.1 GHz,3.5 GHz,Intel Core i5,No,LGA1151,65 W,4,
,Intel Core i7-13700 2.1 GHz 16-Core,https://pcpartpicker.com/product/8VqPxr/intel-core-i7-13700-21-ghz-16-core-processor-bx8071513700,16,Raptor Lake,Yes,4.1 GHz,1.5 GHz,Yes,Yes,,Intel UHD Graphics 770,24 MB,30 MB,10 nm,Intel,192 GB,Raptor Lake,Boxed,BX8071513700,5.2 GHz,2.1 GHz,Intel Core i7,Yes: Hyper-Threading,LGA1700,65 W,24,
,AMD FX-6100 3.3 GHz 6-Core OEM/Tray,https://pcpartpicker.com/product/PkMFf7/amd-cpu-fd6100wmgusbx,6,Zambezi,No,,,Yes,Yes,,None,6 MB,6 MB,32 nm,AMD,,Bulldozer,OEM/Tray,FD6100WMGUSBX,,3.3 GHz,AMD FX,No,AM3+,95 W,6,
,Intel Core i7-9700KF 3.6 GHz 8-Core,https://pcpartpicker.com/product/LhCD4D/intel-core-i7-9700kf-36-ghz-8-core-processor-bx80684i79700kf,8,Coffee Lake Refresh,No,,,No,No,,None,2 MB,12 MB,14 nm,Intel,128 GB,Coffee Lake Refresh,Boxed,BX80684I79700KF,4.9 GHz,3.6 GHz,Intel Core i7,No,LGA1151,95 W,8,
,AMD FX-8350 4 GHz 8-Core,https://pcpartpicker.com/product/ykphP6/amd-cpu-fd8350frhkbox,8,Vishera,No,,,Yes,Yes,,None,8 MB,8 MB,32 nm,AMD,,Piledriver,Boxed,FD8350FRHKBOX,,4 GHz,AMD FX,No,AM3+,125 W,8,
,AMD Ryzen 7 5700G 3.8 GHz 8-Core,https://pcpartpicker.com/product/ycGbt6/amd-ryzen-7-5700g-38-ghz-8-core-processor-100-100000263box,8,Cezanne,No,,,Yes,Yes,,Radeon Vega 8,4 MB,16 MB,7 nm,AMD,128 GB,Zen 3,Boxed,100-100000263BOX,4.6 GHz,3.8 GHz,AMD Ryzen 7,Yes,AM4,65 W,16,
,Intel Core i5-2400 3.1 GHz Quad-Core,https://pcpartpicker.com/product/jxJwrH/intel-cpu-bx80623i52400,4,Sandy Bridge,No,,,Yes,Yes,,Intel HD Graphics 2000,0.5 MB,6 MB,32 nm,Intel,,Sandy Bridge,Boxed,BX80623I52400,,3.1 GHz,Intel Core i5,No,LGA1155,95 W,4,
,Intel Core i5-14600KF 3.5 GHz 14-Core,https://pcpartpicker.com/product/zyyH99/intel-core-i5-14600kf-35-ghz-14-core-processor-bx8071514600kf,14,Raptor Lake Refresh,Yes,4 GHz,2.6 GHz,No,No,,None,20 MB,24 MB,7 nm,Intel,192 GB,Raptor Lake Refresh,Boxed,BX8071514600KF,5.3 GHz,3.5 GHz,Intel Core i5,Yes: Hyper-Threading,LGA1700,125 W,20,
,Intel Core i5-8500 3 GHz 6-Core,https://pcpartpicker.com/product/kFKcCJ/intel-core-i5-8500-3ghz-6-core-processor-bx80684i58500,6,Coffee Lake,No,,,Yes,Yes,,Intel UHD Graphics 630,1.5 MB,9 MB,14 nm,Intel,128 GB,Coffee Lake,Boxed,BX80684I58500,4.1 GHz,3 GHz,Intel Core i5,No,LGA1151,65 W,6,
,Intel Core i7-7800X 3.5 GHz 6-Core,https://pcpartpicker.com/product/ymtWGX/intel-core-i7-7800x-35ghz-6-core-processor-bx80673i77800x,6,Skylake-X,No,,,No,No,,None,6 MB,8.25 MB,14 nm,Intel,128 GB,Skylake,Boxed,BX80673I77800X,4 GHz,3.5 GHz,Intel Core i7,Yes: Hyper-Threading,LGA2066,140 W,12,
,Intel Core i5-10600 3.3 GHz 6-Core,https://pcpartpicker.com/product/hftKHx/intel-core-i5-10600-33-ghz-6-core-processor-bx8070110600,6,Comet Lake,No,,,Yes,Yes,,Intel UHD Graphics 630,1.5 MB,12 MB,14 nm,Intel,128 GB,Comet Lake,Boxed,BX8070110600,4.8 GHz,3.3 GHz,Intel Core i5,Yes: Hyper-Threading,LGA1200,65 W,12,
,Intel Core i7-12700F 2.1 GHz 12-Core,https://pcpartpicker.com/product/LT3gXL/intel-core-i7-12700f-21-ghz-12-core-processor-bx8071512700f,12,Alder Lake,No,3.6 GHz,1.6 GHz,Yes,Yes,,None,12 MB,25 MB,10 nm,Intel,128 GB,Alder Lake,Boxed,BX8071512700F,4.9 GHz,2.1 GHz,Intel Core i7,Yes: Hyper-Threading,LGA1700,65 W,20,
,AMD Ryzen 7 5700 3.7 GHz 8-Core,https://pcpartpicker.com/product/9NFmP6/amd-ryzen-7-5700-37-ghz-8-core-processor-100-000000743box,8,Cezanne,No,,,Yes,Yes,,None,4 MB,16 MB,7 nm,AMD,128 GB,Zen 3,Boxed,100-000000743BOX; 100-100000743BOX; Ryzen 7 5700,4.6 GHz,3.7 GHz,AMD Ryzen 7,Yes,AM4,65 W,16,
,Not Specified,No Link,,,,,,,,,,,,,,,,,,,,,,,,,
,Intel Core i9-9900K (Standard Folding Box) 3.6 GHz 8-Core,https://pcpartpicker.com/product/8jdrxr/intel-core-i9-9900k-36-ghz-8-core-processor-bx806849900k,8,Coffee Lake Refresh,No,,,No,No,,Intel UHD Graphics 630,2 MB,16 MB,14 nm,Intel,128 GB,Coffee Lake Refresh,Boxed,BX806849900K,5 GHz,3.6 GHz,Intel Core i9,Yes: Hyper-Threading,LGA1151,95 W,16,Core i9-9900K (Standard Folding Box)
,Not Specified,No Link,,,,,,,,,,,,,,,,,,,,,,,,,
,Not Specified,No Link,,,,,,,,,,,,,,,,,,,,,,,,,
,Not Specified,No Link,,,,,,,,,,,,,,,,,,,,,,,,,
,Not Specified,No Link,,,,,,,,,,,,,,,,,,,,,,,,,
,Not Specified,No Link,,,,,,,,,,,,,,,,,,,,,,,,,
