component_name,component_link,AMP_Molex_4pin_Connectors,ATX_4pin_Connectors,Color,EPS_8pin_Connectors,Efficiency_Rating,Fanless,Length,Manufacturer,Modular,PCIe_12pin_Connectors,PCIe_16pin_12VHPWR_Connectors,PCIe_62pin_Connectors,PCIe_6pin_Connectors,PCIe_8pin_Connectors,Part__,SATA_Connectors,Type,Wattage
Be Quiet! Straight Power 12 1200 W 80+ Platinum Certified Fully Modular Atx,https://pcpartpicker.com/product/L7CZxr/be-quiet-straight-power-12-1200-w-80-platinum-certified-fully-modular-atx-power-supply-bn339,2,0,Black,2,80+ Platinum,FALSE,180,Be Quiet!,Full,0,2,4,0,0,BN339,9,ATX,1200
Enermax Revolution D.F. 2 1050 W 80+ Gold Certified Fully Modular Atx,https://pcpartpicker.com/product/WjcgXL/enermax-revolution-df-2-1050-w-80-gold-certified-fully-modular-atx-power-supply-ers1050ewt,4,0,Black,2,80+ Gold,FALSE,140,Enermax,Full,0,0,6,0,0,ERS1050EWT,8,ATX,1050
Be Quiet! Straight Power 12 1500 W 80+ Platinum Certified Fully Modular Atx,https://pcpartpicker.com/product/GjWJ7P/be-quiet-straight-power-12-1500-w-80-platinum-certified-fully-modular-atx-power-supply-bn340,2,0,Black,2,80+ Platinum,FALSE,180,Be Quiet!,Full,0,2,4,0,0,BN340,9,ATX,1500
Seasonic Vertex Px-1200 1200 W 80+ Platinum Certified Fully Modular Atx,https://pcpartpicker.com/product/VLWzK8/seasonic-vertex-px-1200-1200-w-80-platinum-certified-fully-modular-atx-power-supply-vertex-px-1200,3,0,Black / Silver,2,80+ Platinum,FALSE,160,Seasonic,Full,0,1,3,0,0,VERTEX PX-1200,18,ATX,1200
Msi Meg Ai-T Pcie5 1600 W 80+ Titanium Certified Fully Modular Atx,https://pcpartpicker.com/product/9D2j4D/msi-meg-ai-t-pcie5-1600-w-80-titanium-certified-fully-modular-atx-power-supply-meg-ai1600t-pcie5,8,0,Black / Gold,2,80+ Titanium,FALSE,190,Msi,Full,0,2,9,0,0,MEG Ai1600T PCIE5,8,ATX,1600
Msi Mag A750Gl Pcie5 750 W 80+ Gold Certified Fully Modular Atx,https://pcpartpicker.com/product/dbCZxr/msi-mag-a750gl-pcie5-750-w-80-gold-certified-fully-modular-atx-power-supply-mag-a750gl-pcie5,4,0,Black,2,80+ Gold,FALSE,140,Msi,Full,0,1,3,0,0,MAG A750GL PCIE5,8,ATX,750
Msi Mag A550Bn 550 W 80+ Bronze Certified Atx,https://pcpartpicker.com/product/mnVmP6/msi-mag-a550bn-550-w-80-bronze-certified-atx-power-supply-mag-a550bn,2,0,Black,1,80+ Bronze,FALSE,140,Msi,No,0,0,2,0,0,MAG A550BN,5,ATX,550
Msi Mag A650Bn 650 W 80+ Bronze Certified Atx,https://pcpartpicker.com/product/8LNxFT/msi-mag-a-bn-650-w-80-bronze-certified-atx-power-supply-mag-a650bn,2,0,Black,1,80+ Bronze,FALSE,140,Msi,No,0,0,2,0,0,MAG A650BN,5,ATX,650
Montech Titan Gold 850W 850 W 80+ Gold Certified Fully Modular Atx,https://pcpartpicker.com/product/fJFbt6/montech-titan-gold-850w-850-w-80-gold-certified-fully-modular-atx-power-supply-titan-gold-850w,4,0,Black,4,80+ Gold,FALSE,160,Montech,Full,0,1,4,0,0,TITAN GOLD 850W,12,ATX,850
Gamdias Kratos M1 B 550 W 80+ Bronze Certified Atx,https://pcpartpicker.com/product/VTNxFT/gamdias-kratos-m1-b-550-w-80-bronze-certified-atx-power-supply-kratos-m1-550b,2,0,Black,1,80+ Bronze,FALSE,140,Gamdias,No,0,0,2,0,0,KRATOS M1-550B,5,ATX,550
Msi Mag A850Gl Pcie5 850 W 80+ Gold Certified Fully Modular Atx,https://pcpartpicker.com/product/zF4Zxr/msi-mag-a850gl-pcie5-850-w-80-gold-certified-fully-modular-atx-power-supply-mag-a850gl-pcie5,4,0,Black,2,80+ Gold,FALSE,140,Msi,Full,0,1,4,0,0,MAG A850GL PCIE5,8,ATX,850
Super Flower Leadex Iii Gold 850 W 80+ Gold Certified Fully Modular Atx,https://pcpartpicker.com/product/8z7p99/super-flower-leadex-iii-gold-850-w-80-gold-certified-fully-modular-atx-power-supply-sf-850f14hg,4,0,Black,2,80+ Gold,FALSE,160,Super Flower,Full,0,0,6,0,0,SF-850F14HG,9,ATX,850
Raijintek Cratos 1000 W 80+ Gold Certified Fully Modular Atx,https://pcpartpicker.com/product/DKbRsY/raijintek-cratos-1000-w-80-gold-certified-fully-modular-atx-power-supply-0r30b00005,4,0,Black,2,80+ Gold,FALSE,140,Raijintek,Full,0,1,4,0,0,0R30B00005,8,ATX,1000
Msi Mpg A850G Pcie5 850 W 80+ Gold Certified Fully Modular Atx,https://pcpartpicker.com/product/nhC48d/msi-mpg-a850g-pcie5-850-w-80-gold-certified-fully-modular-atx-power-supply-mpg-a850g-pcie5,4,0,Black,2,80+ Gold,FALSE,150,Msi,Full,0,1,6,0,0,MPG A850G PCIE5,8,ATX,850
Be Quiet! Straight Power 12 1000 W 80+ Platinum Certified Fully Modular Atx,https://pcpartpicker.com/product/NyxxFT/be-quiet-straight-power-12-1000-w-80-platinum-certified-fully-modular-atx-power-supply-bn338,2,0,Black,2,80+ Platinum,FALSE,160,Be Quiet!,Full,0,1,4,0,0,BN338,9,ATX,1000
"Fsp Group Hydro Ti Pro,Gen 5 1000 W 80+ Titanium Certified Fully Modular Atx",https://pcpartpicker.com/product/3yKscf/fsp-group-hydro-ti-progen-5-1000-w-80-titanium-certified-fully-modular-atx-power-supply-hti-1000mgen5,4,0,Black,2,80+ Titanium,FALSE,150,Fsp Group,Full,0,1,5,0,0,"HTI-1000M,Gen5",12,ATX,1000
Seasonic Focus Gx V4 Atx 3 (2024) 850 W 80+ Gold Certified Fully Modular Atx,https://pcpartpicker.com/product/ZNXV3C/seasonic-focus-gx-atx-30-v4-2024-850-w-80-gold-certified-fully-modular-atx-power-supply-focus-gx-850-v4-white,3,0,White,2,80+ Gold,FALSE,140,Seasonic,Full,0,1,3,0,0,FOCUS-GX-850-V4-WHITE,8,ATX,850
Msi Meg Ai1300P Pcie5 1300 W 80+ Platinum Certified Fully Modular Atx,https://pcpartpicker.com/product/JDGbt6/msi-meg-ai1300p-pcie5-1300-w-80-platinum-certified-fully-modular-atx-power-supply-meg-ai1300p-pcie5,4,0,Black / Copper,2,80+ Platinum,FALSE,160,Msi,Full,0,1,8,0,0,MEG Ai1300P PCIE5,16,ATX,1300
Super Flower Leadex Platinum Se 1000 W 80+ Platinum Certified Fully Modular Atx,https://pcpartpicker.com/product/DMbTwP/super-flower-leadex-platinum-se-1000-w-80-platinum-certified-fully-modular-atx-power-supply-sf-1000f14mp-v2,5,0,Black,2,80+ Platinum,FALSE,180,Super Flower,Full,0,0,6,2,0,SF-1000F14MP V2,10,ATX,1000
Thermaltake Toughpower Gf3 Tt Premium 850 W 80+ Gold Certified Fully Modular Atx,https://pcpartpicker.com/product/phVmP6/thermaltake-toughpower-gf3-tt-premium-850-w-80-gold-certified-fully-modular-atx-power-supply-ps-tpd-0850fnfagu-4,4,0,Black,2,80+ Gold,FALSE,160,Thermaltake,Full,0,1,4,0,0,PS-TPD-0850FNFAGU-4,12,ATX,850
Thermaltake Smart Bm3 750 W 80+ Bronze Certified Semi-Modular Atx,https://pcpartpicker.com/product/hDQKHx/thermaltake-smart-bm3-750-w-80-bronze-certified-semi-modular-atx-power-supply-ps-spd-0750mnfabu-3,7,0,Black,2,80+ Bronze,FALSE,140,Thermaltake,Semi,0,1,4,0,0,PS-SPD-0750MNFABU-3,6,ATX,750
Lian Li Edge 1000 W 80+ Platinum Certified Fully Modular Atx,https://pcpartpicker.com/product/WX4Zxr/lian-li-edge-1000-w-80-platinum-certified-fully-modular-atx-power-supply-eg1000-white,4,0,White,2,80+ Platinum,FALSE,182,Lian Li,Full,0,1,4,0,0,EG1000 White,12,ATX,1000
Msi Mpg A1000Gs Pcie5 1000 W 80+ Gold Certified Fully Modular Atx,https://pcpartpicker.com/product/2kXMnQ/msi-mpg-a1000gs-pcie5-1000-w-80-gold-certified-fully-modular-atx-power-supply-mpg-a1000gs-pcie5,4,0,Black,2,80+ Gold,FALSE,150,Msi,Full,0,2,1,0,0,MPG A1000GS PCIE5,8,ATX,1000
Fsp Group Hexa 85+ 350 W 80+ Bronze Certified Atx,https://pcpartpicker.com/product/6Dx2FT/fsp-group-hexa-85-350w-80-bronze-certified-atx-power-supply-hexa-85-350w,2,0,Black,1,80+ Bronze,FALSE,140,Fsp Group,No,0,0,0,1,0,HEXA 85+ 350W,4,ATX,350
Powerspec Ps 750Bsm 750 W 80+ Bronze Certified Semi-Modular Atx,https://pcpartpicker.com/product/ZC4BD3/powerspec-750-w-80-bronze-certified-semi-modular-atx-power-supply-ps-750bsm,4,0,Black,1,80+ Bronze,FALSE,160,Powerspec,Semi,0,0,4,0,0,PS 750BSM,6,ATX,750
Fsp Group Vita-1000Gm 1000 W 80+ Gold Certified Fully Modular Atx,https://pcpartpicker.com/product/VktLrH/fsp-group-vita-1000gm-1000-w-80-gold-certified-fully-modular-atx-power-supply-vita-1000gm,4,0,Black,2,80+ Gold,FALSE,140,Fsp Group,Full,0,1,4,0,0,VITA-1000GM,8,ATX,1000
Asus Rog Loki 1000 W 80+ Platinum Certified Fully Modular Sfx,https://pcpartpicker.com/product/tmYmP6/asus-loki-1000-w-80-platinum-certified-fully-modular-sfx-power-supply-90ye00n1-b0na00,4,0,Silver / Black,2,80+ Platinum,FALSE,125,Asus,Full,0,1,3,0,0,90YE00N1-B0NA00,6,SFX,1000
Apevia Prestige 600 W 80+ Gold Certified Atx,https://pcpartpicker.com/product/xLtKHx/apevia-prestige-600-w-80-gold-certified-atx-power-supply-atx-rp600w,4,0,Black,1,80+ Gold,FALSE,160,Apevia,No,0,0,2,0,0,ATX-RP600W,4,ATX,600
Enermax Revolution D.F. X 850 W 80+ Gold Certified Fully Modular Atx,https://pcpartpicker.com/product/LNyH99/enermax-revolution-df-x-850-w-80-gold-certified-fully-modular-atx-power-supply-ert850ewt,6,0,Black,2,80+ Gold,FALSE,140,Enermax,Full,0,2,4,0,0,ERT850EWT,12,ATX,850
Thermaltake Toughpower Gf3 Tt Premium 1000 W 80+ Gold Certified Fully Modular Atx,https://pcpartpicker.com/product/HXjBD3/thermaltake-toughpower-gf3-tt-premium-1000-w-80-gold-certified-fully-modular-atx-power-supply-ps-tpd-1000fnfagu-4,4,0,Black,2,80+ Gold,FALSE,160,Thermaltake,Full,0,1,4,0,0,PS-TPD-1000FNFAGU-4,12,ATX,1000
Asus Rog Strix 650 W 80+ Gold Certified Fully Modular Atx,https://pcpartpicker.com/product/DRVG3C/asus-rog-strix-650-w-80-gold-certified-fully-modular-atx-power-supply-rog-strix-650g,3,0,Black / Red,2,80+ Gold,FALSE,160,Asus,Full,0,0,4,0,0,ROG-STRIX-650G,8,ATX,650
Super Flower Leadex Vii Platinum Pro 850 W 80+ Platinum Certified Fully Modular Atx,https://pcpartpicker.com/product/QJXV3C/super-flower-leadex-vii-platinum-pro-850-w-80-platinum-certified-fully-modular-atx-power-supply-sf-850f14xp,4,0,Black,2,80+ Platinum,FALSE,150,Super Flower,Full,0,1,3,0,0,SF-850F14XP,12,ATX,850
Msi Mag A1250Gl Pcie5 1250 W 80+ Gold Certified Fully Modular Atx,https://pcpartpicker.com/product/qxdG3C/msi-mag-a1250gl-pcie5-1250-w-80-gold-certified-fully-modular-atx-power-supply-mag-a1250gl-pcie5,4,0,Black,2,80+ Gold,FALSE,150,Msi,Full,0,1,4,0,0,MAG A1250GL PCIE5,12,ATX,1250
Seasonic Focus Gx V4 Atx 3 (2024) 1000 W 80+ Gold Certified Fully Modular Atx,https://pcpartpicker.com/product/YkCZxr/seasonic-focus-gx-atx-30-v4-2024-1000-w-80-gold-certified-fully-modular-atx-power-supply-focus-gx-1000-v4,3,0,Black,2,80+ Gold,FALSE,140,Seasonic,Full,0,1,3,0,0,FOCUS-GX-1000-V4,8,ATX,1000
Adata Xpg Pylon 650 W 80+ Bronze Certified Atx,https://pcpartpicker.com/product/LWYQzy/adata-xpg-pylon-650-w-80-bronze-certified-atx-power-supply-pylon650b-bkcus,1,0,Black,1,80+ Bronze,FALSE,140,Adata,No,0,0,4,0,0,PYLON650B-BKCUS,8,ATX,650
Rosewill Cmg1000G5 1000 W 80+ Gold Certified Fully Modular Atx,https://pcpartpicker.com/product/9LsV3C/rosewill-cmg1000g5-1000-w-80-gold-certified-fully-modular-atx-power-supply-cmg1000g5,4,0,Black,2,80+ Gold,FALSE,140,Rosewill,Full,0,1,4,0,0,CMG1000G5,8,ATX,1000
Super Flower Leadex Platinum 850 W 80+ Platinum Certified Fully Modular Atx,https://pcpartpicker.com/product/mW4Ycf/super-flower-leadex-platinum-850-w-80-platinum-certified-fully-modular-atx-power-supply-sf-850f14mp,5,0,Black,2,80+ Platinum,FALSE,165,Super Flower,Full,0,0,4,0,0,SF-850F14MP,10,ATX,850
Be Quiet! Pure Power 12 M 850 W 80+ Gold Certified Fully Modular Atx,https://pcpartpicker.com/product/4XsV3C/be-quiet-pure-power-12-m-850-w-80-gold-certified-fully-modular-atx-power-supply-bn505,2,0,Black,2,80+ Gold,FALSE,160,Be Quiet!,Full,0,1,4,0,0,BN505,6,ATX,850
Seasonic Vertex Gx-1000 1000 W 80+ Gold Certified Fully Modular Atx,https://pcpartpicker.com/product/RqYmP6/seasonic-vertex-gx-1000-1000-w-80-gold-certified-fully-modular-atx-power-supply-vertex-gx-1000,3,0,Black / Silver,2,80+ Gold,FALSE,160,Seasonic,Full,0,1,3,0,0,VERTEX GX-1000,18,ATX,1000
Be Quiet! Pure Power 12 M 1000 W 80+ Gold Certified Fully Modular Atx,https://pcpartpicker.com/product/fKHqqs/be-quiet-pure-power-12-m-1000-w-80-gold-certified-fully-modular-atx-power-supply-bn506,2,0,Black,2,80+ Gold,FALSE,160,Be Quiet!,Full,0,1,4,0,0,BN506,6,ATX,1000
Seasonic Focus Gx 750 W 80+ Gold Certified Fully Modular Atx,https://pcpartpicker.com/product/97848d/seasonic-focus-gx-750-w-80-gold-certified-fully-modular-atx-power-supply-focus-gx-750,3,0,Black,2,80+ Gold,FALSE,140,Seasonic,Full,0,0,4,0,0,FOCUS-GX-750,10,ATX,750
Lian Li Edge 1000 W 80+ Platinum Certified Fully Modular Atx,https://pcpartpicker.com/product/ZCHqqs/lian-li-edge-1000-w-80-platinum-certified-fully-modular-atx-power-supply-eg1000,4,0,Black,2,80+ Platinum,FALSE,182,Lian Li,Full,0,1,4,0,0,EG1000,12,ATX,1000
Thermaltake Toughpower Gf1 (2024) 850 W 80+ Gold Certified Fully Modular Atx,https://pcpartpicker.com/product/kVyH99/thermaltake-toughpower-gf1-2024-850-w-80-gold-certified-fully-modular-atx-power-supply-ps-tpd-0850fnfagu-p,4,0,Black,2,80+ Gold,FALSE,140,Thermaltake,Full,0,0,6,0,0,PS-TPD-0850FNFAGU-P,8,ATX,850
Super Flower Leadex V Pro 1000 W 80+ Platinum Certified Fully Modular Atx,https://pcpartpicker.com/product/r9BG3C/super-flower-leadex-v-pro-1000-w-80-platinum-certified-fully-modular-atx-power-supply-sf-1000f14tp-wt,4,0,White,2,80+ Platinum,FALSE,130,Super Flower,Full,0,0,8,0,0,SF-1000F14TP-WT,12,ATX,1000
Be Quiet! System Power 9 600 W 80+ Bronze Certified Atx,https://pcpartpicker.com/product/Wkprxr/be-quiet-system-power-9-600-w-80-bronze-certified-atx-power-supply-bn247,2,0,Black,1,80+ Bronze,FALSE,140,Be Quiet!,No,0,0,4,0,0,BN247,6,ATX,600
Corsair Cx (2023) 550 W 80+ Bronze Certified Atx,https://pcpartpicker.com/product/f2fxFT/corsair-cx-2023-550-w-80-bronze-certified-atx-power-supply-cp-9020277-na,2,0,Black,1,80+ Bronze,FALSE,125,Corsair,No,0,0,2,0,0,CP-9020277-NA,3,ATX,550
Gigabyte Ud-Gm Pg5 850 W 80+ Gold Certified Fully Modular Atx,https://pcpartpicker.com/product/4LHqqs/gigabyte-ud-gm-pg5-850-w-80-gold-certified-fully-modular-atx-power-supply-gp-ud850gm-pg5w,3,0,White,2,80+ Gold,FALSE,140,Gigabyte,Full,0,1,4,0,0,GP-UD850GM PG5W,8,ATX,850
Be Quiet! Pure Power 12 M 750 W 80+ Gold Certified Fully Modular Atx,https://pcpartpicker.com/product/Yp9wrH/be-quiet-pure-power-12-m-750-w-80-gold-certified-fully-modular-atx-power-supply-bn504,2,0,Black,2,80+ Gold,FALSE,160,Be Quiet!,Full,0,1,2,0,0,BN504,5,ATX,750
Lian Li Edge Gold 850 W 80+ Gold Certified Fully Modular Atx,https://pcpartpicker.com/product/XTBFf7/lian-li-edge-gold-850-w-80-gold-certified-fully-modular-atx-power-supply-eg0850g-black,6,0,Black,2,80+ Gold,FALSE,182,Lian Li,Full,0,1,5,0,0,EG0850G Black,10,ATX,850
Asus Rog Strix 1000 W 80+ Platinum Certified Fully Modular Atx,https://pcpartpicker.com/product/kHBFf7/asus-rog-strix-1000-w-80-platinum-certified-fully-modular-atx-power-supply-90ye00w1-b0na00,3,0,Black,2,80+ Platinum,FALSE,150,Asus,Full,0,1,4,0,0,90YE00W1-B0NA00,6,ATX,1000
Silverstone Strider Platinum S 1000 W 80+ Platinum Certified Fully Modular Atx,https://pcpartpicker.com/product/QGrmP6/silverstone-strider-platinum-s-1000-w-80-platinum-certified-fully-modular-atx-power-supply-sst-st1000-pts,6,0,Black,2,80+ Platinum,FALSE,140,Silverstone,Full,0,0,8,0,0,SST-ST1000-PTS,8,ATX,1000
Enermax Revolution D.F. X 1200 W 80+ Gold Certified Fully Modular Atx,https://pcpartpicker.com/product/DDzXsY/enermax-revolution-df-x-1200-w-80-gold-certified-fully-modular-atx-power-supply-ert1200ewt,6,0,Black,2,80+ Gold,FALSE,140,Enermax,Full,0,2,5,0,0,ERT1200EWT,12,ATX,1200
Asus Rog Loki 850 W 80+ Platinum Certified Fully Modular Sfx,https://pcpartpicker.com/product/FZstt6/asus-rog-loki-850-w-80-platinum-certified-fully-modular-sfx-power-supply-90ye00n3-b0na00,4,0,Black / Silver,2,80+ Platinum,FALSE,125,Asus,Full,0,1,3,0,0,90YE00N3-B0NA00,6,SFX,850
Thermaltake Toughpower Gf A3 - Tt Premium Edition 1200 W 80+ Gold Certified Fully Modular Atx,https://pcpartpicker.com/product/ffvD4D/thermaltake-toughpower-gf-a3-1200-w-80-gold-certified-fully-modular-atx-power-supply-ps-tpd-1200fnfagu-l,4,0,Black,2,80+ Gold,FALSE,140,Thermaltake,Full,0,1,5,0,0,PS-TPD-1200FNFAGU-L,12,ATX,1200
Thermaltake Toughpower Gf A3 - Tt Premium Edition 750 W 80+ Gold Certified Fully Modular Atx,https://pcpartpicker.com/product/9GLdnQ/thermaltake-toughpower-gf-a3-750-w-80-gold-certified-fully-modular-atx-power-supply-ps-tpd-0750fnfagu-l,4,0,Black,2,80+ Gold,FALSE,140,Thermaltake,Full,0,1,4,0,0,PS-TPD-0750FNFAGU-L,8,ATX,750
Silverstone Sfx 500 W 80+ Gold Certified Fully Modular Sfx,https://pcpartpicker.com/product/vrH48d/silverstone-sfx-500-w-80-gold-certified-fully-modular-sfx-power-supply-sst-sx500-lg,2,0,Black,1,80+ Gold,FALSE,130,Silverstone,Full,0,0,2,0,0,SST-SX500-LG,3,SFX,500
Segotep Gm 850 W 80+ Gold Certified Fully Modular Atx,https://pcpartpicker.com/product/zGcgXL/segotep-gm-850-w-80-gold-certified-fully-modular-atx-power-supply-cp-psu-st-gm850,3,0,Black,2,80+ Gold,FALSE,140,Segotep,Full,0,1,4,0,0,CP-PSU-ST-GM850,8,ATX,850
Adata Xpg Cybercore 1300 W 80+ Platinum Certified Fully Modular Atx,https://pcpartpicker.com/product/2BBG3C/adata-xpg-cybercore-1300-w-80-platinum-certified-fully-modular-atx-power-supply-cybercore1300-bkcus,8,0,Black / Silver,2,80+ Platinum,FALSE,160,Adata,Full,0,0,10,0,0,CYBERCORE1300P-BKCUS,16,ATX,1300
Enermax Marblebron Rgb 850 W 80+ Bronze Certified Semi-Modular Atx,https://pcpartpicker.com/product/KMgFf7/enermax-marblebron-rgb-850-w-80-bronze-certified-semi-modular-atx-power-supply-emb850ewt-w-rgb,4,0,White,2,80+ Bronze,FALSE,140,Enermax,Semi,0,0,4,0,0,EMB850EWT-W-RGB,8,ATX,850
Seasonic M12Ii 620 W 80+ Bronze Certified Fully Modular Atx,https://pcpartpicker.com/product/Tc3RsY/seasonic-power-supply-ss620gm2,5,0,Black,1,80+ Bronze,FALSE,160,Seasonic,Full,0,0,4,0,0,SS-620GM2,8,ATX,620
Be Quiet! Dark Power 13 1000 W 80+ Titanium Certified Fully Modular Atx,https://pcpartpicker.com/product/Yqqrxr/be-quiet-dark-power-13-1000-w-80-titanium-certified-fully-modular-atx-power-supply-bn661,3,0,Black,2,80+ Titanium,FALSE,175,Be Quiet!,Full,0,1,4,0,0,BN661,13,ATX,1000
Cooler Master Mwe Bronze V2 650 W 80+ Bronze Certified Atx,https://pcpartpicker.com/product/qJpmP6/cooler-master-mwe-bronze-v2-650-w-80-bronze-certified-atx-power-supply-mpe-6501-acaab-us,4,0,Black,2,80+ Bronze,FALSE,140,Cooler Master,No,0,0,4,0,0,MPE-6501-ACAAB-US,8,ATX,650
Super Flower Leadex V Platinum Pro 1000 W 80+ Platinum Certified Fully Modular Atx,https://pcpartpicker.com/product/vwLFf7/super-flower-leadex-v-platinum-pro-1000-w-80-platinum-certified-fully-modular-atx-power-supply-sf-1000f14tp,4,0,White,2,80+ Platinum,FALSE,130,Super Flower,Full,0,0,4,0,0,SF-1000F14TP,12,ATX,1000
Be Quiet! Pure Power 11 Cm 500 W 80+ Gold Certified Semi-Modular Atx,https://pcpartpicker.com/product/qpvbt6/be-quiet-pure-power-11-cm-500-w-80-gold-certified-semi-modular-atx-power-supply-bn297,3,0,Black,1,80+ Gold,FALSE,160,Be Quiet!,Semi,0,0,2,0,0,BN297,6,ATX,500
Adata Xpg Core Reactor Ii 1000 W 80+ Gold Certified Fully Modular Atx,https://pcpartpicker.com/product/TnCZxr/adata-xpg-core-reactor-ii-1000-w-80-gold-certified-fully-modular-atx-power-supply-corereactorii1000g-bkcus,3,0,Black,2,80+ Gold,FALSE,160,Adata,Full,0,1,8,0,0,COREREACTORII1000G-BKCUS,9,ATX,1000
Rosewill Pmg550 550 W 80+ Gold Certified Fully Modular Atx,https://pcpartpicker.com/product/JxqPxr/rosewill-pmg550-550-w-80-gold-certified-fully-modular-atx-power-supply-pmg550,3,0,Black,1,80+ Gold,FALSE,165,Rosewill,Full,0,0,2,0,0,PMG550,6,ATX,550
Seasonic Focus Sgx (2021) 750 W 80+ Gold Certified Fully Modular Sfx,https://pcpartpicker.com/product/Jd7G3C/seasonic-focus-sgx-2021-750-w-80-gold-certified-fully-modular-sfx-power-supply-focus-sgx-750,3,0,Black,2,80+ Gold,FALSE,100,Seasonic,Full,0,0,4,0,0,FOCUS SGX-750,6,SFX,750
Super Flower Leadex Platinum Se 1200 W 80+ Platinum Certified Fully Modular Atx,https://pcpartpicker.com/product/Ctnypg/super-flower-leadex-platinum-se-1200-w-80-platinum-certified-fully-modular-atx-power-supply-sf-1200f14mp-v2,5,0,Black,2,80+ Platinum,FALSE,180,Super Flower,Full,0,0,8,0,0,SF-1200F14MP V2,12,ATX,1200
Gigabyte Ud-Gm Pg5 750 W 80+ Gold Certified Fully Modular Atx,https://pcpartpicker.com/product/YDTZxr/gigabyte-ud-gm-pg5-750-w-80-gold-certified-fully-modular-atx-power-supply-gp-ud750gm-pg5,3,0,Black,2,80+ Gold,FALSE,140,Gigabyte,Full,0,1,4,0,0,GP-UD750GM PG5,8,ATX,750
Ultra X4 750 W 80+ Bronze Certified Fully Modular Atx,https://pcpartpicker.com/product/Yt648d/ultra-x4-750-w-80-bronze-certified-fully-modular-atx-power-supply-u12-41562,9,1,Black,1,80+ Bronze,FALSE,,Ultra,Full,0,0,0,2,2,U12-41562,11,ATX,750
Gamemax Rgb Rainbow 1050 W 80+ Gold Certified Fully Modular Atx,https://pcpartpicker.com/product/s3tKHx/gamemax-rgb-rainbow-1050-w-80-gold-certified-fully-modular-atx-power-supply-rgb-1050,3,0,Black,2,80+ Gold,FALSE,165,Gamemax,Full,0,0,4,0,0,RGB-1050,10,ATX,1050
Be Quiet! Dark Power Pro 13 1600 W 80+ Titanium Certified Fully Modular Atx,https://pcpartpicker.com/product/Hxgrxr/be-quiet-dark-power-pro-13-1600-w-80-titanium-certified-fully-modular-atx-power-supply-bn501,5,0,Black,2,80+ Titanium,FALSE,200,Be Quiet!,Full,0,2,6,0,0,BN501,16,ATX,1600
Be Quiet! System Power 10 650 W 80+ Bronze Certified Atx,https://pcpartpicker.com/product/ZcWzK8/be-quiet-system-power-10-650-w-80-bronze-certified-atx-power-supply-bn328,1,1,Black,1,80+ Bronze,FALSE,140,Be Quiet!,No,0,0,4,0,0,BN328,5,ATX,650
Msi Mag A650Gl 650 W 80+ Gold Certified Fully Modular Atx,https://pcpartpicker.com/product/xfV2FT/msi-mag-a650gl-650-w-80-gold-certified-fully-modular-atx-power-supply-mag-a650gl,4,0,Black,2,80+ Gold,FALSE,140,Msi,Full,0,0,4,0,0,MAG A650GL,6,ATX,650
Msi Mag A1000Gl Pcie5 1000 W 80+ Gold Certified Fully Modular Atx,https://pcpartpicker.com/product/gR9wrH/msi-mag-a1000gl-pcie5-1000-w-80-gold-certified-fully-modular-atx-power-supply-mag-a1000gl-pcie5,4,0,Black,2,80+ Gold,FALSE,150,Msi,Full,0,1,4,0,0,MAG A1000GL PCIE5,12,ATX,1000
Thermalright Tg 750 W 80+ Gold Certified Fully Modular Atx,https://pcpartpicker.com/product/m4P8TW/thermalright-tg-750-w-80-gold-certified-fully-modular-atx-power-supply-tg-750-w,3,0,White,1,80+ Gold,FALSE,140,Thermalright,Full,0,1,4,0,0,TG-750-W,8,ATX,750
Segotep Gm 750 W 80+ Gold Certified Fully Modular Atx,https://pcpartpicker.com/product/6Pn9TW/segotep-gm-750-w-80-gold-certified-fully-modular-atx-power-supply-cp-psu-st-gm750,3,0,Black,2,80+ Gold,FALSE,140,Segotep,Full,0,1,4,0,0,CP-PSU-ST-GM750,8,ATX,750
Adata Xpg Core Reactor Ii 750 W 80+ Gold Certified Fully Modular Atx,https://pcpartpicker.com/product/zfGhP6/adata-xpg-core-reactor-ii-750-w-80-gold-certified-fully-modular-atx-power-supply-corereactorii750g-bkcus,4,0,Black,2,80+ Gold,FALSE,140,Adata,Full,0,1,6,0,0,COREREACTORII750G-BKCUS,8,ATX,750
Thermaltake Tr2 S 700 W 80+ Certified Atx,https://pcpartpicker.com/product/mMwmP6/thermaltake-tr2-s-700-w-80-certified-atx-power-supply-ps-trs-0700npcweu-2,5,0,Black,1,80+,FALSE,140,Thermaltake,No,0,0,2,0,0,PS-TRS-0700NPCWEU-2,6,ATX,700
Seasonic G12 Gc 650 W 80+ Gold Certified Atx,https://pcpartpicker.com/product/QCqrxr/seasonic-g12-gc-650-w-80-gold-certified-atx-power-supply-g12-gc-650,3,0,Black / Blue,2,80+ Gold,FALSE,140,Seasonic,No,0,0,2,0,0,G12-GC-650,6,ATX,650
Asus Rog Loki 750 W 80+ Platinum Certified Fully Modular Sfx,https://pcpartpicker.com/product/QPM48d/asus-rog-loki-750-w-80-platinum-certified-fully-modular-sfx-power-supply-90ye00n4-b0na00,4,0,Black / Silver,2,80+ Platinum,FALSE,125,Asus,Full,0,1,3,0,0,90YE00N4-B0NA00,6,SFX,750
Adata Xpg Core Reactor Ii 650 W 80+ Gold Certified Fully Modular Atx,https://pcpartpicker.com/product/jZHqqs/adata-xpg-core-reactor-ii-650-w-80-gold-certified-fully-modular-atx-power-supply-corereactorii650g-bkcus,4,0,Black,2,80+ Gold,FALSE,140,Adata,Full,0,1,4,0,0,COREREACTORII650G-BKCUS,8,ATX,650
Thermaltake Toughpower Gt 850 W 80+ Gold Certified Fully Modular Atx,https://pcpartpicker.com/product/jXCZxr/thermaltake-toughpower-gt-850-w-80-gold-certified-fully-modular-atx-power-supply-ps-tpt-0850fnfage-3,4,0,Beige,2,80+ Gold,FALSE,140,Thermaltake,Full,0,1,4,0,0,PS-TPT-0850FNFAGE-3,6,ATX,850
Cooler Master V Sfx Gold Atx 3.0 850 W 80+ Gold Certified Fully Modular Sfx,https://pcpartpicker.com/product/kkbRsY/cooler-master-v-sfx-gold-atx-30-850-w-80-gold-certified-fully-modular-sfx-power-supply-mpy-8501-sfhagv-3us,4,0,Black,2,80+ Gold,FALSE,100,Cooler Master,Full,0,1,4,0,0,MPY-8501-SFHAGV-3US,8,SFX,850
Silverstone Essential 750 W 80+ Gold Certified Atx,https://pcpartpicker.com/product/vkfhP6/silverstone-essential-750-w-80-gold-certified-atx-power-supply-sst-et750-g,3,0,Black,1,80+ Gold,FALSE,140,Silverstone,No,0,0,4,0,0,SST-ET750-G,8,ATX,750
Zalman Tx 700 W Atx,https://pcpartpicker.com/product/RQ648d/zalman-tx-700-w-atx-power-supply-zm700-tx,3,0,Black,1,,FALSE,157,Zalman,No,0,0,4,0,0,ZM700-TX,5,ATX,700
Super Flower Leadex Vii Xg 850 W 80+ Gold Certified Fully Modular Atx,https://pcpartpicker.com/product/RdHqqs/super-flower-leadex-vii-xg-850-w-80-gold-certified-fully-modular-atx-power-supply-sf-850f14xg,4,0,Black,2,80+ Gold,FALSE,150,Super Flower,Full,0,1,4,0,0,SF-850F14XG,12,ATX,850
Lian Li Edge Gold 1200 W 80+ Gold Certified Fully Modular Atx,https://pcpartpicker.com/product/tw62FT/lian-li-edge-gold-1200-w-80-gold-certified-fully-modular-atx-power-supply-eg1200g-black,6,0,Black,2,80+ Gold,FALSE,182,Lian Li,Full,0,1,7,0,0,EG1200G Black,10,ATX,1200
Seasonic Vertex Px-750 750 W 80+ Platinum Certified Fully Modular Atx,https://pcpartpicker.com/product/xVt9TW/seasonic-vertex-px-750-750-w-80-platinum-certified-fully-modular-atx-power-supply-vertex-px-750,3,0,Black / Silver,2,80+ Platinum,FALSE,160,Seasonic,Full,0,1,2,0,0,VERTEX PX-750,14,ATX,750
Lian Li Edge Gold 1000 W 80+ Gold Certified Fully Modular Atx,https://pcpartpicker.com/product/H6sMnQ/lian-li-edge-gold-1000-w-80-gold-certified-fully-modular-atx-power-supply-eg1000g-black,6,0,Black,2,80+ Gold,FALSE,182,Lian Li,Full,0,1,5,0,0,EG1000G Black,10,ATX,1000
Fractal Design Ion+ 2 Platinum 860 W 80+ Platinum Certified Fully Modular Atx,https://pcpartpicker.com/product/CRmmP6/fractal-design-ion-2-platinum-860-w-80-platinum-certified-fully-modular-atx-power-supply-fd-p-ia2p-860,4,0,Black,2,80+ Platinum,FALSE,150,Fractal Design,Full,0,0,4,0,0,FD-P-IA2P-860,6,ATX,860
Thermaltake Toughpower Sfx 1000 W 80+ Platinum Certified Fully Modular Sfx,https://pcpartpicker.com/product/3vgrxr/thermaltake-toughpower-sfx-1000-w-80-platinum-certified-fully-modular-sfx-power-supply-ps-stp-1000fnfapu-1,4,0,Black,2,80+ Platinum,FALSE,104,Thermaltake,Full,0,1,4,0,0,PS-STP-1000FNFAPU-1,8,SFX,1000
Thermaltake Smart Bm2 750 W 80+ Bronze Certified Semi-Modular Atx,https://pcpartpicker.com/product/rfqBD3/thermaltake-smart-bm2-750-w-80-bronze-certified-semi-modular-atx-power-supply-ps-spd-0750mnfabu-1,4,0,Black,2,80+ Bronze,FALSE,160,Thermaltake,Semi,0,0,4,0,0,PS-SPD-0750MNFABU-1,9,ATX,750
Msi Mag A650Be 650 W 80+ Bronze Certified Semi-Modular Atx,https://pcpartpicker.com/product/yc26Mp/msi-mag-a650be-650-w-80-bronze-certified-semi-modular-atx-power-supply-mag-a650be,3,0,Black,2,80+ Bronze,FALSE,140,Msi,Semi,0,0,2,0,0,MAG A650BE,6,ATX,650
Seasonic Focus Gx 550 W 80+ Gold Certified Fully Modular Atx,https://pcpartpicker.com/product/3H2bt6/seasonic-focus-gx-550-w-80-gold-certified-fully-modular-atx-power-supply-focus-gx-550,3,0,Black,2,80+ Gold,FALSE,140,Seasonic,Full,0,0,2,0,0,FOCUS-GX-550,10,ATX,550
Seasonic Vertex Gx 1200 W 80+ Gold Certified Fully Modular Atx,https://pcpartpicker.com/product/YhNYcf/seasonic-vertex-gx-1200-w-80-gold-certified-fully-modular-atx-power-supply-vertex-gx-1200-white,3,0,White,2,80+ Gold,FALSE,160,Seasonic,Full,0,1,3,0,0,VERTEX GX-1200 White,18,ATX,1200
Seasonic Focus Gx 850 W 80+ Gold Certified Fully Modular Atx,https://pcpartpicker.com/product/7v3mP6/seasonic-focus-gx-850-w-80-gold-certified-fully-modular-atx-power-supply-focus-gx-850,5,0,Black,2,80+ Gold,FALSE,140,Seasonic,Full,0,0,6,0,0,FOCUS-GX-850,10,ATX,850
Lian Li Edge Gold 1000 W 80+ Gold Certified Fully Modular Atx,https://pcpartpicker.com/product/pyXMnQ/lian-li-edge-gold-1000-w-80-gold-certified-fully-modular-atx-power-supply-eg1000g-white,6,0,White,2,80+ Gold,FALSE,182,Lian Li,Full,0,1,5,0,0,EG1000G White,10,ATX,1000
Cooler Master V Sfx Platinum 1100 W 80+ Platinum Certified Fully Modular Sfx,https://pcpartpicker.com/product/V2RwrH/cooler-master-v-sfx-platinum-1100-w-80-platinum-certified-fully-modular-sfx-power-supply-mpz-b001-sfap-bus,4,0,Black,2,80+ Platinum,FALSE,100,Cooler Master,Full,0,1,3,0,0,MPZ-B001-SFAP-BUS,8,SFX,1100
Lian Li Edge 850 W 80+ Platinum Certified Fully Modular Atx,https://pcpartpicker.com/product/TxpQzy/lian-li-edge-850-w-80-platinum-certified-fully-modular-atx-power-supply-eg850,4,0,Black,2,80+ Platinum,FALSE,182,Lian Li,Full,0,1,3,0,0,EG850,12,ATX,850
Corsair Cx (2023) 650 W 80+ Bronze Certified Atx,https://pcpartpicker.com/product/nNTZxr/corsair-cx-2023-650-w-80-bronze-certified-atx-power-supply-cp-9020278-na,2,0,Black,1,80+ Bronze,FALSE,125,Corsair,No,0,0,2,0,0,CP-9020278-NA,3,ATX,650
Cougar Gx-F 550 W 80+ Gold Certified Fully Modular Atx,https://pcpartpicker.com/product/8vqhP6/cougar-gx-f-550-w-80-gold-certified-fully-modular-atx-power-supply-gxf550,3,0,Black,1,80+ Gold,FALSE,150,Cougar,Full,0,0,2,0,0,GXF550,6,ATX,550
Asus Rog Strix 850 W 80+ Gold Certified Fully Modular Atx,https://pcpartpicker.com/product/MGzFf7/asus-rog-strix-850-w-80-gold-certified-fully-modular-atx-power-supply-rog-strix-850g-white,6,0,White,2,80+ Gold,FALSE,160,Asus,Full,0,0,6,0,0,ROG-STRIX-850G-WHITE,8,ATX,850
Super Flower Leadex Iii Argb 850 W 80+ Gold Certified Fully Modular Atx,https://pcpartpicker.com/product/ffCFf7/super-flower-leadex-iii-argb-850-w-80-gold-certified-fully-modular-atx-power-supply-sf-850f14rg,4,0,White,2,80+ Gold,FALSE,160,Super Flower,Full,0,0,6,0,0,SF-850F14RG,9,ATX,850
Phanteks Revolt Sfx 650 W 80+ Gold Certified Fully Modular Sfx,https://pcpartpicker.com/product/N3wmP6/phanteks-revolt-sfx-650-w-80-gold-certified-fully-modular-sfx-power-supply-ph-p650gsf,1,0,Black,2,80+ Gold,FALSE,100,Phanteks,Full,0,0,4,0,0,PH-P650GSF,11,SFX,650
Phanteks Revolt Sfx 850 W 80+ Platinum Certified Fully Modular Sfx,https://pcpartpicker.com/product/dXHqqs/phanteks-revolt-sfx-850-w-80-platinum-certified-fully-modular-sfx-power-supply-ph-p850psf_02,1,0,Black,2,80+ Platinum,FALSE,100,Phanteks,Full,0,1,5,0,0,PH-P850PSF_02,9,SFX,850
Thermaltake Toughpower Sfx 1000 W 80+ Gold Certified Fully Modular Sfx,https://pcpartpicker.com/product/wRfnTW/thermaltake-toughpower-sfx-1000-w-80-gold-certified-fully-modular-sfx-power-supply-ps-stp-1000fnfagu-1,4,0,Black,2,80+ Gold,FALSE,126,Thermaltake,Full,0,1,4,0,0,PS-STP-1000FNFAGU-1,8,SFX,1000
Lian Li Edge 1300 W 80+ Platinum Certified Fully Modular Atx,https://pcpartpicker.com/product/YYkH99/lian-li-edge-1300-w-80-platinum-certified-fully-modular-atx-power-supply-eg1300,4,0,Black,2,80+ Platinum,FALSE,182,Lian Li,Full,0,1,4,0,0,EG1300,12,ATX,1300
Asus Rog Strix 750 W 80+ Gold Certified Fully Modular Atx,https://pcpartpicker.com/product/CRVG3C/asus-rog-strix-750-w-80-gold-certified-fully-modular-atx-power-supply-rog-strix-750g,3,0,Black / Red,2,80+ Gold,FALSE,160,Asus,Full,0,0,4,0,0,ROG-STRIX-750G,8,ATX,750
Adata Xpg Core Reactor Ii 850 W 80+ Gold Certified Fully Modular Atx,https://pcpartpicker.com/product/qrgrxr/adata-xpg-core-reactor-ii-850-w-80-gold-certified-fully-modular-atx-power-supply-corereactorii850g-whcus,4,0,White,2,80+ Gold,FALSE,140,Adata,Full,0,1,6,0,0,COREREACTORII850G-WHCUS,8,ATX,850
Be Quiet! Dark Power Pro 12 1500 W 80+ Titanium Certified Fully Modular Atx,https://pcpartpicker.com/product/sdRgXL/be-quiet-dark-power-pro-12-1500-w-80-titanium-certified-fully-modular-atx-power-supply-bn647,8,0,Black,2,80+ Titanium,FALSE,200,Be Quiet!,Full,0,0,10,0,0,BN647,16,ATX,1500
Enhance Enp-7660 600 W 80+ Platinum Certified Flex Atx,https://pcpartpicker.com/product/YXm323/enhance-600-w-80-platinum-certified-flex-atx-power-supply-enp-7660,3,0,Black,1,80+ Platinum,FALSE,150,Enhance,No,0,0,2,0,0,ENP-7660,4,,600
Antec High Current Gamer Gold 650 W 80+ Gold Certified Fully Modular Atx,https://pcpartpicker.com/product/fndxFT/antec-high-current-gamer-gold-650w-80-gold-certified-fully-modular-atx-power-supply-hcg650-gold,3,0,Black,1,80+ Gold,FALSE,140,Antec,Full,0,0,4,0,0,HCG650 Gold,8,ATX,650
"Fsp Group Hydro Ptm X Pro,Gen5 1000 W 80+ Platinum Certified Fully Modular Atx",https://pcpartpicker.com/product/p3NYcf/fsp-group-hydro-ptm-x-progen5-1000-w-80-platinum-certified-fully-modular-atx-power-supply-hpt3-1000m-g5,3,0,Black,2,80+ Platinum,FALSE,130,Fsp Group,Full,0,1,4,0,0,HPT3-1000M-G5,12,ATX,1000
Montech Apx 650 W 80+ Certified Atx,https://pcpartpicker.com/product/hcbypg/montech-apx-650-w-80-certified-atx-power-supply-apx-650w,3,0,Black,2,80+,FALSE,140,Montech,No,0,0,2,0,0,APX 650W,6,ATX,650
Thermaltake Toughpower Gf1 Pe 650 W 80+ Gold Certified Fully Modular Atx,https://pcpartpicker.com/product/zDMTwP/thermaltake-toughpower-gf1-pe-650-w-80-gold-certified-fully-modular-atx-power-supply-ps-tpd-0650fnfagu-1,4,0,Black,1,80+ Gold,FALSE,160,Thermaltake,Full,0,0,4,0,0,PS-TPD-0650FNFAGU-1,9,ATX,650
Thermaltake Toughpower Gf3 Tt Premium 1200 W 80+ Gold Certified Fully Modular Atx,https://pcpartpicker.com/product/CnYmP6/thermaltake-toughpower-gf3-tt-premium-1200-w-80-gold-certified-fully-modular-atx-power-supply-ps-tpd-1200fnfagu-4,4,0,Black,2,80+ Gold,FALSE,160,Thermaltake,Full,0,1,4,0,0,PS-TPD-1200FNFAGU-4,12,ATX,1200
Lian Li Edge 1300 W 80+ Platinum Certified Fully Modular Atx,https://pcpartpicker.com/product/6X4Zxr/lian-li-edge-1300-w-80-platinum-certified-fully-modular-atx-power-supply-eg1300-white,4,0,White,2,80+ Platinum,FALSE,182,Lian Li,Full,0,1,4,0,0,EG1300 White,12,ATX,1300
Montech Titan Gold 1000W 1000 W 80+ Gold Certified Fully Modular Atx,https://pcpartpicker.com/product/nWM48d/montech-titan-gold-1000w-1000-w-80-gold-certified-fully-modular-atx-power-supply-titan-gold-1000w,4,0,Black,4,80+ Gold,FALSE,160,Montech,Full,0,1,5,0,0,TITAN GOLD 1000W,12,ATX,1000
Asus Rog Strix Aura Edition 1200 W 80+ Gold Certified Fully Modular Atx,https://pcpartpicker.com/product/Tv26Mp/asus-rog-strix-aura-edition-1200-w-80-gold-certified-fully-modular-atx-power-supply-90ye00p0-b0na00,4,0,Black,2,80+ Gold,FALSE,180,Asus,Full,0,1,4,0,0,90YE00P0-B0NA00,5,ATX,1200
Thermaltake Toughpower Sfx 850 W 80+ Platinum Certified Fully Modular Sfx,https://pcpartpicker.com/product/FqDQzy/thermaltake-toughpower-sfx-850-w-80-platinum-certified-fully-modular-sfx-power-supply-ps-stp-0850fnfapu-1,4,0,Black,2,80+ Platinum,FALSE,104,Thermaltake,Full,0,1,2,0,0,PS-STP-0850FNFAPU-1,8,SFX,850
Fractal Design Anode Bronze 450 W 80+ Bronze Certified Sfx,https://pcpartpicker.com/product/gD92FT/fractal-design-anode-bronze-450-w-80-bronze-certified-sfx-power-supply-fd-p-as2b-450,0,0,Black,1,80+ Bronze,FALSE,100,Fractal Design,No,0,0,2,0,0,FD-P-AS2B-450,3,SFX,450
Apevia Galaxy 650 W 80+ Gold Certified Semi-Modular Atx,https://pcpartpicker.com/product/cN26Mp/apevia-galaxy-650-w-80-gold-certified-semi-modular-atx-power-supply-atx-gx650w,4,0,Black,2,80+ Gold,FALSE,160,Apevia,Semi,0,0,4,0,0,ATX-GX650W,4,ATX,650
Corsair Cx (2023) 750 W 80+ Bronze Certified Atx,https://pcpartpicker.com/product/NBYRsY/corsair-cx-2023-750-w-80-bronze-certified-atx-power-supply-cp-9020279-na,2,0,Black,1,80+ Bronze,FALSE,125,Corsair,No,0,0,3,0,0,CP-9020279-NA,3,ATX,750
Thermaltake Toughpower 650 W 80+ Gold Certified Semi-Modular Atx,https://pcpartpicker.com/product/3wGkcf/thermaltake-toughpower-650-w-80-gold-certified-semi-modular-atx-power-supply-ps-tpd-0650mpcgus-1,4,0,Black,1,80+ Gold,FALSE,140,Thermaltake,Semi,0,0,4,0,0,PS-TPD-0650MPCGUS-1,12,ATX,650
"Fsp Group Hydro Ptm X Pro,Gen5 1200 W 80+ Platinum Certified Fully Modular Atx",https://pcpartpicker.com/product/tWJp99/fsp-group-hydro-ptm-x-progen5-1200-w-80-platinum-certified-fully-modular-atx-power-supply-hpt3-1200m-g5,3,0,Black,2,80+ Platinum,FALSE,130,Fsp Group,Full,0,1,4,0,0,HPT3-1200M-G5,12,ATX,1200
Thermaltake Toughpower Gf3 Tt Premium 750 W 80+ Gold Certified Fully Modular Atx,https://pcpartpicker.com/product/hCGbt6/thermaltake-toughpower-gf3-tt-premium-750-w-80-gold-certified-fully-modular-atx-power-supply-ps-tpd-0750fnfagu-4,4,0,Black,2,80+ Gold,FALSE,160,Thermaltake,Full,0,1,4,0,0,PS-TPD-0750FNFAGU-4,12,ATX,750
Seasonic Focus Sgx 650 W 80+ Gold Certified Fully Modular Sfx,https://pcpartpicker.com/product/mPdxFT/seasonic-focus-sgx-650w-80-gold-certified-fully-modular-sfx-power-supply-ssr-650sgx,3,0,Black,1,80+ Gold,FALSE,125,Seasonic,Full,0,0,4,0,0,SSR-650SGX,6,SFX,650
Cougar Polar 1200 W 80+ Platinum Certified Fully Modular Atx,https://pcpartpicker.com/product/M3KKHx/cougar-polar-1200-w-80-platinum-certified-fully-modular-atx-power-supply-cgr-pr-1200,4,0,White,2,80+ Platinum,FALSE,180,Cougar,Full,0,0,9,0,0,CGR PR-1200,12,ATX,1200
Msi Mpg A1000G 1000 W 80+ Gold Certified Fully Modular Atx,https://pcpartpicker.com/product/bRXJ7P/msi-mpg-a1000g-1000-w-80-gold-certified-fully-modular-atx-power-supply-mpg-a1000g,4,0,Black,2,80+ Gold,FALSE,150,Msi,Full,0,0,7,0,0,MPG A1000G,12,ATX,1000
Segotep Gn 650 W 80+ Gold Certified Atx,https://pcpartpicker.com/product/Tf3NnQ/segotep-gn-650-w-80-gold-certified-atx-power-supply-cp-psu-st-gn650,5,0,Black,2,80+ Gold,FALSE,160,Segotep,No,0,0,4,0,0,CP-PSU-ST-GN650,6,ATX,650
Be Quiet! Pure Power 12 M 1200 W 80+ Gold Certified Fully Modular Atx,https://pcpartpicker.com/product/FfFmP6/be-quiet-pure-power-12-m-1200-w-80-gold-certified-fully-modular-atx-power-supply-bn513,2,0,Black,2,80+ Gold,FALSE,160,Be Quiet!,Full,0,1,4,0,0,BN513,6,ATX,1200
Apevia Premier 650 W 80+ Gold Certified Semi-Modular Atx,https://pcpartpicker.com/product/rbyH99/apevia-premier-650-w-80-gold-certified-semi-modular-atx-power-supply-atx-pm650w,4,0,Black,2,80+ Gold,FALSE,160,Apevia,Semi,0,0,4,0,0,ATX-PM650W,4,ATX,650
Adata Xpg Pylon 750 W 80+ Bronze Certified Atx,https://pcpartpicker.com/product/Gv848d/adata-xpg-pylon-750-w-80-bronze-certified-atx-power-supply-pylon750b-bkcus,1,0,Black,1,80+ Bronze,FALSE,140,Adata,No,0,0,4,0,0,PYLON750B-BKCUS,8,ATX,750
Adata Xpg Core Reactor Ii 850 W 80+ Gold Certified Fully Modular Atx,https://pcpartpicker.com/product/Bjhv6h/adata-xpg-core-reactor-ii-850-w-80-gold-certified-fully-modular-atx-power-supply-corereactorii850g-bkcus,4,0,Black,2,80+ Gold,FALSE,140,Adata,Full,0,1,6,0,0,COREREACTORII850G-BKCUS,8,ATX,850
Be Quiet! Pure Power 11 Cm 400 W 80+ Gold Certified Semi-Modular Atx,https://pcpartpicker.com/product/gt22FT/be-quiet-pure-power-11-cm-400-w-80-gold-certified-semi-modular-atx-power-supply-bn296,2,0,Black,1,80+ Gold,FALSE,160,Be Quiet!,Semi,0,0,2,0,0,BN296,5,ATX,400
Be Quiet! Straight Power 12 750 W 80+ Platinum Certified Fully Modular Atx,https://pcpartpicker.com/product/fmxxFT/be-quiet-straight-power-12-750-w-80-platinum-certified-fully-modular-atx-power-supply-bn336,2,0,Black,2,80+ Platinum,FALSE,160,Be Quiet!,Full,0,1,4,0,0,BN336,9,ATX,750
Thermaltake Smart Bm3 850 W 80+ Bronze Certified Semi-Modular Atx,https://pcpartpicker.com/product/HfxxFT/thermaltake-smart-bm3-850-w-80-bronze-certified-semi-modular-atx-power-supply-ps-spd-0850mnfabu-3,7,0,Black,2,80+ Bronze,FALSE,140,Thermaltake,Semi,0,1,4,0,0,PS-SPD-0850MNFABU-3,6,ATX,850
Seasonic S12Iii 650 W 80+ Bronze Certified Atx,https://pcpartpicker.com/product/Rxprxr/seasonic-s12iii-650-w-80-bronze-certified-atx-power-supply-ssr-650gb3,3,0,Black,1,80+ Bronze,FALSE,140,Seasonic,No,0,0,4,0,0,SSR-650GB3,6,ATX,650
Thermalright Tg 850 W 80+ Gold Certified Fully Modular Atx,https://pcpartpicker.com/product/xy88TW/thermalright-tg-850-w-80-gold-certified-fully-modular-atx-power-supply-tg-850-w,5,0,White,1,80+ Gold,FALSE,140,Thermalright,Full,0,1,4,0,0,TG-850-W,10,ATX,850
Seasonic Vertex Gx-1200 1200 W 80+ Gold Certified Fully Modular Atx,https://pcpartpicker.com/product/3s6p99/seasonic-vertex-gx-1200-1200-w-80-gold-certified-fully-modular-atx-power-supply-vertex-gx-1200,3,0,Black / Silver,2,80+ Gold,FALSE,160,Seasonic,Full,0,1,3,0,0,VERTEX GX-1200,18,ATX,1200
Be Quiet! Straight Power 10 Cm 700 W 80+ Gold Certified Semi-Modular Atx,https://pcpartpicker.com/product/3McMnQ/be-quiet-power-supply-bn236,4,0,Black,1,80+ Gold,FALSE,160,Be Quiet!,Semi,0,0,4,0,0,BN236,11,ATX,700
Fsp Group Hydro Pro 500 W 80+ Bronze Certified Atx,https://pcpartpicker.com/product/xdP8TW/fsp-group-hydro-pro-500-w-80-bronze-certified-atx-power-supply-hp2-500,3,0,Black,1,80+ Bronze,FALSE,140,Fsp Group,No,0,0,2,0,0,HP2-500,6,ATX,500
Be Quiet! Dark Power 13 850 W 80+ Titanium Certified Fully Modular Atx,https://pcpartpicker.com/product/42FmP6/be-quiet-dark-power-13-850-w-80-titanium-certified-fully-modular-atx-power-supply-bn660,3,0,Black,2,80+ Titanium,FALSE,175,Be Quiet!,Full,0,1,4,0,0,BN660,12,ATX,850
Fsp Group Dagger Pro 550 W 80+ Gold Certified Fully Modular Sfx,https://pcpartpicker.com/product/Ktdrxr/fsp-group-dagger-pro-550-w-80-gold-certified-fully-modular-sfx-power-supply-sda2-550,2,0,Black,1,80+ Gold,FALSE,100,Fsp Group,Full,0,0,2,0,0,SDA2-550,5,SFX,550
Cooler Master Mwe Gold V2 Atx3.0 1050 W 80+ Gold Certified Fully Modular Atx,https://pcpartpicker.com/product/Nh26Mp/cooler-master-mwe-gold-v2-atx30-1050-w-80-gold-certified-fully-modular-atx-power-supply-mpe-a501-afcag-3,4,0,Black,2,80+ Gold,FALSE,180,Cooler Master,Full,0,1,3,0,0,MPE-A501-AFCAG-3,12,ATX,1050
Super Flower Leadex Titanium 1600 W 80+ Titanium Certified Fully Modular Atx,https://pcpartpicker.com/product/2BcRsY/super-flower-leadex-titanium-1600-w-80-titanium-certified-fully-modular-btx-power-supply-sf-1600f14ht,5,0,Black,2,80+ Titanium,FALSE,220,Super Flower,Full,0,0,9,5,0,SF-1600F14HT,14,ATX,1600
Asus Rog Strix Aura Edition 1000 W 80+ Gold Certified Fully Modular Atx,https://pcpartpicker.com/product/vWvD4D/asus-rog-strix-aura-edition-1000-w-80-gold-certified-fully-modular-atx-power-supply-90ye00p5-b0na00,4,0,White,2,80+ Gold,FALSE,180,Asus,Full,0,1,4,0,0,90YE00P5-B0NA00,5,ATX,1000
Be Quiet! Dark Power 13 750 W 80+ Titanium Certified Fully Modular Atx,https://pcpartpicker.com/product/fCmNnQ/be-quiet-dark-power-13-750-w-80-titanium-certified-fully-modular-atx-power-supply-bn659,3,0,Black,2,80+ Titanium,FALSE,175,Be Quiet!,Full,0,1,4,0,0,BN659,12,ATX,750
Thermaltake Toughpower Gt 750 W 80+ Gold Certified Fully Modular Atx,https://pcpartpicker.com/product/6hn9TW/thermaltake-toughpower-gt-750-w-80-gold-certified-fully-modular-atx-power-supply-ps-tpt-0750fnfage-3,4,0,Beige,2,80+ Gold,FALSE,140,Thermaltake,Full,0,1,4,0,0,PS-TPT-0750FNFAGE-3,6,ATX,750
Thermaltake Toughpower Gf A3 - Tt Premium Edition 850 W 80+ Gold Certified Fully Modular Atx,https://pcpartpicker.com/product/vNcgXL/thermaltake-toughpower-gf-a3-850-w-80-gold-certified-fully-modular-atx-power-supply-ps-tpd-0850fnfagu-l,4,0,Black,2,80+ Gold,FALSE,140,Thermaltake,Full,0,1,4,0,0,PS-TPD-0850FNFAGU-L,8,ATX,850
Thermaltake Toughpower Gf1 Snow - Tt Premium 850 W 80+ Gold Certified Fully Modular Atx,https://pcpartpicker.com/product/mgvdnQ/thermaltake-toughpower-gf1-snow-tt-premium-850-w-80-gold-certified-fully-modular-atx-power-supply-ps-tpd-0850fnfagx-w,4,0,White,2,80+ Gold,FALSE,160,Thermaltake,Full,0,0,6,0,0,PS-TPD-0850FNFAGx-W,12,ATX,850
Super Flower Leadex Vii Xg 1000 W 80+ Gold Certified Fully Modular Atx,https://pcpartpicker.com/product/gjDQzy/super-flower-leadex-vii-xg-1000-w-80-gold-certified-fully-modular-atx-power-supply-sf-1000f14xgwh,4,0,White,2,80+ Gold,FALSE,150,Super Flower,Full,0,1,4,0,0,SF-1000F14XG(WH),12,ATX,1000
Aresgame Agv 500 W 80+ Bronze Certified Atx,https://pcpartpicker.com/product/4qK2FT/aresgame-agv-500-w-80-bronze-certified-atx-power-supply-agv500,2,0,Black,2,80+ Bronze,FALSE,140,Aresgame,No,0,0,2,0,0,AGV500,4,ATX,500
Corsair Rm750 750 W 80+ Gold Certified Fully Modular Atx,https://pcpartpicker.com/product/47mLrH/corsair-rm750-750-w-80-gold-certified-fully-modular-atx-power-supply-rm750,7,0,Black,1,80+ Gold,FALSE,180,Corsair,Full,0,0,4,0,0,RM750,8,ATX,750
Fsp Group Hydro G Pro Atx3.0(Pcie5.0) 850 W 80+ Gold Certified Fully Modular Atx,https://pcpartpicker.com/product/fMCZxr/fsp-group-hydro-g-pro-atx30pcie50-850-w-80-gold-certified-fully-modular-atx-power-supply-hg2-850gen5,5,0,Black,2,80+ Gold,FALSE,150,Fsp Group,Full,0,1,6,0,0,"HG2-850,Gen5",14,ATX,850
Zalman Txii 500 W 80+ Certified Atx,https://pcpartpicker.com/product/BLWJ7P/zalman-txii-500-w-80-certified-atx-power-supply-zm500-txii,3,1,Black,1,80+,FALSE,140,Zalman,No,0,0,2,0,0,ZM500-TXII,6,ATX,500
Be Quiet! Pure Power 11 400 W 80+ Gold Certified Atx,https://pcpartpicker.com/product/t8c48d/be-quiet-pure-power-11-400-w-80-gold-certified-atx-power-supply-bn292,2,0,Black,1,80+ Gold,FALSE,150,Be Quiet!,No,0,0,2,0,0,BN292,5,ATX,400
Aerocool P7 Platinum 850 W 80+ Platinum Certified Fully Modular Atx,https://pcpartpicker.com/product/GDjJ7P/aerocool-p7-platinum-850-w-80-platinum-certified-fully-modular-atx-power-supply-p785fuc11,6,0,Black,2,80+ Platinum,FALSE,165,Aerocool,Full,0,0,6,0,0,P785FUC11,10,ATX,850
Fractal Design Ion+ 2 Platinum 660 W 80+ Platinum Certified Fully Modular Atx,https://pcpartpicker.com/product/cDRYcf/fractal-design-ion-2-platinum-660-w-80-platinum-certified-fully-modular-atx-power-supply-fd-p-ia2p-660,4,0,Black,2,80+ Platinum,FALSE,150,Fractal Design,Full,0,0,6,0,0,FD-P-IA2P-660,10,ATX,660
Be Quiet! Dark Power Pro 13 1300 W 80+ Titanium Certified Fully Modular Atx,https://pcpartpicker.com/product/hMCZxr/be-quiet-dark-power-pro-13-1300-w-80-titanium-certified-fully-modular-atx-power-supply-bn500,5,0,Black,2,80+ Titanium,FALSE,200,Be Quiet!,Full,0,2,6,0,0,BN500,16,ATX,1300
Seasonic Vertex Px-1000 1000 W 80+ Platinum Certified Fully Modular Atx,https://pcpartpicker.com/product/m72WGX/seasonic-vertex-px-1000-1000-w-80-platinum-certified-fully-modular-atx-power-supply-vertex-px-1000,3,0,Black / Silver,2,80+ Platinum,FALSE,160,Seasonic,Full,0,1,3,0,0,VERTEX PX-1000,18,ATX,1000
Msi Mpg A850Gs Pcie5 850 W 80+ Gold Certified Fully Modular Atx,https://pcpartpicker.com/product/rGqNnQ/msi-mpg-a850gs-pcie5-850-w-80-gold-certified-fully-modular-atx-power-supply-mpg-a850gs-pcie5,4,0,Black,2,80+ Gold,FALSE,150,Msi,Full,0,1,3,0,0,MPG A850GS PCIE5,8,ATX,850
Fsp Group Hydro G Pro Atx3.0(Pcie5.0) 1000 W 80+ Gold Certified Fully Modular Atx,https://pcpartpicker.com/product/nmCZxr/fsp-group-hydro-g-pro-atx30pcie50-1000-w-80-gold-certified-fully-modular-atx-power-supply-hg2-1000gen5,5,0,Black,2,80+ Gold,FALSE,150,Fsp Group,Full,0,1,6,0,0,"HG2-1000,Gen5",14,ATX,1000
Asus Rog Loki 1200 W 80+ Titanium Certified Fully Modular Sfx,https://pcpartpicker.com/product/JbHqqs/asus-rog-loki-1200-w-80-titanium-certified-fully-modular-sfx-power-supply-rog-loki-1200t-sfx-l-gaming,4,0,Black,2,80+ Titanium,FALSE,125,Asus,Full,0,1,0,0,2,ROG-LOKI-1200T-SFX-L-GAMING,6,SFX,1200
Thermaltake Toughpower Gf A3 - Tt Premium Edition 1050 W 80+ Gold Certified Fully Modular Atx,https://pcpartpicker.com/product/4v3NnQ/thermaltake-toughpower-gf-a3-1050-w-80-gold-certified-fully-modular-atx-power-supply-ps-tpd-1050fnfagu-l,4,0,Black,2,80+ Gold,FALSE,140,Thermaltake,Full,0,1,5,0,0,PS-TPD-1050FNFAGU-L,12,ATX,1050
Chieftec Gps-600A8 600 W 80+ Certified Atx,https://pcpartpicker.com/product/qctQzy/chieftec-600w-80-certified-atx-power-supply-gps-600a8,2,0,Black,1,80+,FALSE,140,Chieftec,No,0,0,2,0,0,GPS-600A8,4,ATX,600
Fsp Group Hexa 85+ Pro 350 W 80+ Bronze Certified Atx,https://pcpartpicker.com/product/hBtLrH/fsp-group-hexa-85-pro-350-w-80-bronze-certified-atx-power-supply-ha2-350,2,0,Black,1,80+ Bronze,FALSE,140,Fsp Group,No,0,0,1,0,0,HA2-350,5,ATX,350
Lian Li Edge Gold 1200 W 80+ Gold Certified Fully Modular Atx,https://pcpartpicker.com/product/g8YfrH/lian-li-edge-gold-1200-w-80-gold-certified-fully-modular-atx-power-supply-eg1200g-white,6,0,White,2,80+ Gold,FALSE,182,Lian Li,Full,0,1,7,0,0,EG1200G White,10,ATX,1200
Thermaltake Toughpower Gf1 (2024) 750 W 80+ Gold Certified Fully Modular Atx,https://pcpartpicker.com/product/x4hv6h/thermaltake-toughpower-gf1-2024-750-w-80-gold-certified-fully-modular-atx-power-supply-ps-tpd-0750fnfagu-p,4,0,Black,2,80+ Gold,FALSE,140,Thermaltake,Full,0,0,4,0,0,PS-TPD-0750FNFAGU-P,8,ATX,750
Antec Neoeco Gold 850 W 80+ Gold Certified Fully Modular Atx,https://pcpartpicker.com/product/3z4Ycf/antec-neoeco-gold-850-w-80-gold-certified-fully-modular-atx-power-supply-ne850g-m,5,0,Black,2,80+ Gold,FALSE,140,Antec,Full,0,0,6,0,0,NE850G M,10,ATX,850
Thermaltake Toughpower Gf A3 Atx 3.0 850 W 80+ Gold Certified Fully Modular Atx,https://pcpartpicker.com/product/Vsrqqs/thermaltake-toughpower-gf-a3-atx-30-850-w-80-gold-certified-fully-modular-atx-power-supply-ps-tpd-0850fnfaga-h,4,0,Black,2,80+ Gold,FALSE,140,Thermaltake,Full,0,1,4,0,0,PS-TPD-0850FNFAGA-H,8,ATX,850
Seasonic G12 Gc 750 W 80+ Gold Certified Atx,https://pcpartpicker.com/product/FJqrxr/seasonic-g12-gc-750-w-80-gold-certified-atx-power-supply-g12-gc-750,3,0,Black / Blue,2,80+ Gold,FALSE,140,Seasonic,No,0,0,3,0,0,G12-GC-750,6,ATX,750
Aresgame Agv 650 W 80+ Bronze Certified Atx,https://pcpartpicker.com/product/fHYQzy/aresgame-agv-650-w-80-bronze-certified-atx-power-supply-agv650,3,0,Black,2,80+ Bronze,FALSE,140,Aresgame,No,0,0,2,0,0,AGV650,6,ATX,650
Apevia Galaxy 850 W 80+ Gold Certified Semi-Modular Atx,https://pcpartpicker.com/product/sjbRsY/apevia-galaxy-850-w-80-gold-certified-semi-modular-atx-power-supply-atx-gx850w,4,0,Black,2,80+ Gold,FALSE,160,Apevia,Semi,0,0,4,0,0,ATX-GX850W,4,ATX,850
Seasonic Focus Gx V4 Atx 3 (2024) 750 W 80+ Gold Certified Fully Modular Atx,https://pcpartpicker.com/product/zQ88TW/seasonic-focus-gx-atx-30-v4-2024-750-w-80-gold-certified-fully-modular-atx-power-supply-focus-gx-750-v4,3,0,Black,2,80+ Gold,FALSE,140,Seasonic,Full,0,1,2,0,0,FOCUS-GX-750-V4,8,ATX,750
Super Flower Leadex Iii Gold Up 1000 W 80+ Gold Certified Fully Modular Atx,https://pcpartpicker.com/product/9KCZxr/super-flower-leadex-iii-gold-up-1000-w-80-gold-certified-fully-modular-atx-power-supply-sf-1000f14ge,4,0,Black,2,80+ Gold,FALSE,150,Super Flower,Full,0,1,4,0,0,SF-1000F14GE,8,ATX,1000
Lian Li Edge Gold 850 W 80+ Gold Certified Fully Modular Atx,https://pcpartpicker.com/product/h4qNnQ/lian-li-edge-gold-850-w-80-gold-certified-fully-modular-atx-power-supply-eg0850g-white,6,0,White,2,80+ Gold,FALSE,182,Lian Li,Full,0,1,5,0,0,EG0850G White,10,ATX,850
Thermaltake Toughpower Gf3 Tt Premium 1350 W 80+ Gold Certified Fully Modular Atx,https://pcpartpicker.com/product/pXjBD3/thermaltake-toughpower-gf3-tt-premium-1350-w-80-gold-certified-fully-modular-atx-power-supply-ps-tpd-1350fnfagu-4,4,0,Black,2,80+ Gold,FALSE,160,Thermaltake,Full,0,1,6,0,0,PS-TPD-1350FNFAGU-4,12,ATX,1350
Be Quiet! Straight Power 12 850 W 80+ Platinum Certified Fully Modular Atx,https://pcpartpicker.com/product/nGjRsY/be-quiet-straight-power-12-850-w-80-platinum-certified-fully-modular-atx-power-supply-bn337,2,0,Black,2,80+ Platinum,FALSE,160,Be Quiet!,Full,0,1,4,0,0,BN337,9,ATX,850
Fractal Design Ion Gold 750 W 80+ Gold Certified Fully Modular Atx,https://pcpartpicker.com/product/mL92FT/fractal-design-ion-gold-750-w-80-gold-certified-fully-modular-atx-power-supply-fd-p-ia2g-750,3,0,Black,2,80+ Gold,FALSE,150,Fractal Design,Full,0,0,4,0,0,FD-P-IA2G-750,8,ATX,750
Super Flower Leadex Iii Gold Up 850 W 80+ Gold Certified Fully Modular Atx,https://pcpartpicker.com/product/R4RwrH/super-flower-leadex-iii-gold-up-850-w-80-gold-certified-fully-modular-atx-power-supply-sf-850f14ge,4,0,Black,2,80+ Gold,FALSE,150,Super Flower,Full,0,1,2,0,0,SF-850F14GE,8,ATX,850
Be Quiet! Power Zone 2 850 W 80+ Platinum Certified Fully Modular Atx,https://pcpartpicker.com/product/JjpD4D/be-quiet-power-zone-2-850-w-80-platinum-certified-fully-modular-atx-power-supply-bp007us,1,0,Black,2,80+ Platinum,FALSE,160,Be Quiet!,Full,0,1,3,0,0,BP007US,7,ATX,850
Be Quiet! Pure Power 12 M 650 W 80+ Gold Certified Fully Modular Atx,https://pcpartpicker.com/product/ZnTZxr/be-quiet-pure-power-12-m-650-w-80-gold-certified-fully-modular-atx-power-supply-bn503,2,1,Black,1,80+ Gold,FALSE,160,Be Quiet!,Full,0,1,2,0,0,BN503,5,ATX,650
Silverstone Sfx 450 W 80+ Bronze Certified Sfx,https://pcpartpicker.com/product/jNBTwP/silverstone-sfx-450w-80-bronze-certified-sfx-power-supply-st45sf-v3,2,0,Black,1,80+ Bronze,FALSE,100,Silverstone,No,0,0,1,1,0,ST45SF-V3,3,SFX,450
Adata Xpg Cybercore Ii 1300 W 80+ Platinum Certified Fully Modular Atx,https://pcpartpicker.com/product/FChv6h/adata-xpg-cybercore-ii-1300-w-80-platinum-certified-fully-modular-atx-power-supply-cybercoreii1300p-bkcus,8,0,Black,2,80+ Platinum,FALSE,160,Adata,Full,0,1,10,0,0,CYBERCOREII1300P-BKCUS,12,ATX,1300
Aerocool Xpredator Gm 1000 W 80+ Gold Certified Semi-Modular Atx,https://pcpartpicker.com/product/rrRzK8/aerocool-xpredator-gm-1000-w-80-gold-certified-semi-modular-atx-power-supply-xpredator-1000gm,6,0,Black,1,80+ Gold,FALSE,165,Aerocool,Semi,0,0,8,0,0,Xpredator 1000GM,10,ATX,1000
Cooler Master Mwe Gold V2 Atx3.0 750 W 80+ Gold Certified Fully Modular Atx,https://pcpartpicker.com/product/vYKscf/cooler-master-mwe-gold-v2-atx30-750-w-80-gold-certified-fully-modular-atx-power-supply-mpe-7501-afaag-3,4,0,Black,2,80+ Gold,FALSE,160,Cooler Master,Full,0,1,4,0,0,MPE-7501-AFAAG-3,12,ATX,750
Enermax Cyberbron 500 W 80+ Bronze Certified Atx,https://pcpartpicker.com/product/MDtKHx/enermax-cyberbron-500-w-80-bronze-certified-atx-power-supply-ecb500awt,4,0,Black / Silver,1,80+ Bronze,FALSE,140,Enermax,No,0,0,2,0,0,ECB500AWT,6,ATX,500
Thermalright Tg 650 W 80+ Gold Certified Fully Modular Atx,https://pcpartpicker.com/product/7kqrxr/thermalright-tg-650-w-80-gold-certified-fully-modular-atx-power-supply-tg-650-w,3,0,White,1,80+ Gold,FALSE,140,Thermalright,Full,0,1,4,0,0,TG-650-W,8,ATX,650
Msi Mag A750Be 750 W 80+ Bronze Certified Semi-Modular Atx,https://pcpartpicker.com/product/dCjRsY/msi-mag-a750be-750-w-80-bronze-certified-semi-modular-atx-power-supply-mag-a750be,4,0,Black,2,80+ Bronze,FALSE,140,Msi,Semi,0,0,2,0,0,MAG A750BE,8,ATX,750
Rosewill Smg750 750 W 80+ Gold Certified Fully Modular Atx,https://pcpartpicker.com/product/vKD7YJ/rosewill-smg750-750-w-80-gold-certified-fully-modular-atx-power-supply-smg750,4,0,Black,2,80+ Gold,FALSE,160,Rosewill,Full,0,0,4,0,0,SMG750,8,ATX,750
Powerspec Ps 650Gsm 650 W 80+ Gold Certified Semi-Modular Atx,https://pcpartpicker.com/product/wkF48d/powerspec-650-w-80-gold-certified-semi-modular-atx-power-supply-ps-650gsm,6,0,Black,1,80+ Gold,FALSE,160,Powerspec,Semi,0,0,4,0,0,PS 650GSM,8,ATX,650
