component_name,component_link,Capacity,Form_Factor,Full_Disk_Write_Throughput,Full_Disk_Write_Throughput_Lowest_10_Seconds,Interface,Manufacturer,NVME,Part__,Price_GB,Random_Read_Throughput_QD1,Random_Read_Throughput_QD32,Random_Write_Throughput_QD1,Random_Write_Throughput_QD32,SSD_NAND_Flash_Type,Sequential_Read_Throughput_QD1,Sequential_Read_Throughput_QD4,Sequential_Write_Throughput_QD1,Sequential_Write_Throughput_QD4,Type
Seagate Firecuda 540 2 Tb M.2-2280 Pcie 5.0 X4 Nvme Ssd,https://pcpartpicker.com/product/pkwmP6/seagate-firecuda-540-2-tb-m2-2280-pcie-50-x4-nvme-solid-state-drive-zp2000gm3a004,2000,M.2 2280,,,PCIe 5.0 x4,Seagate,TRUE,ZP2000GM3A004,0.115,,,,,3D TLC,,,,,SSD
Western Digital Wd_Black Sn850X 2 Tb M.2-2280 Pcie 4.0 X4 Nvme Ssd,https://pcpartpicker.com/product/crKKHx/western-digital-wd_black-sn850x-2-tb-m2-2280-pcie-40-x4-nvme-solid-state-drive-wds200t2x0e,2000,M.2 2280,,,PCIe 4.0 x4,Western Digital,TRUE,WDS200T2X0E,0.074,,,,,,,,,,SSD
Teamgroup Ms30 1 Tb M.2-2280 Sata Ssd,https://pcpartpicker.com/product/XZhKHx/team-ms30-1-tb-m2-2280-solid-state-drive-tm8ps7001t0c101,1000,M.2 2280,,,M.2 SATA,Teamgroup,FALSE,TM8PS7001T0C101,0.053,,,,,,,,,,SSD
Teamgroup T-Force Cardea A440 Pro 1 Tb M.2-2280 Pcie 4.0 X4 Nvme Ssd,https://pcpartpicker.com/product/X9vdnQ/teamgroup-t-force-cardea-a440-pro-1-tb-m2-2280-nvme-solid-state-drive-tm8fpr001t0c129,1000,M.2 2280,,,PCIe 4.0 x4,Teamgroup,TRUE,TM8FPR001T0C129,,,,,,,,,,,SSD
Silicon Power Ud90 2 Tb M.2-2280 Pcie 4.0 X4 Nvme Ssd,https://pcpartpicker.com/product/f4cG3C/silicon-power-ud90-2-tb-m2-2280-pcie-40-x4-nvme-solid-state-drive-sp02kgbp44ud9005,2000,M.2 2280,,,PCIe 4.0 x4,Silicon Power,TRUE,SP02KGBP44UD9005,0.047,,,,,,,,,,SSD
Kingston Nv2 1 Tb M.2-2280 Pcie 4.0 X4 Nvme Ssd,https://pcpartpicker.com/product/FnYmP6/kingston-nv2-1-tb-m2-2280-pcie-40-x4-nvme-solid-state-drive-snv2s1000g,1000,M.2 2280,,,PCIe 4.0 x4,Kingston,TRUE,SNV2S/1000G,0.067,,,,,,,,,,SSD
Western Digital Wd_Black Sn850X 4 Tb M.2-2280 Pcie 4.0 X4 Nvme Ssd,https://pcpartpicker.com/product/yBC48d/western-digital-wd_black-sn850x-4-tb-m2-2280-pcie-40-x4-nvme-solid-state-drive-wds400t2x0e,4000,M.2 2280,,,PCIe 4.0 x4,Western Digital,TRUE,WDS400T2X0E,0.071,,,,,,,,,,SSD
Teamgroup Mp33 512 Gb M.2-2280 Pcie 3.0 X4 Nvme Ssd,https://pcpartpicker.com/product/Brvqqs/team-mp33-512-gb-m2-2280-nvme-solid-state-drive-tm8fp6512g0c101,512,M.2 2280,,,PCIe 3.0 x4,Teamgroup,TRUE,TM8FP6512G0C101,0.072,,,,,,,,,,SSD
Teamgroup Mp44L 1 Tb M.2-2280 Pcie 4.0 X4 Nvme Ssd,https://pcpartpicker.com/product/2x4Ycf/teamgroup-mp44l-1-tb-m2-2280-pcie-40-x4-nvme-solid-state-drive-tm8fpk001t0c101,1000,M.2 2280,,,PCIe 4.0 x4,Teamgroup,TRUE,TM8FPK001T0C101,0.06,,,,,,,,,,SSD
Fanxiang S880 1 Tb M.2-2280 Pcie 4.0 X4 Nvme Ssd,https://pcpartpicker.com/product/XC9wrH/fanxiang-s880-1-tb-m2-2280-pcie-40-x4-nvme-solid-state-drive-1tb-ssd-m2-s880,1000,M.2 2280,,,PCIe 4.0 x4,Fanxiang,TRUE,1TB - SSD - M.2 - S880,0.06,,,,,,,,,,SSD
Crucial T705 2 Tb M.2-2280 Pcie 5.0 X4 Nvme Ssd,https://pcpartpicker.com/product/WVP8TW/crucial-t705-2-tb-m2-2280-pcie-50-x4-nvme-solid-state-drive-ct2000t705ssd3,2000,M.2 2280,,,PCIe 5.0 x4,Crucial,TRUE,CT2000T705SSD3,0.115,,,,,,,,,,SSD
Crucial P3 Plus 4 Tb M.2-2280 Pcie 4.0 X4 Nvme Ssd,https://pcpartpicker.com/product/PPpzK8/crucial-p3-plus-4-tb-m2-2280-nvme-solid-state-drive-ct4000p3pssd8,4000,M.2 2280,,,PCIe 4.0 x4,Crucial,TRUE,CT4000P3PSSD8,0.055,,,,,,,,,,SSD
Western Digital Black Sn770 1 Tb M.2-2280 Pcie 4.0 X4 Nvme Ssd,https://pcpartpicker.com/product/YVytt6/western-digital-1-tb-m2-2280-nvme-solid-state-drive-wds100t3x0e,1000,M.2 2280,,,PCIe 4.0 x4,Western Digital,TRUE,WDS100T3X0E,0.069,,,,,3D TLC,,,,,SSD
Lexar Nm620 1 Tb M.2-2280 Pcie 3.0 X4 Nvme Ssd,https://pcpartpicker.com/product/VHM48d/lexar-nm620-1-tb-m2-2280-pcie-30-x4-nvme-solid-state-drive-lnm620x001t-rnnng,1000,M.2 2280,,,PCIe 3.0 x4,Lexar,TRUE,LNM620X001T-RNNNG,0.058,,,,,3D TLC,,,,,SSD
"Crucial Bx500 1 Tb 2.5"" Ssd",https://pcpartpicker.com/product/LFZzK8/crucial-bx500-1-tb-25-solid-state-drive-ct1000bx500ssd1,1000,"2.5""",,,SATA 6.0 Gb/s,Crucial,FALSE,CT1000BX500SSD1,0.06,,,,,,,,,,SSD
Lexar Nm790 2 Tb M.2-2280 Pcie 4.0 X4 Nvme Ssd,https://pcpartpicker.com/product/TspQzy/lexar-nm790-2-tb-m2-2280-pcie-40-x4-nvme-solid-state-drive-lnm790x002t-rnnng,2000,M.2 2280,,,PCIe 4.0 x4,Lexar,TRUE,LNM790X002T-RNNNG,0.065,,,,,,,,,,SSD
Samsung 990 Evo Plus 2 Tb M.2-2280 Pcie 5.0 X2 Nvme Ssd,https://pcpartpicker.com/product/hpqrxr/samsung-990-evo-plus-2-tb-m2-2280-pcie-50-x2-nvme-solid-state-drive-mz-v9s2t0bw,2000,M.2 2280,,,PCIe 5.0 x2,Samsung,TRUE,MZ-V9S2T0BW,0.07,,,,,,,,,,SSD
Crucial P3 Plus 1 Tb M.2-2280 Pcie 4.0 X4 Nvme Ssd,https://pcpartpicker.com/product/chzhP6/crucial-p3-plus-1-tb-m2-2280-nvme-solid-state-drive-ct1000p3pssd8,1000,M.2 2280,,,PCIe 4.0 x4,Crucial,TRUE,CT1000P3PSSD8,0.062,,,,,,,,,,SSD
Teamgroup T-Force Cardea A440 Pro 2 Tb M.2-2280 Pcie 4.0 X4 Nvme Ssd,https://pcpartpicker.com/product/CdYmP6/teamgroup-t-force-cardea-a440-pro-2-tb-m2-2280-nvme-solid-state-drive-tm8fpr002t0c129,2000,M.2 2280,,,PCIe 4.0 x4,Teamgroup,TRUE,TM8FPR002T0C129,,,,,,,,,,,SSD
Kingston Nv2 500 Gb M.2-2280 Pcie 4.0 X4 Nvme Ssd,https://pcpartpicker.com/product/QvpzK8/kingston-nv2-500-gb-m2-2280-pcie-40-x4-nvme-solid-state-drive-snv2s500g,500,M.2 2280,,,PCIe 4.0 x4,Kingston,TRUE,SNV2S/500G,,,,,,,,,,,SSD
Adata Xpg Gammix S70 Blade 2 Tb M.2-2280 Pcie 4.0 X4 Nvme Ssd,https://pcpartpicker.com/product/qCqPxr/adata-xpg-gammix-s70-blade-2-tb-m2-2280-nvme-solid-state-drive-agammixs70b-2t-cs,2000,M.2 2280,,,PCIe 4.0 x4,Adata,TRUE,AGAMMIXS70B-2T-CS,0.063,,,,,,,,,,SSD
Crucial T700 2 Tb M.2-2280 Pcie 5.0 X4 Nvme Ssd,https://pcpartpicker.com/product/8hkH99/crucial-t700-2-tb-m2-2280-pcie-50-x4-nvme-solid-state-drive-ct2000t700ssd3,2000,M.2 2280,,,PCIe 5.0 x4,Crucial,TRUE,CT2000T700SSD3,0.11,,,,,,,,,,SSD
"Seagate Firecuda 120 500 Gb 2.5"" Ssd",https://pcpartpicker.com/product/bpZzK8/seagate-firecuda-120-500-gb-25-solid-state-drive-za500gm10001,500,"2.5""",,,SATA 6.0 Gb/s,Seagate,FALSE,ZA500GM10001,0.33,,,,,,,,,,SSD
Western Digital Black Sn770 500 Gb M.2-2280 Pcie 4.0 X4 Nvme Ssd,https://pcpartpicker.com/product/nWC48d/western-digital-500-gb-m2-2280-nvme-solid-state-drive-wds500g3x0e,500,M.2 2280,,,PCIe 4.0 x4,Western Digital,TRUE,WDS500G3X0E,0.1,,,,,3D TLC,,,,,SSD
Western Digital Blue Sn550 1 Tb M.2-2280 Pcie 3.0 X4 Nvme Ssd,https://pcpartpicker.com/product/BhmFf7/western-digital-blue-sn550-1-tb-m2-2280-nvme-solid-state-drive-wds100t2b0c,1000,M.2 2280,,,PCIe 3.0 x4,Western Digital,TRUE,WDS100T2B0C,0.127,,,,,,,,,,SSD
Lexar Nm790 4 Tb M.2-2280 Pcie 4.0 X4 Nvme Ssd,https://pcpartpicker.com/product/cDJp99/lexar-nm790-4-tb-m2-2280-pcie-40-x4-nvme-solid-state-drive-lnm790x004t-rnnng,4000,M.2 2280,,,PCIe 4.0 x4,Lexar,TRUE,LNM790X004T-RNNNG,0.062,,,,,,,,,,SSD
Crucial T500 2 Tb M.2-2280 Pcie 4.0 X4 Nvme Ssd,https://pcpartpicker.com/product/M8yH99/crucial-t500-2-tb-m2-2280-pcie-40-x4-nvme-solid-state-drive-ct2000t500ssd8,2000,M.2 2280,,,PCIe 4.0 x4,Crucial,TRUE,CT2000T500SSD8,0.074,,,,,,,,,,SSD
"Samsung 850 Evo 500 Gb 2.5"" Ssd",https://pcpartpicker.com/product/FrH48d/samsung-internal-hard-drive-mz75e500bam,500,"2.5""",,,SATA 6.0 Gb/s,Samsung,FALSE,MZ-75E500B/AM,,,,,,,,,,,SSD
Samsung 980 250 Gb M.2-2280 Pcie 3.0 X4 Nvme Ssd,https://pcpartpicker.com/product/VMbTwP/samsung-980-250-gb-m2-2280-nvme-solid-state-drive-mz-v8v250bam,250,M.2 2280,,,PCIe 3.0 x4,Samsung,TRUE,MZ-V8V250B/AM,0.227,,,,,,,,,,SSD
"Samsung 870 Qvo 1 Tb 2.5"" Ssd",https://pcpartpicker.com/product/37FKHx/samsung-870-qvo-1-tb-25-solid-state-drive-mz-77q1t0bam,1000,"2.5""",,,SATA 6.0 Gb/s,Samsung,FALSE,MZ-77Q1T0B/AM,0.108,,,,,,,,,,SSD
Samsung 980 500 Gb M.2-2280 Pcie 3.0 X4 Nvme Ssd,https://pcpartpicker.com/product/m6rRsY/samsung-980-500-gb-m2-2280-nvme-solid-state-drive-mz-v8v500bam,500,M.2 2280,,,PCIe 3.0 x4,Samsung,TRUE,MZ-V8V500B/AM,0.134,,,,,,,,,,SSD
Verbatim Vi7000G 4 Tb M.2-2280 Pcie 4.0 X4 Nvme Ssd,https://pcpartpicker.com/product/XpWJ7P/verbatim-vi7000g-4-tb-m2-2280-pcie-40-x4-nvme-solid-state-drive-49369,4000,M.2 2280,,,PCIe 4.0 x4,Verbatim,TRUE,49369,0.062,,,,,,,,,,SSD
Western Digital Wd_Black Sn850X 1 Tb M.2-2280 Pcie 4.0 X4 Nvme Ssd,https://pcpartpicker.com/product/DyhFf7/western-digital-wd_black-sn850x-1-tb-m2-2280-pcie-40-x4-nvme-solid-state-drive-wds100t2x0e,1000,M.2 2280,,,PCIe 4.0 x4,Western Digital,TRUE,WDS100T2X0E,0.095,,,,,,,,,,SSD
Silicon Power Ud90 1 Tb M.2-2280 Pcie 4.0 X4 Nvme Ssd,https://pcpartpicker.com/product/4kpzK8/silicon-power-ud90-1-tb-m2-2280-pcie-40-x4-nvme-solid-state-drive-sp01kgbp44ud9005,1000,M.2 2280,,,PCIe 4.0 x4,Silicon Power,TRUE,SP01KGBP44UD9005,0.062,,,,,,,,,,SSD
Solidigm P44 Pro 1 Tb M.2-2280 Pcie 4.0 X4 Nvme Ssd,https://pcpartpicker.com/product/vrTp99/solidigm-p44-pro-1-tb-m2-2280-pcie-40-x4-nvme-solid-state-drive-ssdpfkkw010x7x1,1000,M.2 2280,,,PCIe 4.0 x4,Solidigm,TRUE,SSDPFKKW010X7X1,0.13,,,,,,,,,,SSD
Pny Cs2150 1 Tb M.2-2280 Pcie 5.0 X4 Nvme Ssd,https://pcpartpicker.com/product/pcfV3C/pny-cs2150-1-tb-m2-2280-pcie-50-x4-nvme-solid-state-drive-m280cs2150-1tb-tb,1000,M.2 2280,,,PCIe 5.0 x4,Pny,TRUE,M280CS2150-1TB-TB,0.095,,,,,,,,,,SSD
Silicon Power A60 1 Tb M.2-2280 Pcie 3.0 X4 Nvme Ssd,https://pcpartpicker.com/product/7tCFf7/silicon-power-a60-1-tb-m2-2280-nvme-solid-state-drive-sp001tbp34a60m28,1000,M.2 2280,,,PCIe 3.0 x4,Silicon Power,TRUE,SP001TBP34A60M28,0.053,,,,,,,,,,SSD
Kingston Nv3 2 Tb M.2-2280 Pcie 4.0 X4 Nvme Ssd,https://pcpartpicker.com/product/gdBzK8/kingston-nv3-2-tb-m2-2280-pcie-40-x4-nvme-solid-state-drive-snv3s2000g,2000,M.2 2280,,,PCIe 4.0 x4,Kingston,TRUE,SNV3S/2000G,0.058,,,,,,,,,,SSD
Corsair Mp600 Pro Lpx 1 Tb M.2-2280 Pcie 4.0 X4 Nvme Ssd,https://pcpartpicker.com/product/txjBD3/corsair-mp600-pro-lpx-1-tb-m2-2280-nvme-solid-state-drive-cssd-f1000gbmp600plp,1000,M.2 2280,,,PCIe 4.0 x4,Corsair,TRUE,CSSD-F1000GBMP600PLP,0.095,,,,,,,,,,SSD
Intel 660P 1.02 Tb M.2-2280 Pcie 3.0 X4 Nvme Ssd,https://pcpartpicker.com/product/9nhKHx/intel-660p-series-1tb-m2-2280-solid-state-drive-ssdpeknw010t8x1,1020,M.2 2280,,,PCIe 3.0 x4,Intel,TRUE,SSDPEKNW010T8X1,0.097,,,,,,,,,,SSD
Kingston Kc3000 1.024 Tb M.2-2280 Pcie 4.0 X4 Nvme Ssd,https://pcpartpicker.com/product/ccFbt6/kingston-kc3000-1024-tb-m2-2280-nvme-solid-state-drive-skc3000s1024g,1024,M.2 2280,,,PCIe 4.0 x4,Kingston,TRUE,SKC3000S/1024G,0.093,,,,,,,,,,SSD
Samsung 990 Evo 2 Tb M.2-2280 Pcie 5.0 X2 Nvme Ssd,https://pcpartpicker.com/product/kFrqqs/samsung-990-evo-2-tb-m2-2280-pcie-50-x2-nvme-solid-state-drive-mz-v9e2t0bam,2000,M.2 2280,,,PCIe 5.0 x2,Samsung,TRUE,MZ-V9E2T0B/AM,0.065,,,,,,,,,,SSD
Western Digital Blue Sn580 1 Tb M.2-2280 Pcie 4.0 X4 Nvme Ssd,https://pcpartpicker.com/product/rqhv6h/western-digital-blue-sn580-1-tb-m2-2280-pcie-40-x4-nvme-solid-state-drive-wds100t3b0e,1000,M.2 2280,,,PCIe 4.0 x4,Western Digital,TRUE,WDS100T3B0E,0.062,,,,,,,,,,SSD
Western Digital Black Sn850 1 Tb M.2-2280 Pcie 4.0 X4 Nvme Ssd,https://pcpartpicker.com/product/W69tt6/western-digital-black-sn850-1-tb-m2-2280-nvme-solid-state-drive-wds100t1x0e,1000,M.2 2280,,,PCIe 4.0 x4,Western Digital,TRUE,WDS100T1X0E,0.128,,,,,,,,,,SSD
Western Digital Black Sn770 2 Tb M.2-2280 Pcie 4.0 X4 Nvme Ssd,https://pcpartpicker.com/product/4KRYcf/western-digital-2-tb-m2-2280-nvme-solid-state-drive-wds200t3x0e,2000,M.2 2280,,,PCIe 4.0 x4,Western Digital,TRUE,WDS200T3X0E,0.062,,,,,3D TLC,,,,,SSD
"Teamgroup T-Force Delta Max White Rgb Lite 1 Tb 2.5"" Ssd",https://pcpartpicker.com/product/zvGbt6/teamgroup-delta-max-white-rgb-lite-1-tb-25-solid-state-drive-t253tm001t0c425,1000,"2.5""",,,SATA 6.0 Gb/s,Teamgroup,FALSE,T253TM001T0C425,0.046,,,,,,,,,,SSD
Samsung 980 1 Tb M.2-2280 Pcie 3.0 X4 Nvme Ssd,https://pcpartpicker.com/product/mKBG3C/samsung-980-1-tb-m2-2280-nvme-solid-state-drive-mz-v8v1t0bam,1000,M.2 2280,,,PCIe 3.0 x4,Samsung,TRUE,MZ-V8V1T0B/AM,0.106,,,,,,,,,,SSD
"Corsair Force Le 240 Gb 2.5"" Ssd",https://pcpartpicker.com/product/GGL7YJ/corsair-internal-hard-drive-cssdf240gbleb,240,"2.5""",,,SATA 6.0 Gb/s,Corsair,FALSE,CSSD-F240GBLEB,,,,,,,,,,,SSD
Crucial P2 2 Tb M.2-2280 Pcie 3.0 X4 Nvme Ssd,https://pcpartpicker.com/product/QggQzy/crucial-p2-2-tb-m2-2280-nvme-solid-state-drive-ct2000p2ssd8,2000,M.2 2280,,,PCIe 3.0 x4,Crucial,TRUE,CT2000P2SSD8,0.1,,,,,,,,,,SSD
Western Digital Blue Sn580 2 Tb M.2-2280 Pcie 4.0 X4 Nvme Ssd,https://pcpartpicker.com/product/266NnQ/western-digital-blue-sn580-2-tb-m2-2280-pcie-40-x4-nvme-solid-state-drive-wds200t3b0e,2000,M.2 2280,,,PCIe 4.0 x4,Western Digital,TRUE,WDS200T3B0E,0.055,,,,,,,,,,SSD
Inland Premium 1 Tb M.2-2280 Pcie 3.0 X4 Nvme Ssd,https://pcpartpicker.com/product/4XjJ7P/inland-professional-1-tb-m2-2280-solid-state-drive-1tb-nvme-premiu,1000,M.2 2280,,,PCIe 3.0 x4,Inland,TRUE,1TB NVME PREMIU,,,,,,,,,,,SSD
Msi Spatium M450 1 Tb M.2-2280 Pcie 4.0 X4 Nvme Ssd,https://pcpartpicker.com/product/XzgFf7/msi-spatium-m450-1-tb-m2-2280-pcie-40-x4-nvme-solid-state-drive-sm450n1tb,1000,M.2 2280,,,PCIe 4.0 x4,Msi,TRUE,SM450N1TB,,,,,,,,,,,SSD
Western Digital Blue Sn570 1 Tb M.2-2280 Pcie 3.0 X4 Nvme Ssd,https://pcpartpicker.com/product/3dvdnQ/western-digital-blue-sn570-1-tb-m2-2280-nvme-solid-state-drive-wds100t3b0c,1000,M.2 2280,,,PCIe 3.0 x4,Western Digital,TRUE,WDS100T3B0C,0.135,,,,,,,,,,SSD
Msi Spatium M482 2 Tb M.2-2280 Pcie 4.0 X4 Nvme Ssd,https://pcpartpicker.com/product/T6bRsY/msi-spatium-m482-2-tb-m2-2280-pcie-40-x4-nvme-solid-state-drive-spatium-m482-pcie-40-nvme-m2-2tb,2000,M.2 2280,,,PCIe 4.0 x4,Msi,TRUE,SPATIUM-M482-PCIe-4.0-NVMe-M.2-2TB,0.065,,,,,,,,,,SSD
Kingston Nv2 2 Tb M.2-2280 Pcie 4.0 X4 Nvme Ssd,https://pcpartpicker.com/product/3QXJ7P/kingston-nv2-2-tb-m2-2280-pcie-40-x4-nvme-solid-state-drive-snv2s2000g,2000,M.2 2280,,,PCIe 4.0 x4,Kingston,TRUE,SNV2S/2000G,0.058,,,,,,,,,,SSD
Netac Nv7000-T 2 Tb M.2-2280 Pcie 4.0 X4 Nvme Ssd,https://pcpartpicker.com/product/mL7scf/netac-nv7000-t-2-tb-m2-2280-pcie-40-x4-nvme-solid-state-drive-nt01nv7000t-2t0-e4x,2000,M.2 2280,,,PCIe 4.0 x4,Netac,TRUE,NT01NV7000t-2T0-E4X,0.081,,,,,3D NAND,,,,,SSD
Inland Performance Plus 2 Tb M.2-2280 Pcie 4.0 X4 Nvme Ssd,https://pcpartpicker.com/product/cqZ9TW/inland-performance-plus-2-tb-m2-2280-nvme-solid-state-drive-329466,2000,M.2 2280,,,PCIe 4.0 x4,Inland,TRUE,329466,0.067,,,,,3D TLC,,,,,SSD
Patriot P300 512 Gb M.2-2280 Pcie 3.0 X4 Nvme Ssd,https://pcpartpicker.com/product/2T848d/patriot-p300-512-gb-m2-2280-nvme-solid-state-drive-p300p512gm28,512,M.2 2280,,,PCIe 3.0 x4,Patriot,TRUE,P300P512GM28,0.064,,,,,,,,,,SSD
"Samsung 850 Evo 250 Gb 2.5"" Ssd",https://pcpartpicker.com/product/3kL7YJ/samsung-internal-hard-drive-mz75e250bam,250,"2.5""",,,SATA 6.0 Gb/s,Samsung,FALSE,MZ-75E250B/AM,,,,,,,,,,,SSD
"Crucial Mx300 275 Gb 2.5"" Ssd",https://pcpartpicker.com/product/rrvZxr/crucial-mx300-275gb-25-solid-state-drive-ct275mx300ssd1,275,"2.5""",,,SATA 6.0 Gb/s,Crucial,FALSE,CT275MX300SSD1,0.582,,,,,,,,,,SSD
Intel 660P 2.048 Tb M.2-2280 Pcie 3.0 X4 Nvme Ssd,https://pcpartpicker.com/product/7MQG3C/intel-660p-series-2tb-m2-2280-solid-state-drive-ssdpeknw020t8x1,2048,M.2 2280,,,PCIe 3.0 x4,Intel,TRUE,SSDPEKNW020T8X1,0.097,,,,,,,,,,SSD
Lexar Nq790 2 Tb M.2-2280 Pcie 4.0 X4 Nvme Ssd,https://pcpartpicker.com/product/4wHqqs/lexar-nq790-2-tb-m2-2280-pcie-40-x4-nvme-solid-state-drive-lnq790x002t-rnnnu,2000,M.2 2280,,,PCIe 4.0 x4,Lexar,TRUE,LNQ790X002T-RNNNU,0.075,,,,,,,,,,SSD
"Crucial Mx300 525 Gb 2.5"" Ssd",https://pcpartpicker.com/product/2VWrxr/crucial-mx300-525gb-25-solid-state-drive-ct525mx300ssd1,525,"2.5""",,,SATA 6.0 Gb/s,Crucial,FALSE,CT525MX300SSD1,0.343,,,,,,,,,,SSD
Kingston Fury Renegade 4 Tb M.2-2280 Pcie 4.0 X4 Nvme Ssd,https://pcpartpicker.com/product/3M2WGX/kingston-fury-renegade-4-tb-m2-2280-nvme-solid-state-drive-sfyrd4000g,4000,M.2 2280,,,PCIe 4.0 x4,Kingston,TRUE,SFYRD/4000G,0.076,,,,,,,,,,SSD
Crucial P3 Plus 2 Tb M.2-2280 Pcie 4.0 X4 Nvme Ssd,https://pcpartpicker.com/product/yGZ9TW/crucial-p3-plus-2-tb-m2-2280-nvme-solid-state-drive-ct2000p3pssd8,2000,M.2 2280,,,PCIe 4.0 x4,Crucial,TRUE,CT2000P3PSSD8,0.062,,,,,,,,,,SSD
"Patriot Burst Elite 240 Gb 2.5"" Ssd",https://pcpartpicker.com/product/NshFf7/patriot-burst-elite-240-gb-25-solid-state-drive-pbe240gs25ssdr,240,"2.5""",,,SATA 6.0 Gb/s,Patriot,FALSE,PBE240GS25SSDR,0.071,,,,,,,,,,SSD
Western Digital Wd_Black Sn850X 8 Tb M.2-2280 Pcie 4.0 X4 Nvme Ssd,https://pcpartpicker.com/product/mzJp99/western-digital-wd_black-sn850x-8-tb-m2-2280-pcie-40-x4-nvme-solid-state-drive-wds800t2x0e,8000,M.2 2280,,,PCIe 4.0 x4,Western Digital,TRUE,WDS800T2X0E,0.077,,,,,,,,,,SSD
Lexar Nm610Pro 2 Tb M.2-2280 Pcie 3.0 X4 Nvme Ssd,https://pcpartpicker.com/product/YC88TW/lexar-nm610pro-2-tb-m2-2280-pcie-30-x4-nvme-solid-state-drive-lnm610p002t-rnnng,2000,M.2 2280,,,PCIe 3.0 x4,Lexar,TRUE,LNM610P002T-RNNNG,,,,,,,,,,,SSD
Western Digital Blue Sn570 500 Gb M.2-2280 Pcie 3.0 X4 Nvme Ssd,https://pcpartpicker.com/product/9FH7YJ/western-digital-blue-sn570-500-gb-m2-2280-nvme-solid-state-drive-wds500g3b0c,500,M.2 2280,,,PCIe 3.0 x4,Western Digital,TRUE,WDS500G3B0C,0.152,,,,,,,,,,SSD
Crucial P5 1 Tb M.2-2280 Pcie 3.0 X4 Nvme Ssd,https://pcpartpicker.com/product/yTTzK8/crucial-p5-1-tb-m2-2280-nvme-solid-state-drive-ct1000p5ssd8,1000,M.2 2280,,,PCIe 3.0 x4,Crucial,TRUE,CT1000P5SSD8,,,,,,,,,,,SSD
"Western Digital Blue 500 Gb 2.5"" Ssd",https://pcpartpicker.com/product/LRkj4D/western-digital-blue-500gb-25-solid-state-drive-wds500g2b0a,500,"2.5""",,,SATA 6.0 Gb/s,Western Digital,FALSE,WDS500G2B0A,0.14,,,,,,,,,,SSD
Sk Hynix Platinum P41 2 Tb M.2-2280 Pcie 4.0 X4 Nvme Ssd,https://pcpartpicker.com/product/yGTp99/sk-hynix-platinum-p41-2-tb-m2-2280-pcie-40-x4-nvme-solid-state-drive-shpp41-2000gm-2,2000,M.2 2280,,,PCIe 4.0 x4,Sk Hynix,TRUE,SHPP41-2000GM-2,0.062,,,,,,,,,,SSD
"Pny Cs900 500 Gb 2.5"" Ssd",https://pcpartpicker.com/product/XshmP6/pny-cs900-500-gb-25-solid-state-drive-ssd7cs900-500-rb,500,"2.5""",,,SATA 6.0 Gb/s,Pny,FALSE,SSD7CS900-500-RB,0.068,,,,,,,,,,SSD
"Western Digital Green 480 Gb 2.5"" Ssd",https://pcpartpicker.com/product/YC7G3C/western-digital-green-480-gb-25-solid-state-drive-wds480g3g0a,480,"2.5""",,,SATA 6.0 Gb/s,Western Digital,FALSE,WDS480G3G0A,0.083,,,,,,,,,,SSD
"Orico Y-20 512 Gb 2.5"" Ssd",https://pcpartpicker.com/product/DHBFf7/orico-y-20-512-gb-25-solid-state-drive-y20-512gb,512,"2.5""",,,SATA 6.0 Gb/s,Orico,FALSE,Y20-512GB,0.059,,,,,,,,,,SSD
Patriot Viper Vp4300 2 Tb M.2-2280 Pcie 4.0 X4 Nvme Ssd,https://pcpartpicker.com/product/xW3gXL/patriot-viper-vp4300-2-tb-m2-2280-nvme-solid-state-drive-vp4300-2tbm28h,2000,M.2 2280,,,PCIe 4.0 x4,Patriot,TRUE,VP4300-2TBM28H,0.06,,,,,,,,,,SSD
Kingspec Xg7000 2 Tb M.2-2280 Pcie 4.0 X4 Nvme Ssd,https://pcpartpicker.com/product/Dgqrxr/kingspec-xg7000-2-tb-m2-2280-pcie-40-x4-nvme-solid-state-drive-xg-7000-2tb,2000,M.2 2280,,,PCIe 4.0 x4,Kingspec,TRUE,XG 7000-2TB,0.053,,,,,,,,,,SSD
Crucial P3 500 Gb M.2-2280 Pcie 3.0 X4 Nvme Ssd,https://pcpartpicker.com/product/XKt9TW/crucial-p3-500-gb-m2-2280-nvme-solid-state-drive-ct500p3ssd8,500,M.2 2280,,,PCIe 3.0 x4,Crucial,TRUE,CT500P3SSD8,0.09,,,,,,,,,,SSD
Crucial P2 500 Gb M.2-2280 Pcie 3.0 X4 Nvme Ssd,https://pcpartpicker.com/product/G9XYcf/crucial-p2-500-gb-m2-2280-nvme-solid-state-drive-ct500p2ssd8,500,M.2 2280,,,PCIe 3.0 x4,Crucial,TRUE,CT500P2SSD8,,,,,,,,,,,SSD
Teamgroup Mp34 1 Tb M.2-2280 Pcie 3.0 X4 Nvme Ssd,https://pcpartpicker.com/product/Y6YLrH/teamgroup-mp34-1-tb-m2-2280-nvme-solid-state-drive-tm8fp4001t0c101,1000,M.2 2280,,,PCIe 3.0 x4,Teamgroup,TRUE,TM8FP4001T0C101,,,,,,,,,,,SSD
Crucial P1 1 Tb M.2-2280 Pcie 3.0 X4 Nvme Ssd,https://pcpartpicker.com/product/pxKcCJ/crucial-p1-1tb-m2-2280-solid-state-drive-ct1000p1ssd8,1000,M.2 2280,,,PCIe 3.0 x4,Crucial,TRUE,CT1000P1SSD8,0.109,,,,,,,,,,SSD
Verbatim Vi5000 2 Tb M.2-2280 Pcie 4.0 X4 Nvme Ssd,https://pcpartpicker.com/product/pJqrxr/verbatim-vi5000-2-tb-m2-2280-pcie-40-x4-nvme-solid-state-drive-31827,2000,M.2 2280,,,PCIe 4.0 x4,Verbatim,TRUE,31827,0.056,,,,,,,,,,SSD
Kingston Fury Renegade 2 Tb M.2-2280 Pcie 4.0 X4 Nvme Ssd,https://pcpartpicker.com/product/FyZ9TW/kingston-fury-renegade-2-tb-m2-2280-nvme-solid-state-drive-sfyrd2000g,2000,M.2 2280,,,PCIe 4.0 x4,Kingston,TRUE,SFYRD/2000G,0.082,,,,,,,,,,SSD
Teamgroup T-Force G50 2 Tb M.2-2280 Pcie 4.0 X4 Nvme Ssd,https://pcpartpicker.com/product/hrLdnQ/teamgroup-t-force-g50-2-tb-m2-2280-pcie-40-x4-nvme-solid-state-drive-tm8ffe002t0c129,2000,M.2 2280,,,PCIe 4.0 x4,Teamgroup,TRUE,TM8FFE002T0C129,0.047,,,,,,,,,,SSD
Samsung 990 Evo 1 Tb M.2-2280 Pcie 5.0 X2 Nvme Ssd,https://pcpartpicker.com/product/xXGhP6/samsung-990-evo-1-tb-m2-2280-pcie-50-x2-nvme-solid-state-drive-mz-v9e1t0bam,1000,M.2 2280,,,PCIe 5.0 x2,Samsung,TRUE,MZ-V9E1T0B/AM,0.07,,,,,,,,,,SSD
Msi Spatium M460 1 Tb M.2-2280 Pcie 4.0 X4 Nvme Ssd,https://pcpartpicker.com/product/c4t9TW/msi-spatium-m460-1-tb-m2-2280-pcie-40-x4-nvme-solid-state-drive-spatium-m460-1tb,1000,M.2 2280,,,PCIe 4.0 x4,Msi,TRUE,SPATIUM-M460-1TB,,,,,,3D NAND,,,,,SSD
Seagate Firecuda 530 1 Tb M.2-2280 Pcie 4.0 X4 Nvme Ssd,https://pcpartpicker.com/product/GRYmP6/seagate-firecuda-530-1-tb-m2-2280-nvme-solid-state-drive-zp1000gm3a013,1000,M.2 2280,,,PCIe 4.0 x4,Seagate,TRUE,ZP1000GM3A013,0.094,,,,,,,,,,SSD
Western Digital Pc Sn730 256 Gb M.2-2280 Pcie 3.0 X4 Nvme Ssd,https://pcpartpicker.com/product/cmC48d/western-digital-pc-sn730-256-gb-m2-2280-pcie-30-x4-nvme-solid-state-drive-sdbpnty-256g,256,M.2 2280,,,PCIe 3.0 x4,Western Digital,TRUE,SDBPNTY-256G,0.273,,,,,,,,,,SSD
Corsair Mp600 Core Xt 1 Tb M.2-2280 Pcie 4.0 X4 Nvme Ssd,https://pcpartpicker.com/product/Tn7scf/corsair-mp600-core-xt-1-tb-m2-2280-pcie-40-x4-nvme-solid-state-drive-cssd-f1000gbmp600cxt,1000,M.2 2280,,,PCIe 4.0 x4,Corsair,TRUE,CSSD-F1000GBMP600CXT,0.068,,,,,3D QLC,,,,,SSD
Adata Xpg Sx8200 Pro 1 Tb M.2-2280 Pcie 3.0 X4 Nvme Ssd,https://pcpartpicker.com/product/zR3H99/adata-sx8200-1-tb-m2-2280-solid-state-drive-asx8200pnp-1tt-c,1000,M.2 2280,,,PCIe 3.0 x4,Adata,TRUE,ASX8200PNP-1TT-C,0.063,,,,,,,,,,SSD
Crucial T700 W/Heatsink 2 Tb M.2-2280 Pcie 5.0 X4 Nvme Ssd,https://pcpartpicker.com/product/72mNnQ/crucial-t700-wheatsink-2-tb-m2-2280-pcie-50-x4-nvme-solid-state-drive-ct2000t700ssd5,2000,M.2 2280,,,PCIe 5.0 x4,Crucial,TRUE,CT2000T700SSD5,0.125,,,,,,,,,,SSD
Kioxia Exceria Plus G3 2 Tb M.2-2280 Pcie 4.0 X4 Nvme Ssd,https://pcpartpicker.com/product/VYqrxr/kioxia-exceria-plus-g3-2-tb-m2-2280-pcie-40-x4-nvme-solid-state-drive-lsd10z002tg8,2000,M.2 2280,,,PCIe 4.0 x4,Kioxia,TRUE,LSD10Z002TG8,0.074,,,,,,,,,,SSD
"Adata Ultimate Su650 120 Gb 2.5"" Ssd",https://pcpartpicker.com/product/F9m323/adata-ultimate-su650-120-gb-25-solid-state-drive-asu650ss-120gt-r,120,"2.5""",,,SATA 6.0 Gb/s,Adata,FALSE,ASU650SS-120GT-R,,,,,,,,,,,SSD
Teamgroup Mp33 2 Tb M.2-2280 Pcie 3.0 X4 Nvme Ssd,https://pcpartpicker.com/product/C3xbt6/team-mp33-2-tb-m2-2280-nvme-solid-state-drive-tm8fp6002t0c101,2000,M.2 2280,,,PCIe 3.0 x4,Teamgroup,TRUE,TM8FP6002T0C101,0.053,,,,,,,,,,SSD
Pny Cs2140 500 Gb M.2-2280 Pcie 4.0 X4 Nvme Ssd,https://pcpartpicker.com/product/k2ddnQ/pny-cs2140-500-gb-m2-2280-nvme-solid-state-drive-m280cs2140-500-rb,500,M.2 2280,,,PCIe 4.0 x4,Pny,TRUE,M280CS2140-500-RB,0.086,,,,,,,,,,SSD
Silicon Power P34A60 512 Gb M.2-2280 Pcie 3.0 X4 Nvme Ssd,https://pcpartpicker.com/product/94gQzy/silicon-power-p34a60-512-gb-m2-2280-pcie-30-x4-nvme-solid-state-drive-sp512gbp34a60m28,512,M.2 2280,,,PCIe 3.0 x4,Silicon Power,TRUE,SP512GBP34A60M28,0.074,,,,,,,,,,SSD
Adata Xpg Sx6000 512 Gb M.2-2280 Pcie 3.0 X2 Nvme Ssd,https://pcpartpicker.com/product/bbjJ7P/adata-xpg-sx6000-512-gb-m2-2280-nvme-solid-state-drive-asx6000np-512gt-c,512,M.2 2280,,,PCIe 3.0 x2,Adata,TRUE,ASX6000NP-512GT-C,,,,,,,,,,,SSD
Adata Xpg Gammix S70 Blade 1 Tb M.2-2280 Pcie 4.0 X4 Nvme Ssd,https://pcpartpicker.com/product/gvvdnQ/adata-xpg-gammix-s70-blade-1-tb-m2-2280-nvme-solid-state-drive-agammixs70b-1t-cs,1000,M.2 2280,,,PCIe 4.0 x4,Adata,TRUE,AGAMMIXS70B-1T-CS,0.08,,,,,,,,,,SSD
Teamgroup Mp33 1 Tb M.2-2280 Pcie 3.0 X4 Nvme Ssd,https://pcpartpicker.com/product/64MTwP/team-mp33-1-tb-m2-2280-nvme-solid-state-drive-tm8fp6001t0c101,1000,M.2 2280,,,PCIe 3.0 x4,Teamgroup,TRUE,TM8FP6001T0C101,0.057,,,,,,,,,,SSD
Corsair Mp600 Pro Lpx 2 Tb M.2-2280 Pcie 4.0 X4 Nvme Ssd,https://pcpartpicker.com/product/gTRYcf/corsair-mp600-pro-lpx-2-tb-m2-2280-nvme-solid-state-drive-cssd-f2000gbmp600plp,2000,M.2 2280,,,PCIe 4.0 x4,Corsair,TRUE,CSSD-F2000GBMP600PLP,0.085,,,,,,,,,,SSD
Klevv Cras C910 2 Tb M.2-2280 Pcie 4.0 X4 Nvme Ssd,https://pcpartpicker.com/product/Q7kH99/klevv-cras-c910-2-tb-m2-2280-pcie-40-x4-nvme-solid-state-drive-k02tbm2sp0-c91,2000,M.2 2280,,,PCIe 4.0 x4,Klevv,TRUE,K02TBM2SP0-C91,0.053,,,,,3D TLC,,,,,SSD
Silicon Power P34A60 1 Tb M.2-2280 Pcie 3.0 X4 Nvme Ssd,https://pcpartpicker.com/product/drwypg/silicon-power-p34a60-1-tb-m2-2280-pcie-30-x4-nvme-solid-state-drive-su001tbp34a60m28ca,1000,M.2 2280,,,PCIe 3.0 x4,Silicon Power,TRUE,SU001TBP34A60M28CA,0.053,,,,,,,,,,SSD
Crucial T700 4 Tb M.2-2280 Pcie 5.0 X4 Nvme Ssd,https://pcpartpicker.com/product/xhkH99/crucial-t700-4-tb-m2-2280-pcie-50-x4-nvme-solid-state-drive-ct4000t700ssd3,4000,M.2 2280,,,PCIe 5.0 x4,Crucial,TRUE,CT4000T700SSD3,0.095,,,,,,,,,,SSD
Sabrent Rocket Q 1 Tb M.2-2280 Pcie 3.0 X4 Nvme Ssd,https://pcpartpicker.com/product/HmmFf7/sabrent-rocket-q-1-tb-m2-2280-nvme-solid-state-drive-sb-rktq-1tb,1000,M.2 2280,,,PCIe 3.0 x4,Sabrent,TRUE,SB-RKTQ-1TB,0.125,,,,,,,,,,SSD
Hp Ex900 500 Gb M.2-2280 Pcie 3.0 X4 Nvme Ssd,https://pcpartpicker.com/product/7stQzy/hp-ex900-500mb-m2-2280-solid-state-drive-2yy44aaabc,500,M.2 2280,,,PCIe 3.0 x4,Hp,TRUE,2YY44AA#ABC,,,,,,,,,,,SSD
"Kingston A400 240 Gb 2.5"" Ssd",https://pcpartpicker.com/product/btDzK8/kingston-a400-240gb-25-solid-state-drive-sa400s37240g,240,"2.5""",,,SATA 6.0 Gb/s,Kingston,FALSE,SA400S37/240G,0.117,,,,,,,,,,SSD
Crucial T705 W/Heatsink 2 Tb M.2-2280 Pcie 5.0 X4 Nvme Ssd,https://pcpartpicker.com/product/zzdG3C/crucial-t705-wheatsink-2-tb-m2-2280-pcie-50-x4-nvme-solid-state-drive-ct2000t705ssd5,2000,M.2 2280,,,PCIe 5.0 x4,Crucial,TRUE,CT2000T705SSD5,0.13,,,,,,,,,,SSD
Crucial P3 Plus 500 Gb M.2-2280 Pcie 4.0 X4 Nvme Ssd,https://pcpartpicker.com/product/vPpzK8/crucial-p3-plus-500-gb-m2-2280-nvme-solid-state-drive-ct500p3pssd8,500,M.2 2280,,,PCIe 4.0 x4,Crucial,TRUE,CT500P3PSSD8,0.08,,,,,,,,,,SSD
Teamgroup T-Force G70 Pro Graphene 2 Tb M.2-2280 Pcie 4.0 X4 Nvme Ssd,https://pcpartpicker.com/product/KLYRsY/teamgroup-t-force-g70-pro-graphene-2-tb-m2-2280-pcie-40-x4-nvme-solid-state-drive-tm8ffh002t0c129,2000,M.2 2280,,,PCIe 4.0 x4,Teamgroup,TRUE,TM8FFH002T0C129,0.063,,,,,,,,,,SSD
Silicon Power P34A60 256 Gb M.2-2280 Pcie 3.0 X4 Nvme Ssd,https://pcpartpicker.com/product/RrGnTW/silicon-power-p34a60-256-gb-m2-2280-nvme-solid-state-drive-sp256gbp34a60m28,256,M.2 2280,,,PCIe 3.0 x4,Silicon Power,TRUE,SP256GBP34A60M28,0.109,,,,,,,,,,SSD
"Crucial Bx300 120 Gb 2.5"" Ssd",https://pcpartpicker.com/product/vxX2FT/crucial-bx300-120gb-25-solid-state-drive-ct120bx300ssd1,120,"2.5""",,,SATA 6.0 Gb/s,Crucial,FALSE,CT120BX300SSD1,,,,,,,,,,,SSD
Silicon Power Ud90 4 Tb M.2-2280 Pcie 4.0 X4 Nvme Ssd,https://pcpartpicker.com/product/2BvD4D/silicon-power-ud90-4-tb-m2-2280-pcie-40-x4-nvme-solid-state-drive-sp04kgbp44ud9005,4000,M.2 2280,,,PCIe 4.0 x4,Silicon Power,TRUE,SP04KGBP44UD9005,0.051,,,,,,,,,,SSD
Teamgroup Mp44L 2 Tb M.2-2280 Pcie 4.0 X4 Nvme Ssd,https://pcpartpicker.com/product/2VJgXL/teamgroup-mp44l-2-tb-m2-2280-pcie-40-x4-nvme-solid-state-drive-tm8fpk002t0c101,2000,M.2 2280,,,PCIe 4.0 x4,Teamgroup,TRUE,TM8FPK002T0C101,0.054,,,,,,,,,,SSD
Mushkin Vortex-Lx 1 Tb M.2-2280 Pcie 4.0 X4 Nvme Ssd,https://pcpartpicker.com/product/zYrqqs/mushkin-vortex-lx-1-tb-m2-2280-pcie-40-x4-nvme-solid-state-drive-mknssdvl1tb-d8,1000,M.2 2280,,,PCIe 4.0 x4,Mushkin,TRUE,MKNSSDVL1TB-D8,0.081,,,,,,,,,,SSD
"Samsung 870 Qvo 2 Tb 2.5"" Ssd",https://pcpartpicker.com/product/R7FKHx/samsung-870-qvo-2-tb-25-solid-state-drive-mz-77q2t0bam,2000,"2.5""",,,SATA 6.0 Gb/s,Samsung,FALSE,MZ-77Q2T0B/AM,0.162,,,,,,,,,,SSD
"Kingston A400 480 Gb 2.5"" Ssd",https://pcpartpicker.com/product/WGZ2FT/kingston-a400-480gb-25-solid-state-drive-sa400s37480g,480,"2.5""",,,SATA 6.0 Gb/s,Kingston,FALSE,SA400S37/480G,0.083,,,,,,,,,,SSD
Crucial P2 1 Tb M.2-2280 Pcie 3.0 X4 Nvme Ssd,https://pcpartpicker.com/product/KMkgXL/crucial-p2-1-tb-m2-2280-nvme-solid-state-drive-ct1000p2ssd8,1000,M.2 2280,,,PCIe 3.0 x4,Crucial,TRUE,CT1000P2SSD8,,,,,,,,,,,SSD
Kingston Nv3 1 Tb M.2-2280 Pcie 4.0 X4 Nvme Ssd,https://pcpartpicker.com/product/tmbRsY/kingston-nv3-1-tb-m2-2280-pcie-40-x4-nvme-solid-state-drive-snv3s1000g,1000,M.2 2280,,,PCIe 4.0 x4,Kingston,TRUE,SNV3S/1000G,0.062,,,,,,,,,,SSD
Corsair Mp600 Pro Xt 2 Tb M.2-2280 Pcie 4.0 X4 Nvme Ssd,https://pcpartpicker.com/product/KVfnTW/corsair-mp600-pro-xt-2-tb-m2-2280-nvme-solid-state-drive-cssd-f2000gbmp600pxt,2000,M.2 2280,,,PCIe 4.0 x4,Corsair,TRUE,CSSD-F2000GBMP600PXT,0.087,,,,,,,,,,SSD
Kingston Kc3000 4.096 Tb M.2-2280 Pcie 4.0 X4 Nvme Ssd,https://pcpartpicker.com/product/yfGbt6/kingston-kc3000-4096-tb-m2-2280-nvme-solid-state-drive-skc3000d4096g,4096,M.2 2280,,,PCIe 4.0 x4,Kingston,TRUE,SKC3000D/4096G,0.073,,,,,,,,,,SSD
Patriot P300 256 Gb M.2-2280 Pcie 3.0 X4 Nvme Ssd,https://pcpartpicker.com/product/rWxbt6/patriot-p300-256-gb-m2-2280-nvme-solid-state-drive-p300p256gm28,256,M.2 2280,,,PCIe 3.0 x4,Patriot,TRUE,P300P256GM28,0.09,,,,,,,,,,SSD
Corsair Mp600 1 Tb M.2-2280 Pcie 4.0 X4 Nvme Ssd,https://pcpartpicker.com/product/6QgFf7/corsair-mp600-1-tb-m2-2280-nvme-solid-state-drive-cssd-f1000gbmp600r2,1000,M.2 2280,,,PCIe 4.0 x4,Corsair,TRUE,CSSD-F1000GBMP600R2,,,,,,3D TLC,,,,,SSD
Teamgroup Cardea A440 1 Tb M.2-2280 Pcie 4.0 X4 Nvme Ssd,https://pcpartpicker.com/product/bpBG3C/team-cardea-a440-1-tb-m2-2280-nvme-solid-state-drive-tm8fpz001t0c327,1000,M.2 2280,,,PCIe 4.0 x4,Teamgroup,TRUE,TM8FPZ001T0C327,0.08,,,,,,,,,,SSD
Teamgroup Mp44L 500 Gb M.2-2280 Pcie 4.0 X4 Nvme Ssd,https://pcpartpicker.com/product/WcJgXL/teamgroup-mp44l-500-gb-m2-2280-pcie-40-x4-nvme-solid-state-drive-tm8fpk500g0c101,500,M.2 2280,,,PCIe 4.0 x4,Teamgroup,TRUE,TM8FPK500G0C101,0.07,,,,,,,,,,SSD
Sabrent Rocket Q4 2 Tb M.2-2280 Pcie 4.0 X4 Nvme Ssd,https://pcpartpicker.com/product/X6wkcf/sabrent-rocket-q4-2-tb-m2-2280-nvme-solid-state-drive-sb-rktq4-2tb,2000,M.2 2280,,,PCIe 4.0 x4,Sabrent,TRUE,SB-RKTQ4-2TB,,,,,,,,,,,SSD
Western Digital Black Sn750 500 Gb M.2-2280 Pcie 3.0 X4 Nvme Ssd,https://pcpartpicker.com/product/KTQG3C/western-digital-wd_black-sn750-500-gb-m2-2280-nvme-solid-state-drive-wds500g3x0c,500,M.2 2280,,,PCIe 3.0 x4,Western Digital,TRUE,WDS500G3X0C,0.23,,,,,,,,,,SSD
Western Digital Blue Sn550 500 Gb M.2-2280 Pcie 3.0 X4 Nvme Ssd,https://pcpartpicker.com/product/zXrRsY/western-digital-blue-sn550-500-gb-m2-2280-nvme-solid-state-drive-wdba3v5000anc-wrsn,500,M.2 2280,,,PCIe 3.0 x4,Western Digital,TRUE,WDBA3V5000ANC-WRSN,0.14,,,,,,,,,,SSD
"Teamgroup Gx2 1 Tb 2.5"" Ssd",https://pcpartpicker.com/product/NzBTwP/team-gx2-1-tb-25-solid-state-drive-t253x2001t0c101,1000,"2.5""",,,SATA 6.0 Gb/s,Teamgroup,FALSE,T253X2001T0C101,0.056,,,,,,,,,,SSD
Crucial Mx500 1 Tb M.2-2280 Sata Ssd,https://pcpartpicker.com/product/4Qw7YJ/crucial-mx500-1tb-m2-2280-solid-state-drive-ct1000mx500ssd4,1000,M.2 2280,,,M.2 SATA,Crucial,FALSE,CT1000MX500SSD4,,,,,,,,,,,SSD
Inland Prime 500 Gb M.2-2280 Pcie 3.0 X4 Nvme Ssd,https://pcpartpicker.com/product/XwWzK8/inland-prime-500-gb-m2-2280-nvme-solid-state-drive-618996741946,500,M.2 2280,,,PCIe 3.0 x4,Inland,TRUE,6.18997E+11,,,,,,,,,,,SSD
Silicon Power Us75 4 Tb M.2-2280 Pcie 4.0 X4 Nvme Ssd,https://pcpartpicker.com/product/ZM4Zxr/silicon-power-us75-4-tb-m2-2280-pcie-40-x4-nvme-solid-state-drive-sp04kgbp44us7505,4000,M.2 2280,,,PCIe 4.0 x4,Silicon Power,TRUE,SP04KGBP44US7505,0.056,,,,,,,,,,SSD
Kingston Fury Renegade With Heat Sink 1 Tb M.2-2280 Pcie 4.0 X4 Nvme Ssd,https://pcpartpicker.com/product/sRLFf7/kingston-fury-renegade-with-heat-sink-1-tb-m2-2280-pcie-40-x4-nvme-solid-state-drive-sfyrsk1000g,1000,M.2 2280,,,PCIe 4.0 x4,Kingston,TRUE,SFYRSK/1000G,0.11,,,,,3D TLC,,,,,SSD
"Adata Su800 128 Gb 2.5"" Ssd",https://pcpartpicker.com/product/mPgPxr/adata-ultimate-su800-128-gb-25-solid-state-drive-asu800ss-128gt-c,128,"2.5""",,,SATA 6.0 Gb/s,Adata,FALSE,ASU800SS-128GT-C,,,,,,,,,,,SSD
Samsung Pm961 256 Gb M.2-2280 Pcie 3.0 X4 Nvme Ssd,https://pcpartpicker.com/product/k64NnQ/samsung-pm961-256gb-m2-2280-solid-state-drive-mzvlw256hehp-00000,256,M.2 2280,,,PCIe 3.0 x4,Samsung,TRUE,MZVLW256HEHP-00000,,,,,,,,,,,SSD
Sandisk Extreme 2 Tb M.2-2280 Pcie 4.0 X4 Nvme Ssd,https://pcpartpicker.com/product/cNFmP6/sandisk-extreme-2-tb-m2-2280-pcie-40-x4-nvme-solid-state-drive-sdssdx3n-2t00-g26,2000,M.2 2280,,,PCIe 4.0 x4,Sandisk,TRUE,SDSSDX3N-2T00-G26,0.062,,,,,,,,,,SSD
"Sandisk Ssd Plus 240 Gb 2.5"" Ssd",https://pcpartpicker.com/product/8jH48d/sandisk-ssd-plus-240gb-25-solid-state-drive-sdssda-240g-g26,240,"2.5""",,,SATA 6.0 Gb/s,Sandisk,FALSE,SDSSDA-240G-G26,0.092,,,,,,,,,,SSD
"Teamgroup T-Force Vulcan Z 512 Gb 2.5"" Ssd",https://pcpartpicker.com/product/Qg92FT/teamgroup-t-force-vulcan-z-512-gb-25-solid-state-drive-t253tz512g0c101,512,"2.5""",,,SATA 6.0 Gb/s,Teamgroup,FALSE,T253TZ512G0C101,0.066,,,,,,,,,,SSD
Teamgroup T-Force G50 1 Tb M.2-2280 Pcie 4.0 X4 Nvme Ssd,https://pcpartpicker.com/product/XB9wrH/teamgroup-t-force-g50-1-tb-m2-2280-pcie-40-x4-nvme-solid-state-drive-tm8ffe001t0c129,1000,M.2 2280,,,PCIe 4.0 x4,Teamgroup,TRUE,TM8FFE001T0C129,0.055,,,,,,,,,,SSD
Klevv Cras C910 1 Tb M.2-2280 Pcie 4.0 X4 Nvme Ssd,https://pcpartpicker.com/product/99RwrH/klevv-cras-c910-1-tb-m2-2280-pcie-40-x4-nvme-solid-state-drive-k01tbm2sp0-c91,1000,M.2 2280,,,PCIe 4.0 x4,Klevv,TRUE,K01TBM2SP0-C91,0.057,,,,,3D TLC,,,,,SSD
Kingston Fury Renegade 1 Tb M.2-2280 Pcie 4.0 X4 Nvme Ssd,https://pcpartpicker.com/product/QxkWGX/kingston-fury-renegade-1-tb-m2-2280-nvme-solid-state-drive-sfyrs1000g,1000,M.2 2280,,,PCIe 4.0 x4,Kingston,TRUE,SFYRS/1000G,0.09,,,,,,,,,,SSD
Adata Legend 860 1 Tb M.2-2280 Pcie 4.0 X4 Nvme Ssd,https://pcpartpicker.com/product/CxLdnQ/adata-legend-860-1-tb-m2-2280-pcie-40-x4-nvme-solid-state-drive-sleg-860-1000gcs,1000,M.2 2280,,,PCIe 4.0 x4,Adata,TRUE,SLEG-860-1000GCS,0.082,,,,,,,,,,SSD
Pny Cs1031 1 Tb M.2-2280 Pcie 3.0 X4 Nvme Ssd,https://pcpartpicker.com/product/ZCJp99/pny-cs1031-1-tb-m2-2280-pcie-30-x4-nvme-solid-state-drive-m280cs1031-1tb-cl,1000,M.2 2280,,,PCIe 3.0 x4,Pny,TRUE,M280CS1031-1TB-CL,,,,,,3D NAND,,,,,SSD
Patriot Viper Vp4300 Lite 1 Tb M.2-2280 Pcie 4.0 X4 Nvme Ssd,https://pcpartpicker.com/product/zPQKHx/patriot-viper-vp4300-lite-1-tb-m2-2280-pcie-40-x4-nvme-solid-state-drive-vp4300l1tbm28h,1000,M.2 2280,,,PCIe 4.0 x4,Patriot,TRUE,VP4300L1TBM28H,0.066,,,,,,,,,,SSD
Adata Legend 960 Max 1 Tb M.2-2280 Pcie 4.0 X4 Nvme Ssd,https://pcpartpicker.com/product/fcfxFT/adata-legend-960-max-1-tb-m2-2280-pcie-40-x4-nvme-solid-state-drive-aleg-960m-1tcs,1000,M.2 2280,,,PCIe 4.0 x4,Adata,TRUE,ALEG-960M-1TCS,0.09,,,,,3D NAND,,,,,SSD
Samsung Sm961 1 Tb M.2-2280 Pcie 3.0 X4 Nvme Ssd,https://pcpartpicker.com/product/Jn648d/samsung-sm961-1tb-m2-2280-solid-state-drive-mzvkw1t0hmlh-00000,1000,M.2 2280,,,PCIe 3.0 x4,Samsung,TRUE,MZVKW1T0HMLH-00000,,,,,,,,,,,SSD
Fanxiang S880 2 Tb M.2-2280 Pcie 4.0 X4 Nvme Ssd,https://pcpartpicker.com/product/vzjRsY/fanxiang-s880-2-tb-m2-2280-pcie-40-x4-nvme-solid-state-drive-2tb-ssd-m2-s880,2000,M.2 2280,,,PCIe 4.0 x4,Fanxiang,TRUE,2TB - SSD - M.2 - S880,0.062,,,,,,,,,,SSD
Crucial P3 2 Tb M.2-2280 Pcie 3.0 X4 Nvme Ssd,https://pcpartpicker.com/product/dBBG3C/crucial-p3-2-tb-m2-2280-nvme-solid-state-drive-ct2000p3ssd8,2000,M.2 2280,,,PCIe 3.0 x4,Crucial,TRUE,CT2000P3SSD8,0.073,,,,,,,,,,SSD
Fanxiang S500 Pro 1 Tb M.2-2280 Pcie 3.0 X4 Nvme Ssd,https://pcpartpicker.com/product/rbxxFT/fanxiang-s500-pro-1-tb-m2-2280-pcie-30-x4-nvme-solid-state-drive-s500-pro-1tb-m2-ssd,1000,M.2 2280,,,PCIe 3.0 x4,Fanxiang,TRUE,S500 Pro - 1TB - M.2 SSD,0.063,,,,,,,,,,SSD
Samsung 990 Evo Plus 4 Tb M.2-2280 Pcie 5.0 X2 Nvme Ssd,https://pcpartpicker.com/product/HgRwrH/samsung-990-evo-plus-4-tb-m2-2280-pcie-50-x2-nvme-solid-state-drive-mz-v9s4t0bw,4000,M.2 2280,,,PCIe 5.0 x2,Samsung,TRUE,MZ-V9S4T0BW,0.062,,,,,,,,,,SSD
Corsair Mp700 Elite 1 Tb M.2-2280 Pcie 5.0 X4 Nvme Ssd,https://pcpartpicker.com/product/q9qrxr/corsair-mp700-elite-1-tb-m2-2280-pcie-50-x4-nvme-solid-state-drive-cssd-f1000gbmp700enh,1000,M.2 2280,,,PCIe 5.0 x4,Corsair,TRUE,CSSD-F1000GBMP700ENH,0.11,,,,,,,,,,SSD
Transcend 110S 128 Gb M.2-2280 Pcie 3.0 X4 Nvme Ssd,https://pcpartpicker.com/product/qfPgXL/transcend-110s-128-gb-m2-2280-nvme-solid-state-drive-ts128gmte110s,128,M.2 2280,,,PCIe 3.0 x4,Transcend,TRUE,TS128GMTE110S,0.164,,,,,,,,,,SSD
Klevv Cras C710 1 Tb M.2-2280 Pcie 3.0 X4 Nvme Ssd,https://pcpartpicker.com/product/nJwypg/klevv-cras-c710-1-tb-m2-2280-nvme-solid-state-drive-k01tbm2sp0-c71,1000,M.2 2280,,,PCIe 3.0 x4,Klevv,TRUE,K01TBM2SP0-C71,,,,,,,,,,,SSD
Corsair Mp600 Pro Nh 2 Tb M.2-2280 Pcie 4.0 X4 Nvme Ssd,https://pcpartpicker.com/product/z2pzK8/corsair-mp600-pro-nh-2-tb-m2-2280-pcie-40-x4-nvme-solid-state-drive-cssd-f2000gbmp600pnh,2000,M.2 2280,,,PCIe 4.0 x4,Corsair,TRUE,CSSD-F2000GBMP600PNH,0.073,,,,,,,,,,SSD
Corsair Mp700 Elite 2 Tb M.2-2280 Pcie 5.0 X4 Nvme Ssd,https://pcpartpicker.com/product/KMGhP6/corsair-mp700-elite-2-tb-m2-2280-pcie-50-x4-nvme-solid-state-drive-cssd-f2000gbmp700enh,2000,M.2 2280,,,PCIe 5.0 x4,Corsair,TRUE,CSSD-F2000GBMP700ENH,0.09,,,,,,,,,,SSD
Addlink A95 4 Tb M.2-2280 Pcie 4.0 X4 Nvme Ssd,https://pcpartpicker.com/product/PbgFf7/addlink-a95-4-tb-m2-2280-nvme-solid-state-drive-ad4tba95m2p,4000,M.2 2280,,,PCIe 4.0 x4,Addlink,TRUE,ad4TBA95M2P,0.07,,,,,,,,,,SSD
Kingston Kc3000 2.048 Tb M.2-2280 Pcie 4.0 X4 Nvme Ssd,https://pcpartpicker.com/product/sJPQzy/kingston-kc3000-2048-tb-m2-2280-nvme-solid-state-drive-skc3000d2048g,2048,M.2 2280,,,PCIe 4.0 x4,Kingston,TRUE,SKC3000D/2048G,0.075,,,,,,,,,,SSD
Western Digital Blue 250 Gb M.2-2280 Sata Ssd,https://pcpartpicker.com/product/smBrxr/western-digital-blue-250gb-m2-2280-solid-state-drive-wds250g1b0b,250,M.2 2280,,,M.2 SATA,Western Digital,FALSE,WDS250G1B0B,,,,,,,,,,,SSD
"Adata Su800 256 Gb 2.5"" Ssd",https://pcpartpicker.com/product/7YQRsY/adata-ultimate-su800-256-gb-25-solid-state-drive-asu800ss-256gt-c,256,"2.5""",,,SATA 6.0 Gb/s,Adata,FALSE,ASU800SS-256GT-C,0.194,,,,,,,,,,SSD
Crucial P1 500 Gb M.2-2280 Pcie 3.0 X4 Nvme Ssd,https://pcpartpicker.com/product/xpYLrH/crucial-p1-500gb-m2-2280-solid-state-drive-ct500p1ssd8,500,M.2 2280,,,PCIe 3.0 x4,Crucial,TRUE,CT500P1SSD8,0.252,,,,,,,,,,SSD
Inland Tn470 2 Tb M.2-2280 Pcie 4.0 X4 Nvme Ssd,https://pcpartpicker.com/product/rkn9TW/inland-tn470-2-tb-m2-2280-pcie-40-x4-nvme-solid-state-drive-2tb-tn470,2000,M.2 2280,,,PCIe 4.0 x4,Inland,TRUE,2TB TN470,0.064,,,,,,,,,,SSD
Western Digital Wd_Black Sn850X W/Heatsink 1 Tb M.2-2280 Pcie 4.0 X4 Nvme Ssd,https://pcpartpicker.com/product/Ccwypg/western-digital-wd_black-sn850x-wheatsink-1-tb-m2-2280-pcie-40-x4-nvme-solid-state-drive-wds100t2xhe,1000,M.2 2280,,,PCIe 4.0 x4,Western Digital,TRUE,WDS100T2XHE,0.11,,,,,,,,,,SSD
"Sandisk Ultra 3D 500 Gb 2.5"" Ssd",https://pcpartpicker.com/product/RxYLrH/sandisk-ultra-3d-500gb-25-solid-state-drive-sdssdh3-500g-g25,500,"2.5""",,,SATA 6.0 Gb/s,Sandisk,FALSE,SDSSDH3-500G-G25,0.225,,,,,,,,,,SSD
Western Digital Blue Sn550 2 Tb M.2-2280 Pcie 3.0 X4 Nvme Ssd,https://pcpartpicker.com/product/zNK2FT/western-digital-blue-sn550-2-tb-m2-2280-nvme-solid-state-drive-wds200t2b0c,2000,M.2 2280,,,PCIe 3.0 x4,Western Digital,TRUE,WDS200T2B0C,0.1,,,,,,,,,,SSD
Sk Hynix Platinum P41 1 Tb M.2-2280 Pcie 4.0 X4 Nvme Ssd,https://pcpartpicker.com/product/sw2WGX/sk-hynix-platinum-p41-1-tb-m2-2280-pcie-40-x4-nvme-solid-state-drive-shpp41-1000gm-2,1000,M.2 2280,,,PCIe 4.0 x4,Sk Hynix,TRUE,SHPP41-1000GM-2,0.077,,,,,,,,,,SSD
Msi Spatium M461 2 Tb M.2-2280 Pcie 4.0 X4 Nvme Ssd,https://pcpartpicker.com/product/9vfxFT/msi-spatium-m461-2-tb-m2-2280-pcie-40-x4-nvme-solid-state-drive-spatium-m461-2tb,2000,M.2 2280,,,PCIe 4.0 x4,Msi,TRUE,SPATIUM M461 2TB,0.05,,,,,,,,,,SSD
Silicon Power A80 512 Gb M.2-2280 Pcie 3.0 X4 Nvme Ssd,https://pcpartpicker.com/product/XML48d/silicon-power-a80-512-gb-m2-2280-solid-state-drive-sp512gbp34a80m28,512,M.2 2280,,,PCIe 3.0 x4,Silicon Power,TRUE,SP512GBP34A80M28,,,,,,,,,,,SSD
Corsair Mp700 2 Tb M.2-2280 Pcie 5.0 X4 Nvme Ssd,https://pcpartpicker.com/product/JY9wrH/corsair-mp700-2-tb-m2-2280-pcie-50-x4-nvme-solid-state-drive-cssd-f2000gbmp700r2,2000,M.2 2280,,,PCIe 5.0 x4,Corsair,TRUE,CSSD-F2000GBMP700R2,,,,,,3D TLC,,,,,SSD
Lexar Nm710 2 Tb M.2-2280 Pcie 4.0 X4 Nvme Ssd,https://pcpartpicker.com/product/mPXV3C/lexar-nm710-2-tb-m2-2280-pcie-40-x4-nvme-solid-state-drive-lnm710x002t-rnnng,2000,M.2 2280,,,PCIe 4.0 x4,Lexar,TRUE,LNM710X002T-RNNNG,0.072,,,,,,,,,,SSD
Lexar Nm710 1 Tb M.2-2280 Pcie 4.0 X4 Nvme Ssd,https://pcpartpicker.com/product/V3yH99/lexar-nm710-1-tb-m2-2280-pcie-40-x4-nvme-solid-state-drive-lnm710x001t-rnnng,1000,M.2 2280,,,PCIe 4.0 x4,Lexar,TRUE,LNM710X001T-RNNNG,0.085,,,,,,,,,,SSD
Adata Xpg Spectrix S40G Rgb 1 Tb M.2-2280 Pcie 3.0 X4 Nvme Ssd,https://pcpartpicker.com/product/7WcRsY/adata-xpg-spectrix-s40g-rgb-1-tb-m2-2280-nvme-solid-state-drive-as40g-1tt-c,1000,M.2 2280,,,PCIe 3.0 x4,Adata,TRUE,AS40G-1TT-C,0.16,,,,,,,,,,SSD
"Adata Su630 240 Gb 2.5"" Ssd",https://pcpartpicker.com/product/cvgzK8/adata-su630-240-gb-25-solid-state-drive-asu630ss-240gq-r,240,"2.5""",,,SATA 6.0 Gb/s,Adata,FALSE,ASU630SS-240GQ-R,0.111,,,,,,,,,,SSD
Corsair Mp600 Gs 2 Tb M.2-2280 Pcie 4.0 X4 Nvme Ssd,https://pcpartpicker.com/product/WMqPxr/corsair-mp600-gs-2-tb-m2-2280-pcie-40-x4-nvme-solid-state-drive-cssd-f2000gbmp600gs,2000,M.2 2280,,,PCIe 4.0 x4,Corsair,TRUE,CSSD-F2000GBMP600GS,0.095,,,,,3D TLC,,,,,SSD
Samsung 990 Evo Plus 1 Tb M.2-2280 Pcie 5.0 X2 Nvme Ssd,https://pcpartpicker.com/product/XQFmP6/samsung-990-evo-plus-1-tb-m2-2280-pcie-50-x2-nvme-solid-state-drive-mz-v9s1t0bw,1000,M.2 2280,,,PCIe 5.0 x2,Samsung,TRUE,MZ-V9S1T0BW,0.075,,,,,,,,,,SSD
Gigabyte Aorus Gen4 2 Tb M.2-2280 Pcie 4.0 X4 Nvme Ssd,https://pcpartpicker.com/product/KZMTwP/gigabyte-aorus-nvme-gen4-2-tb-m2-2280-nvme-solid-state-drive-gp-ag42tb,2000,M.2 2280,,,PCIe 4.0 x4,Gigabyte,TRUE,GP-AG42TB,,,,,,,,,,,SSD
Western Digital Black 512 Gb M.2-2280 Pcie 3.0 X4 Nvme Ssd,https://pcpartpicker.com/product/wjDzK8/western-digital-black-512gb-m2-2280-solid-state-drive-wds512g1x0c,512,M.2 2280,,,PCIe 3.0 x4,Western Digital,TRUE,WDS512G1X0C,0.391,,,,,,,,,,SSD
Teamgroup A440 Lite 2 Tb M.2-2280 Pcie 4.0 X4 Nvme Ssd,https://pcpartpicker.com/product/C8BzK8/teamgroup-a440-lite-2-tb-m2-2280-pcie-40-x4-nvme-solid-state-drive-tm8ffq002t0c129,2000,M.2 2280,,,PCIe 4.0 x4,Teamgroup,TRUE,TM8FFQ002T0C129,0.087,,,,,,,,,,SSD
Intel 670P 1 Tb M.2-2280 Pcie 3.0 X4 Nvme Ssd,https://pcpartpicker.com/product/r4C48d/intel-670p-1-tb-m2-2280-nvme-solid-state-drive-ssdpeknu010tzx1,1000,M.2 2280,,,PCIe 3.0 x4,Intel,TRUE,SSDPEKNU010TZX1,0.097,,,,,,,,,,SSD
Timetec 35Ttfp6Pcie 512 Gb M.2-2280 Pcie 3.0 X4 Nvme Ssd,https://pcpartpicker.com/product/L9VmP6/timetec-35ttfp6pcie-512-gb-m2-2280-nvme-solid-state-drive-35ttfp6pcie-512g,512,M.2 2280,,,PCIe 3.0 x4,Timetec,TRUE,35TTFP6PCIE-512G,0.066,,,,,,,,,,SSD
"Silicon Power A55 1 Tb 2.5"" Ssd",https://pcpartpicker.com/product/nXF48d/silicon-power-a55-1-tb-25-solid-state-drive-sp001tbss3a55s25,1000,"2.5""",,,SATA 6.0 Gb/s,Silicon Power,FALSE,SP001TBSS3A55S25,0.05,,,,,,,,,,SSD
"Teamgroup Qx 512 Gb 2.5"" Ssd",https://pcpartpicker.com/product/tMCZxr/teamgroup-qx-512-gb-25-solid-state-drive-t253x7512g0c101,512,"2.5""",,,SATA 6.0 Gb/s,Teamgroup,FALSE,T253X7512G0C101,0.059,,,,,,,,,,SSD
"Adata Su800 512 Gb 2.5"" Ssd",https://pcpartpicker.com/product/V3mxFT/adata-ultimate-su800-512-gb-25-solid-state-drive-asu800ss-512gt-c,512,"2.5""",,,SATA 6.0 Gb/s,Adata,FALSE,ASU800SS-512GT-C,0.118,,,,,,,,,,SSD
Sk Hynix Platinum P41 500 Gb M.2-2280 Pcie 4.0 X4 Nvme Ssd,https://pcpartpicker.com/product/chcG3C/sk-hynix-platinum-p41-500-gb-m2-2280-nvme-solid-state-drive-shpp41-500gm-2,500,M.2 2280,,,PCIe 4.0 x4,Sk Hynix,TRUE,SHPP41-500GM-2,0.116,,,,,,,,,,SSD
Teamgroup Mp44 2 Tb M.2-2280 Pcie 4.0 X4 Nvme Ssd,https://pcpartpicker.com/product/DN6NnQ/teamgroup-mp44-2-tb-m2-2280-pcie-40-x4-nvme-solid-state-drive-tm8fpw002t0c101,2000,M.2 2280,,,PCIe 4.0 x4,Teamgroup,TRUE,TM8FPW002T0C101,0.061,,,,,,,,,,SSD
Teamgroup Ms30 256 Gb M.2-2280 Sata Ssd,https://pcpartpicker.com/product/JPPKHx/team-ms30-256-gb-m2-2280-solid-state-drive-tm8ps7256g0c101,256,M.2 2280,,,M.2 SATA,Teamgroup,FALSE,TM8PS7256G0C101,0.098,,,,,,,,,,SSD
Western Digital Blue Sn580 250 Gb M.2-2280 Pcie 4.0 X4 Nvme Ssd,https://pcpartpicker.com/product/xx26Mp/western-digital-blue-sn580-250-gb-m2-2280-pcie-40-x4-nvme-solid-state-drive-wds250g3b0e,250,M.2 2280,,,PCIe 4.0 x4,Western Digital,TRUE,WDS250G3B0E,0.132,,,,,,,,,,SSD
Crucial T705 1 Tb M.2-2280 Pcie 5.0 X4 Nvme Ssd,https://pcpartpicker.com/product/bF9wrH/crucial-t705-1-tb-m2-2280-pcie-50-x4-nvme-solid-state-drive-ct1000t705ssd3,1000,M.2 2280,,,PCIe 5.0 x4,Crucial,TRUE,CT1000T705SSD3,0.143,,,,,,,,,,SSD
Adata Xpg Sx6000 256 Gb M.2-2280 Pcie 3.0 X2 Nvme Ssd,https://pcpartpicker.com/product/2JVD4D/adata-xpg-sx6000-256gb-m2-2280-solid-state-drive-asx6000np-256gt-c,256,M.2 2280,,,PCIe 3.0 x2,Adata,TRUE,ASX6000NP-256GT-C,,,,,,,,,,,SSD
Crucial T500 1 Tb M.2-2280 Pcie 4.0 X4 Nvme Ssd,https://pcpartpicker.com/product/GfRwrH/crucial-t500-1-tb-m2-2280-pcie-40-x4-nvme-solid-state-drive-ct1000t500ssd8,1000,M.2 2280,,,PCIe 4.0 x4,Crucial,TRUE,CT1000T500SSD8,0.084,,,,,,,,,,SSD
Adata Swordfish 500 Gb M.2-2280 Pcie 3.0 X4 Nvme Ssd,https://pcpartpicker.com/product/sXqBD3/adata-swordfish-500-gb-m2-2280-nvme-solid-state-drive-aswordfish-500g-c,500,M.2 2280,,,PCIe 3.0 x4,Adata,TRUE,ASWORDFISH-500G-C,,,,,,,,,,,SSD
Crucial T700 1 Tb M.2-2280 Pcie 5.0 X4 Nvme Ssd,https://pcpartpicker.com/product/mVwmP6/crucial-t700-1-tb-m2-2280-pcie-50-x4-nvme-solid-state-drive-ct1000t700ssd3,1000,M.2 2280,,,PCIe 5.0 x4,Crucial,TRUE,CT1000T700SSD3,0.14,,,,,,,,,,SSD
Patriot P400 Lite 2 Tb M.2-2280 Pcie 4.0 X4 Nvme Ssd,https://pcpartpicker.com/product/hkmNnQ/patriot-p400-lite-2-tb-m2-2280-pcie-40-x4-nvme-solid-state-drive-p400lp2kgm28h,2000,M.2 2280,,,PCIe 4.0 x4,Patriot,TRUE,P400LP2KGM28H,0.051,,,,,,,,,,SSD
Sabrent Rocket 1 Tb M.2-2280 Pcie 3.0 X4 Nvme Ssd,https://pcpartpicker.com/product/N7zkcf/sabrent-1-tb-m2-2280-solid-state-drive-sb-rocket-1tb,1000,M.2 2280,,,PCIe 3.0 x4,Sabrent,TRUE,SB-ROCKET-1TB,,,,,,,,,,,SSD
"Western Digital Blue 1 Tb 2.5"" Ssd",https://pcpartpicker.com/product/GTCD4D/western-digital-blue-1tb-25-solid-state-drive-wds100t2b0a,1000,"2.5""",,,SATA 6.0 Gb/s,Western Digital,FALSE,WDS100T2B0A,0.141,,,,,,,,,,SSD
Kingston Fury Renegade 500 Gb M.2-2280 Pcie 4.0 X4 Nvme Ssd,https://pcpartpicker.com/product/Kdt9TW/kingston-fury-renegade-500-gb-m2-2280-nvme-solid-state-drive-sfyrs500g,500,M.2 2280,,,PCIe 4.0 x4,Kingston,TRUE,SFYRS/500G,0.126,,,,,,,,,,SSD
Crucial P3 1 Tb M.2-2280 Pcie 3.0 X4 Nvme Ssd,https://pcpartpicker.com/product/sw4Ycf/crucial-p3-1-tb-m2-2280-nvme-solid-state-drive-ct1000p3ssd8,1000,M.2 2280,,,PCIe 3.0 x4,Crucial,TRUE,CT1000P3SSD8,0.067,,,,,,,,,,SSD
"Sandisk Ssd Plus 120 Gb 2.5"" Ssd",https://pcpartpicker.com/product/m34NnQ/sandisk-ssd-plus-120gb-25-solid-state-drive-sdssda-120g-g26,120,"2.5""",,,SATA 6.0 Gb/s,Sandisk,FALSE,SDSSDA-120G-G26,0.529,,,,,,,,,,SSD
Patriot Viper Vp4300 Lite 2 Tb M.2-2280 Pcie 4.0 X4 Nvme Ssd,https://pcpartpicker.com/product/BqP8TW/patriot-viper-vp4300-lite-2-tb-m2-2280-pcie-40-x4-nvme-solid-state-drive-vp4300l2tbm28h,2000,M.2 2280,,,PCIe 4.0 x4,Patriot,TRUE,VP4300L2TBM28H,0.055,,,,,,,,,,SSD
"Kingston A400 120 Gb 2.5"" Ssd",https://pcpartpicker.com/product/2FDzK8/kingston-a400-120gb-25-solid-state-drive-sa400s37120g,120,"2.5""",,,SATA 6.0 Gb/s,Kingston,FALSE,SA400S37/120G,,,,,,,,,,,SSD
Kingspec Xf 2 Tb M.2-2280 Pcie 4.0 X4 Nvme Ssd,https://pcpartpicker.com/product/BvP8TW/kingspec-xf-2-tb-m2-2280-pcie-40-x4-nvme-solid-state-drive-xf-2tb-2280,2000,M.2 2280,,,PCIe 4.0 x4,Kingspec,TRUE,XF-2TB-2280,0.048,,,,,,,,,,SSD
Inland Tn450 500 Gb M.2-2280 Pcie 4.0 X4 Nvme Ssd,https://pcpartpicker.com/product/jnjRsY/inland-tn450-500-gb-m2-2280-pcie-40-x4-nvme-solid-state-drive-500gb-tn450,500,M.2 2280,,,PCIe 4.0 x4,Inland,TRUE,500GB TN450,0.094,,,,,3D TLC,,,,,SSD
Corsair Mp700 Pro 2 Tb M.2-2280 Pcie 5.0 X4 Nvme Ssd,https://pcpartpicker.com/product/3vvD4D/corsair-mp700-pro-2-tb-m2-2280-pcie-50-x4-nvme-solid-state-drive-cssd-f2000gbmp700pnh,2000,M.2 2280,,,PCIe 5.0 x4,Corsair,TRUE,CSSD-F2000GBMP700PNH,0.11,,,,,3D TLC,,,,,SSD
"Teamgroup Gx1 960 Gb 2.5"" Ssd",https://pcpartpicker.com/product/2FF48d/team-gx1-960-gb-25-solid-state-drive-t253x1960g0c101,960,"2.5""",,,SATA 6.0 Gb/s,Teamgroup,FALSE,T253X1960G0C101,,,,,,,,,,,SSD
"Crucial Bx500 480 Gb 2.5"" Ssd",https://pcpartpicker.com/product/8R66Mp/crucial-bx500-480gb-25-solid-state-drive-ct480bx500ssd1,480,"2.5""",,,SATA 6.0 Gb/s,Crucial,FALSE,CT480BX500SSD1,0.073,,,,,,,,,,SSD
Corsair Mp600 Pro Lpx 2 Tb M.2-2280 Pcie 4.0 X4 Nvme Ssd,https://pcpartpicker.com/product/cXHqqs/corsair-mp600-pro-lpx-2-tb-m2-2280-pcie-40-x4-nvme-solid-state-drive-cssd-f2000gbmp600plpw,2000,M.2 2280,,,PCIe 4.0 x4,Corsair,TRUE,CSSD-F2000GBMP600PLPW,0.085,,,,,3D TLC,,,,,SSD
Patriot P400 Lite 1 Tb M.2-2280 Pcie 4.0 X4 Nvme Ssd,https://pcpartpicker.com/product/Xy3NnQ/patriot-p400-lite-1-tb-m2-2280-pcie-40-x4-nvme-solid-state-drive-p400lp1kgm28h,1000,M.2 2280,,,PCIe 4.0 x4,Patriot,TRUE,P400LP1KGM28H,0.056,,,,,,,,,,SSD
Silicon Power A55 512 Gb M.2-2280 Sata Ssd,https://pcpartpicker.com/product/hm7G3C/silicon-power-a55-512-gb-m2-2280-solid-state-drive-su512gbss3a55m28ac,512,M.2 2280,,,M.2 SATA,Silicon Power,FALSE,SU512GBSS3A55M28AC,0.06,,,,,,,,,,SSD
Teamgroup Ms30 2 Tb M.2-2280 Sata Ssd,https://pcpartpicker.com/product/wdRYcf/teamgroup-ms30-2-tb-m2-2280-solid-state-drive-tm8ps7002t0c101,2000,M.2 2280,,,M.2 SATA,Teamgroup,FALSE,TM8PS7002T0C101,0.046,,,,,,,,,,SSD
"Western Digital Blue 250 Gb 2.5"" Ssd",https://pcpartpicker.com/product/NhgzK8/western-digital-blue-250gb-25-solid-state-drive-wds250g2b0a,250,"2.5""",,,SATA 6.0 Gb/s,Western Digital,FALSE,WDS250G2B0A,0.196,,,,,,,,,,SSD
Sabrent Rocket 4 1 Tb M.2-2280 Pcie 4.0 X4 Nvme Ssd,https://pcpartpicker.com/product/fyzXsY/sabrent-rocket-4-1-tb-m2-2280-pcie-40-x4-nvme-solid-state-drive-sb-rkt4l-1tb,1000,M.2 2280,,,PCIe 4.0 x4,Sabrent,TRUE,SB-RKT4L-1TB,0.09,,,,,,,,,,SSD
"Pny Cs900 1 Tb 2.5"" Ssd",https://pcpartpicker.com/product/x83mP6/pny-cs900-1-tb-25-solid-state-drive-ssd7cs900-1tb-rb,1000,"2.5""",,,SATA 6.0 Gb/s,Pny,FALSE,SSD7CS900-1TB-RB,0.055,,,,,,,,,,SSD
"Intenso High Performance 480 Gb 2.5"" Ssd",https://pcpartpicker.com/product/G7vqqs/intenso-high-performance-480-gb-25-solid-state-drive-3813450,480,"2.5""",,,SATA 6.0 Gb/s,Intenso,FALSE,3813450,0.081,,,,,,,,,,SSD
Lexar Nm790 1 Tb M.2-2280 Pcie 4.0 X4 Nvme Ssd,https://pcpartpicker.com/product/B8QKHx/lexar-nm790-1-tb-m2-2280-pcie-40-x4-nvme-solid-state-drive-lnm790x001t-rnnng,1000,M.2 2280,,,PCIe 4.0 x4,Lexar,TRUE,LNM790X001T-RNNNG,0.07,,,,,,,,,,SSD
Adata Legend 900 2 Tb M.2-2280 Pcie 4.0 X4 Nvme Ssd,https://pcpartpicker.com/product/npzXsY/adata-legend-900-2-tb-m2-2280-pcie-40-x4-nvme-solid-state-drive-sleg-900-2tcs,2000,M.2 2280,,,PCIe 4.0 x4,Adata,TRUE,SLEG-900-2TCS,0.07,,,,,3D NAND,,,,,SSD
"Kingston Ssdnow Uv400 240 Gb 2.5"" Ssd",https://pcpartpicker.com/product/MVWrxr/kingston-ssdnow-uv400-240gb-25-solid-state-drive-suv400s37240g,240,"2.5""",,,SATA 6.0 Gb/s,Kingston,FALSE,SUV400S37/240G,,,,,,,,,,,SSD
"Samsung 850 Evo 1 Tb 2.5"" Ssd",https://pcpartpicker.com/product/RbvZxr/samsung-internal-hard-drive-mz75e1t0bam,1000,"2.5""",,,SATA 6.0 Gb/s,Samsung,FALSE,MZ-75E1T0B/AM,0.2,,,,,,,,,,SSD
Sandisk X400 128 Gb M.2-2280 Sata Ssd,https://pcpartpicker.com/product/dpH48d/sandisk-internal-hard-drive-sd8sn8u128g1122,128,M.2 2280,,,M.2 SATA,Sandisk,FALSE,SD8SN8U-128G-1122,,,,,,,,,,,SSD
Apacer As2280P4U 1 Tb M.2-2280 Pcie 3.0 X4 Nvme Ssd,https://pcpartpicker.com/product/mkV2FT/apacer-as2280p4u-1-tb-m2-2280-pcie-30-x4-nvme-solid-state-drive-ap1tbas2280p4u-1,1000,M.2 2280,,,PCIe 3.0 x4,Apacer,TRUE,AP1TBAS2280P4U-1,,,,,,,,,,,SSD
Corsair Mp600 Core Xt 2 Tb M.2-2280 Pcie 4.0 X4 Nvme Ssd,https://pcpartpicker.com/product/Zwhv6h/corsair-mp600-core-xt-2-tb-m2-2280-pcie-40-x4-nvme-solid-state-drive-cssd-f2000gbmp600cxt,2000,M.2 2280,,,PCIe 4.0 x4,Corsair,TRUE,CSSD-F2000GBMP600CXT,0.085,,,,,3D QLC,,,,,SSD
"Sandisk Ultra Ii 960 Gb 2.5"" Ssd",https://pcpartpicker.com/product/vLCwrH/sandisk-internal-hard-drive-sdssdhii960gg25,960,"2.5""",,,SATA 6.0 Gb/s,Sandisk,FALSE,SDSSDHII-960G-G25,,,,,,,,,,,SSD
Teamgroup T-Force Cardea Z44L 1 Tb M.2-2280 Pcie 4.0 X4 Nvme Ssd,https://pcpartpicker.com/product/8BRYcf/team-t-force-cardea-z44l-1-tb-m2-2280-nvme-solid-state-drive-tm8fpl001t0c127,1000,M.2 2280,,,PCIe 4.0 x4,Teamgroup,TRUE,TM8FPL001T0C127,,,,,,,,,,,SSD
Corsair Mp600 Force Series Gen4 2 Tb M.2-2280 Pcie 3.0 X4 Nvme Ssd,https://pcpartpicker.com/product/qCmFf7/corsair-mp600-force-series-gen4-2-tb-m2-2280-solid-state-drive-cssd-f2000gbmp600,2000,M.2 2280,,,PCIe 3.0 x4,Corsair,TRUE,CSSD-F2000GBMP600,,,,,,,,,,,SSD
Pny Xlr8 Cs3030 500 Gb M.2-2280 Pcie 3.0 X4 Nvme Ssd,https://pcpartpicker.com/product/YKZzK8/pny-xlr8-cs3030-500-gb-m2-2280-nvme-solid-state-drive-m280cs3030-500-rb,500,M.2 2280,,,PCIe 3.0 x4,Pny,TRUE,M280CS3030-500-RB,,,,,,,,,,,SSD
"Teamgroup T-Force Vulcan Z 480 Gb 2.5"" Ssd",https://pcpartpicker.com/product/TmzhP6/teamgroup-t-force-vulcan-z-480-gb-25-solid-state-drive-t253tz480g0c101,480,"2.5""",,,SATA 6.0 Gb/s,Teamgroup,FALSE,T253TZ480G0C101,,,,,,,,,,,SSD
Pny Cs3140 2 Tb M.2-2280 Pcie 4.0 X4 Nvme Ssd,https://pcpartpicker.com/product/6HGbt6/pny-cs3140-2-tb-m2-2280-nvme-solid-state-drive-m280cs3140-2tb-rb,2000,M.2 2280,,,PCIe 4.0 x4,Pny,TRUE,M280CS3140-2TB-RB,0.072,,,,,,,,,,SSD
Western Digital Wd_Black Sn850X W/Heatsink 2 Tb M.2-2280 Pcie 4.0 X4 Nvme Ssd,https://pcpartpicker.com/product/sfwypg/western-digital-wd_black-sn850x-wheatsink-2-tb-m2-2280-pcie-40-x4-nvme-solid-state-drive-wds200t2xhe,2000,M.2 2280,,,PCIe 4.0 x4,Western Digital,TRUE,WDS200T2XHE,0.09,,,,,,,,,,SSD
"Kingspec P3 1 Tb 2.5"" Ssd",https://pcpartpicker.com/product/TRcG3C/kingspec-p3-1-tb-25-solid-state-drive-p3-1tb,1000,"2.5""",,,SATA 6.0 Gb/s,Kingspec,FALSE,P3-1TB,0.047,,,,,,,,,,SSD
"Crucial Bx500 240 Gb 2.5"" Ssd",https://pcpartpicker.com/product/mdc48d/crucial-bx500-240gb-25-solid-state-drive-ct240bx500ssd1,240,"2.5""",,,SATA 6.0 Gb/s,Crucial,FALSE,CT240BX500SSD1,0.092,,,,,,,,,,SSD
"Western Digital Blue Sa510 2 Tb 2.5"" Ssd",https://pcpartpicker.com/product/v74Zxr/western-digital-blue-sa510-2-tb-25-solid-state-drive-wds200t3b0a,2000,"2.5""",,,SATA 6.0 Gb/s,Western Digital,FALSE,WDS200T3B0A,0.055,,,,,,,,,,SSD
"Kingston A400 960 Gb 2.5"" Ssd",https://pcpartpicker.com/product/hGprxr/kingston-a400-960-gb-25-solid-state-drive-sa400s37960g,960,"2.5""",,,SATA 6.0 Gb/s,Kingston,FALSE,SA400S37/960G,0.062,,,,,,,,,,SSD
Micron 3400 1 Tb M.2-2280 Pcie 4.0 X4 Nvme Ssd,https://pcpartpicker.com/product/6DGbt6/micron-3400-1-tb-m2-2280-pcie-40-x4-nvme-solid-state-drive-mtfdkba1t0tfh1bc1aabyy,1000,M.2 2280,,,PCIe 4.0 x4,Micron,TRUE,MTFDKBA1T0TFH1BC1AABYY,0.13,,,,,,,,,,SSD
Intel Optane P1600X 118 Gb M.2-2280 Pcie 3.0 X4 Nvme Ssd,https://pcpartpicker.com/product/P7mmP6/intel-optane-p1600x-118-gb-m2-2280-pcie-30-x4-nvme-solid-state-drive-ssdpek1a118ga01,118,M.2 2280,,,PCIe 3.0 x4,Intel,TRUE,SSDPEK1A118GA01,,,,,,,,,,,SSD
"Patriot P210 512 Gb 2.5"" Ssd",https://pcpartpicker.com/product/FrZzK8/patriot-p210-512-gb-25-solid-state-drive-p210s512g25,512,"2.5""",,,SATA 6.0 Gb/s,Patriot,FALSE,P210S512G25,0.059,,,,,,,,,,SSD
Silicon Power Ud85 2 Tb M.2-2280 Pcie 4.0 X4 Nvme Ssd,https://pcpartpicker.com/product/XD3NnQ/silicon-power-ud85-2-tb-m2-2280-pcie-40-x4-nvme-solid-state-drive-sp02kgbp44ud8505,2000,M.2 2280,,,PCIe 4.0 x4,Silicon Power,TRUE,SP02KGBP44UD8505,,,,,,,,,,,SSD
"Patriot P210 256 Gb 2.5"" Ssd",https://pcpartpicker.com/product/kjmFf7/patriot-p210-256-gb-25-solid-state-drive-p210s256g25,256,"2.5""",,,SATA 6.0 Gb/s,Patriot,FALSE,P210S256G25,0.07,,,,,,,,,,SSD
"Kingston Savage 480 Gb 2.5"" Ssd",https://pcpartpicker.com/product/NYrcCJ/kingston-internal-hard-drive-shss37a480g,480,"2.5""",,,SATA 6.0 Gb/s,Kingston,FALSE,SHSS37A/480G,,,,,,,,,,,SSD
Mushkin Helix-L 1 Tb M.2-2280 Pcie 3.0 X4 Nvme Ssd,https://pcpartpicker.com/product/BJF48d/mushkin-enhanced-helix-l-1-tb-m2-2280-solid-state-drive-mknssdhl1tb-d8,1000,M.2 2280,,,PCIe 3.0 x4,Mushkin,TRUE,MKNSSDHL1TB-D8,0.059,,,,,,,,,,SSD
"Pny Cs900 240 Gb 2.5"" Ssd",https://pcpartpicker.com/product/dF448d/pny-cs900-240gb-25-solid-state-drive-ssd7cs900-240-rb,240,"2.5""",,,SATA 6.0 Gb/s,Pny,FALSE,SSD7CS900-240-RB,,,,,,,,,,,SSD
Visiontek Dlx4 Pro 512 Gb M.2-2280 Pcie 4.0 X4 Nvme Ssd,https://pcpartpicker.com/product/BrvD4D/visiontek-dlx4-pro-512-gb-m2-2280-pcie-40-x4-nvme-solid-state-drive-901567,512,M.2 2280,,,PCIe 4.0 x4,Visiontek,TRUE,901567,0.15,,,,,3D NAND,,,,,SSD
Transcend 250S 1 Tb M.2-2280 Pcie 4.0 X4 Nvme Ssd,https://pcpartpicker.com/product/xfmNnQ/transcend-250s-1-tb-m2-2280-pcie-40-x4-nvme-solid-state-drive-ts1tmte250s,1000,M.2 2280,,,PCIe 4.0 x4,Transcend,TRUE,TS1TMTE250S,0.117,,,,,3D NAND,,,,,SSD
Adata Xpg Gammix S11 Pro 1 Tb M.2-2280 Pcie 3.0 X4 Nvme Ssd,https://pcpartpicker.com/product/qBCD4D/adata-xpg-gammix-s11-pro-1-tb-m2-2280-solid-state-drive-agammixs11p-1tt-c,1000,M.2 2280,,,PCIe 3.0 x4,Adata,TRUE,AGAMMIXS11P-1TT-C,0.124,,,,,,,,,,SSD
"Silicon Power A55 2 Tb 2.5"" Ssd",https://pcpartpicker.com/product/DZkj4D/silicon-power-a55-2-tb-25-solid-state-drive-sp002tbss3a55s25,2000,"2.5""",,,SATA 6.0 Gb/s,Silicon Power,FALSE,SP002TBSS3A55S25,0.044,,,,,,,,,,SSD
Samsung Pm961 1 Tb M.2-2280 Pcie 3.0 X4 Nvme Ssd,https://pcpartpicker.com/product/27Crxr/samsung-pm961-256gb-m2-2280-solid-state-drive-mzvlw1t0hmlh-00000,1000,M.2 2280,,,PCIe 3.0 x4,Samsung,TRUE,MZVLW1T0HMLH-00000,,,,,,,,,,,SSD
Teamgroup T-Force Z44A7 2 Tb M.2-2280 Pcie 4.0 X4 Nvme Ssd,https://pcpartpicker.com/product/z9dG3C/teamgroup-t-force-z44a7-2-tb-m2-2280-pcie-40-x4-nvme-solid-state-drive-tm8fpv002t0c129,2000,M.2 2280,,,PCIe 4.0 x4,Teamgroup,TRUE,TM8FPV002T0C129,,,,,,,,,,,SSD
Western Digital Blue 1 Tb M.2-2280 Sata Ssd,https://pcpartpicker.com/product/DgJtt6/western-digital-blue-1tb-m2-2280-solid-state-drive-wds100t2b0b,1000,M.2 2280,,,M.2 SATA,Western Digital,FALSE,WDS100T2B0B,0.127,,,,,,,,,,SSD
Transcend 830S 512 Gb M.2-2280 Sata Ssd,https://pcpartpicker.com/product/nVHqqs/transcend-830s-512-gb-m2-2280-sata-solid-state-drive-ts512gmts830s,512,M.2 2280,,,M.2 SATA,Transcend,FALSE,TS512GMTS830S,0.104,,,,,,,,,,SSD
"Tcsunbow X3 240 Gb 2.5"" Ssd",https://pcpartpicker.com/product/8VfhP6/tcsunbow-x3-240gb-25-solid-state-drive-x3-240gb,240,"2.5""",,,SATA 6.0 Gb/s,Tcsunbow,FALSE,X3-240GB,,,,,,,,,,,SSD
Solidigm P44 Pro 2 Tb M.2-2280 Pcie 4.0 X4 Nvme Ssd,https://pcpartpicker.com/product/X8nypg/solidigm-p44-pro-2-tb-m2-2280-pcie-40-x4-nvme-solid-state-drive-ssdpfkkw020x7x1,2000,M.2 2280,,,PCIe 4.0 x4,Solidigm,TRUE,SSDPFKKW020X7X1,0.119,,,,,,,,,,SSD
"Samsung Data Center 960 Gb 2.5"" Ssd",https://pcpartpicker.com/product/z8dFf7/samsung-internal-hard-drive-mz7lm960hchp00003,960,"2.5""",,,SATA 6.0 Gb/s,Samsung,FALSE,MZ7LM960HCHP-00003,,,,,,,,,,,SSD
"Pny Cs1311 240 Gb 2.5"" Ssd",https://pcpartpicker.com/product/7v38TW/pny-internal-hard-drive-ssd7cs1311240rb,240,"2.5""",,,SATA 6.0 Gb/s,Pny,FALSE,SSD7CS1311-240-RB,,,,,,,,,,,SSD
Patriot P300 2 Tb M.2-2280 Pcie 3.0 X4 Nvme Ssd,https://pcpartpicker.com/product/3kxbt6/patriot-p300-2-tb-m2-2280-nvme-solid-state-drive-p300p2tbm28,2000,M.2 2280,,,PCIe 3.0 x4,Patriot,TRUE,P300P2TBM28,0.049,,,,,,,,,,SSD
Western Digital Black Sn750 Se 1 Tb M.2-2280 Pcie 4.0 X4 Nvme Ssd,https://pcpartpicker.com/product/P8Z9TW/western-digital-wd_black-sn750-se-1-tb-m2-2280-nvme-solid-state-drive-wds100t1b0e,1000,M.2 2280,,,PCIe 4.0 x4,Western Digital,TRUE,WDS100T1B0E,,,,,,,,,,,SSD
Adata Legend 800 1 Tb M.2-2280 Pcie 4.0 X4 Nvme Ssd,https://pcpartpicker.com/product/2GXV3C/adata-legend-800-1-tb-m2-2280-pcie-40-x4-nvme-solid-state-drive-aleg-800-1000gcs,1000,M.2 2280,,,PCIe 4.0 x4,Adata,TRUE,ALEG-800-1000GCS,0.067,,,,,3D NAND,,,,,SSD
Lexar Nm620 512 Gb M.2-2280 Pcie 3.0 X4 Nvme Ssd,https://pcpartpicker.com/product/mBnypg/lexar-nm620-512-gb-m2-2280-pcie-30-x4-nvme-solid-state-drive-lnm620x512g-rnnng,512,M.2 2280,,,PCIe 3.0 x4,Lexar,TRUE,LNM620X512G-RNNNG,0.078,,,,,3D TLC,,,,,SSD
"Western Digital Blue 500 Gb 2.5"" Ssd",https://pcpartpicker.com/product/rcRFf7/western-digital-blue-500gb-25-solid-state-drive-wds500g1b0a,500,"2.5""",,,SATA 6.0 Gb/s,Western Digital,FALSE,WDS500G1B0A,0.188,,,,,,,,,,SSD
Inland Tn320 1 Tb M.2-2280 Pcie 3.0 X4 Nvme Ssd,https://pcpartpicker.com/product/W7hv6h/inland-tn320-1-tb-m2-2280-pcie-30-x4-nvme-solid-state-drive-1tb-tn320-nvme,1000,M.2 2280,,,PCIe 3.0 x4,Inland,TRUE,1TB TN320 NVME,0.065,,,,,3D TLC,,,,,SSD
Patriot Viper Vpn110 512 Gb M.2-2280 Pcie 3.0 X4 Nvme Ssd,https://pcpartpicker.com/product/KMrRsY/patriot-viper-vpn110-512-gb-m2-2280-nvme-solid-state-drive-vpn110-512gm28h,512,M.2 2280,,,PCIe 3.0 x4,Patriot,TRUE,VPN110-512GM28H,,,,,,,,,,,SSD
"Teamgroup Cx2 1 Tb 2.5"" Ssd",https://pcpartpicker.com/product/VzQfrH/team-cx2-1-tb-25-solid-state-drive-t253x6001t0c101,1000,"2.5""",,,SATA 6.0 Gb/s,Teamgroup,FALSE,T253X6001T0C101,0.053,,,,,,,,,,SSD
Sandisk Ultra 1 Tb M.2-2280 Pcie 3.0 X4 Nvme Ssd,https://pcpartpicker.com/product/YzvdnQ/sandisk-ultra-1-tb-m2-2280-nvme-solid-state-drive-sdssdh3n-1t00-g25,1000,M.2 2280,,,PCIe 3.0 x4,Sandisk,TRUE,SDSSDH3N-1T00-G25,,,,,,,,,,,SSD
"Lexar Ns100 128 Gb 2.5"" Ssd",https://pcpartpicker.com/product/qJcG3C/lexar-ns100-128-gb-25-solid-state-drive-lns100-128rb,128,"2.5""",,,SATA 6.0 Gb/s,Lexar,FALSE,LNS100-128RB,,,,,,,,,,,SSD
Western Digital Blue Sn580 500 Gb M.2-2280 Pcie 4.0 X4 Nvme Ssd,https://pcpartpicker.com/product/kHRwrH/western-digital-blue-sn580-500-gb-m2-2280-pcie-40-x4-nvme-solid-state-drive-wds500g3b0e,500,M.2 2280,,,PCIe 4.0 x4,Western Digital,TRUE,WDS500G3B0E,0.084,,,,,,,,,,SSD
Silicon Power A80 1 Tb M.2-2280 Pcie 3.0 X4 Nvme Ssd,https://pcpartpicker.com/product/2sdxFT/silicon-power-a80-1-tb-m2-2280-pcie-30-x4-nvme-solid-state-drive-sp001tbp34a80m28,1000,M.2 2280,,,PCIe 3.0 x4,Silicon Power,TRUE,SP001TBP34A80M28,,,,,,,,,,,SSD
Inland Performance Plus 1 Tb M.2-2280 Pcie 4.0 X4 Nvme Ssd,https://pcpartpicker.com/product/CLmmP6/inland-performance-plus-1-tb-m2-2280-nvme-solid-state-drive-329474,1000,M.2 2280,,,PCIe 4.0 x4,Inland,TRUE,329474,0.075,,,,,3D TLC,,,,,SSD
Corsair Mp700 Elite W/Heatsink 2 Tb M.2-2280 Pcie 5.0 X4 Nvme Ssd,https://pcpartpicker.com/product/Rbn9TW/corsair-mp700-elite-wheatsink-2-tb-m2-2280-pcie-50-x4-nvme-solid-state-drive-cssd-f2000gbmp700ehs,2000,M.2 2280,,,PCIe 5.0 x4,Corsair,TRUE,CSSD-F2000GBMP700EHS,0.105,,,,,3D TLC,,,,,SSD
Seagate Barracuda Q5 1 Tb M.2-2280 Pcie 3.0 X4 Nvme Ssd,https://pcpartpicker.com/product/nkddnQ/seagate-barracuda-q5-1-tb-m2-2280-nvme-solid-state-drive-zp1000cv3a001,1000,M.2 2280,,,PCIe 3.0 x4,Seagate,TRUE,ZP1000CV3A001,0.062,,,,,,,,,,SSD
Acer Fa100 512 Gb M.2-2280 Pcie 3.0 X4 Nvme Ssd,https://pcpartpicker.com/product/8k8bt6/acer-fa100-512-gb-m2-2280-nvme-solid-state-drive-bl9bwwa119,512,M.2 2280,,,PCIe 3.0 x4,Acer,TRUE,BL.9BWWA.119,,,,,,,,,,,SSD
"Silicon Power Su128Gbss3A55S25Ae 128 Gb 2.5"" Ssd",https://pcpartpicker.com/product/3GXnTW/silicon-power-128gb-25-solid-state-drive-su128gbss3a55s25ae,128,"2.5""",,,SATA 6.0 Gb/s,Silicon Power,FALSE,SU128GBSS3A55S25AE,0.133,,,,,,,,,,SSD
Adata Xpg Sx8200 Pro 2 Tb M.2-2280 Pcie 3.0 X4 Nvme Ssd,https://pcpartpicker.com/product/kQZzK8/adata-xpg-sx8200-pro-2-tb-m2-2280-nvme-solid-state-drive-asx8200pnp-2tt-c,2000,M.2 2280,,,PCIe 3.0 x4,Adata,TRUE,ASX8200PNP-2TT-C,,,,,,,,,,,SSD
Western Digital Black Sn750 2 Tb M.2-2280 Pcie 3.0 X4 Nvme Ssd,https://pcpartpicker.com/product/9zQG3C/western-digital-wd_black-sn750-2-tb-m2-2280-nvme-solid-state-drive-wds200t3xhc,2000,M.2 2280,,,PCIe 3.0 x4,Western Digital,TRUE,WDS200T3XHC,0.158,,,,,,,,,,SSD
Teamgroup T-Force Cardea Zero Z330 1 Tb M.2-2280 Pcie 3.0 X4 Nvme Ssd,https://pcpartpicker.com/product/Nb4BD3/team-t-force-cardea-zero-z330-1-tb-m2-2280-nvme-solid-state-drive-tm8fp8001t0c311,1000,M.2 2280,,,PCIe 3.0 x4,Teamgroup,TRUE,TM8FP8001T0C311,,,,,,,,,,,SSD
"Teamgroup T-Force Vulcan Z 1 Tb 2.5"" Ssd",https://pcpartpicker.com/product/BvGbt6/teamgroup-t-force-vulcan-z-1-tb-25-solid-state-drive-t253tz001t0c101,1000,"2.5""",,,SATA 6.0 Gb/s,Teamgroup,FALSE,T253TZ001T0C101,0.054,,,,,,,,,,SSD
Western Digital Black Sn750 1 Tb M.2-2280 Pcie 3.0 X4 Nvme Ssd,https://pcpartpicker.com/product/QQrmP6/western-digital-wd_black-sn750-1-tb-m2-2280-nvme-solid-state-drive-wds100t3x0c,1000,M.2 2280,,,PCIe 3.0 x4,Western Digital,TRUE,WDS100T3X0C,0.12,,,,,,,,,,SSD
Sabrent Rocket 4.0 1 Tb M.2-2280 Pcie 4.0 X4 Nvme Ssd,https://pcpartpicker.com/product/fVYQzy/sabrent-rocket-40-1-tb-m2-2280-solid-state-drive-sb-rocket-nvme4-1tb,1000,M.2 2280,,,PCIe 4.0 x4,Sabrent,TRUE,SB-ROCKET-NVMe4-1TB,,,,,,,,,,,SSD
Western Digital Black Sn850 500 Gb M.2-2280 Pcie 4.0 X4 Nvme Ssd,https://pcpartpicker.com/product/jhfFf7/western-digital-black-sn850-500-gb-m2-2280-nvme-solid-state-drive-wds500g1x0e,500,M.2 2280,,,PCIe 4.0 x4,Western Digital,TRUE,WDS500G1X0E,0.22,,,,,,,,,,SSD
Kioxia Exceria Pro 2 Tb M.2-2280 Pcie 4.0 X4 Nvme Ssd,https://pcpartpicker.com/product/7GC48d/kioxia-exceria-pro-2-tb-m2-2280-nvme-solid-state-drive-lse10z002tg8,2000,M.2 2280,,,PCIe 4.0 x4,Kioxia,TRUE,LSE10Z002TG8,,,,,,,,,,,SSD
Teamgroup Mp44 1 Tb M.2-2280 Pcie 4.0 X4 Nvme Ssd,https://pcpartpicker.com/product/wXkH99/teamgroup-mp44-1-tb-m2-2280-pcie-40-x4-nvme-solid-state-drive-tm8fpw001t0c101,1000,M.2 2280,,,PCIe 4.0 x4,Teamgroup,TRUE,TM8FPW001T0C101,0.07,,,,,,,,,,SSD
Western Digital Black Sn850 500 Gb M.2-2280 Pcie 4.0 X4 Nvme Ssd,https://pcpartpicker.com/product/dyJmP6/western-digital-black-sn850-wheatsink-500-gb-m2-2280-nvme-solid-state-drive-wds500g1xhe,500,M.2 2280,,,PCIe 4.0 x4,Western Digital,TRUE,WDS500G1XHE,0.259,,,,,,,,,,SSD
Corsair Mp510 960 Gb M.2-2280 Pcie 3.0 X4 Nvme Ssd,https://pcpartpicker.com/product/Ny22FT/corsair-mp510-960gb-m2-2280-solid-state-drive-cssd-f960gbmp510,960,M.2 2280,,,PCIe 3.0 x4,Corsair,TRUE,CSSD-F960GBMP510,,,,,,,,,,,SSD
Intel 660P 1 Tb M.2-2280 Pcie 3.0 X4 Nvme Ssd,https://pcpartpicker.com/product/K6Jtt6/intel-660p-1-tb-m2-2280-nvme-solid-state-drive-ssdpeknw010t801,1000,M.2 2280,,,PCIe 3.0 x4,Intel,TRUE,SSDPEKNW010T801,0.149,,,,,,,,,,SSD
"Intel Optane 905P 1.5 Tb 2.5"" Nvme Ssd",https://pcpartpicker.com/product/x9ZFf7/intel-optane-905p-15-tb-25-nvme-solid-state-drive-ssdpe21d015tax1,1500,"2.5""",,,U.2,Intel,TRUE,SSDPE21D015TAX1,3,,,,,,,,,,
Intel 660P 1 Tb M.2-2280 Pcie 3.0 X4 Nvme Ssd,https://pcpartpicker.com/product/TKZzK8/intel-660p-1-tb-m2-2280-nvme-solid-state-drive-ssdpeknw010t8xt,1000,M.2 2280,,,PCIe 3.0 x4,Intel,TRUE,SSDPEKNW010T8XT,,,,,,,,,,,SSD
"Sandisk Ssd Plus 480 Gb 2.5"" Ssd",https://pcpartpicker.com/product/x28H99/sandisk-ssd-plus-480gb-25-solid-state-drive-sdssda-480g-g26,480,"2.5""",,,SATA 6.0 Gb/s,Sandisk,FALSE,SDSSDA-480G-G26,0.082,,,,,,,,,,SSD
Crucial Mx500 500 Gb M.2-2280 Sata Ssd,https://pcpartpicker.com/product/fgZFf7/crucial-mx500-500gb-m2-2280-solid-state-drive-ct500mx500ssd4,500,M.2 2280,,,M.2 SATA,Crucial,FALSE,CT500MX500SSD4,,,,,,,,,,,SSD
Msi Spatium M390 1 Tb M.2-2280 Pcie 3.0 X4 Nvme Ssd,https://pcpartpicker.com/product/CtBG3C/msi-spatium-m390-1-tb-m2-2280-nvme-solid-state-drive-sm390n1tb,1000,M.2 2280,,,PCIe 3.0 x4,Msi,TRUE,SM390N1TB,0.08,,,,,,,,,,SSD
Patriot P300 1 Tb M.2-2280 Pcie 3.0 X4 Nvme Ssd,https://pcpartpicker.com/product/bdsnTW/patriot-p300-1-tb-m2-2280-nvme-solid-state-drive-p300p1tbm28,1000,M.2 2280,,,PCIe 3.0 x4,Patriot,TRUE,P300P1TBM28,0.055,,,,,,,,,,SSD
