component_name,component_link,Boost_Clock,Case_Expansion_Slot_Width,Chipset,Color,Cooling,Core_Clock,DisplayPort_Outputs,Effective_Memory_Clock,External_Power,Frame_Sync,HDMI_Outputs,Interface,Length,Manufacturer,Memory,Memory_Type,Part__,SLI_CrossFire,TDP,Total_Slot_Width,Frame_Sync_Support,SLI_CrossFire_Support,Cooling_Type
Nvidia Founders Edition Geforce Rtx 3090 24 Gb,https://pcpartpicker.com/product/PFVG3C/nvidia-geforce-rtx-3090-24-gb-founders-edition-video-card-900-1g136-2510-000,1695,3,GeForce RTX 3090,Black / Silver,2 Fans,1395,3,19500,1 x PCIe 12-pin,G-Sync,1,PCIe x16,313,Nvidia,24,GDDR6X,900-1G136-2510-000,2-way SLI Capable,350,3,TRUE,TRUE,1 Fan
Xfx Speedster Merc 319 Core Radeon Rx 6800 Xt 16 Gb,https://pcpartpicker.com/product/vKZ9TW/xfx-radeon-rx-6800-xt-16-gb-speedster-merc-319-core-video-card-rx-68xtalfd9,2250,2,Radeon RX 6800 XT,Black / Silver,3 Fans,1825,3,16000,1 x PCIe 8-pin,FreeSync,1,PCIe x16,340,Xfx,16,GDDR6,RX-68XTALFD9,nan,300,3,TRUE,FALSE,1 Fan
Sapphire Nitro+ Radeon Rx 7800 Xt 16 Gb,https://pcpartpicker.com/product/N4P8TW/sapphire-nitro-radeon-rx-7800-xt-16-gb-video-card-11330-01-20g,0,3,Radeon RX 7800 XT,Black,3 Fans,1295,2,0,1 x PCIe 8-pin,FreeSync,2,PCIe x16,320,Sapphire,16,GDDR6,11330-01-20G,nan,288,4,TRUE,FALSE,1 Fan
Asus Strix Gaming Oc Geforce Rtx 3080 10Gb 10 Gb,https://pcpartpicker.com/product/LRmFf7/asus-geforce-rtx-3080-10-gb-strix-gaming-oc-video-card-rog-strix-rtx3080-o10g-gaming,1935,2,GeForce RTX 3080 10GB,Black,3 Fans,1440,3,19500,1 x PCIe 8-pin,G-Sync,2,PCIe x16,318,Asus,10,GDDR6X,ROG-STRIX-RTX3080-O10G-GAMING,nan,320,3,TRUE,FALSE,1 Fan
Sapphire Pulse Radeon Rx 6600 8 Gb,https://pcpartpicker.com/product/gJTp99/sapphire-radeon-rx-6600-8-gb-pulse-video-card-11310-01-20g,2491,2,Radeon RX 6600,Black / Red,2 Fans,1626,3,0,1 x PCIe 8-pin,FreeSync,1,PCIe x16,193,Sapphire,8,GDDR6,11310-01-20G,nan,140,2,TRUE,FALSE,1 Fan
Gigabyte Aorus Master Geforce Rtx 3080 10Gb 10 Gb,https://pcpartpicker.com/product/fDWBD3/gigabyte-aorus-master-geforce-rtx-3080-10gb-10-gb-video-card-gv-n3080aorus-m-10gd-rev-10,0,2,GeForce RTX 3080 10GB,Black,3 Fans,1440,3,19000,1 x PCIe 8-pin,G-Sync,3,PCIe x16,319,Gigabyte,10,GDDR6X,GV-N3080AORUS M-10GD (rev. 1.0),nan,320,3,TRUE,FALSE,1 Fan
Asus Strix Gaming Geforce Rtx 3070 8 Gb,https://pcpartpicker.com/product/CXwkcf/asus-geforce-rtx-3070-8-gb-strix-gaming-video-card-rog-strix-rtx3070-8g-gaming,1755,2,GeForce RTX 3070,Black,3 Fans,1500,3,14000,1 x PCIe 8-pin,G-Sync,2,PCIe x16,318,Asus,8,GDDR6,ROG-STRIX-RTX3070-8G-GAMING,nan,220,3,TRUE,FALSE,1 Fan
Msi Radeon Rx Vega 64 8G Radeon Rx Vega 64 8 Gb,https://pcpartpicker.com/product/Fx4NnQ/msi-radeon-rx-vega-64-8gb-video-card-radeon-rx-vega-64-8g,1546,2,Radeon RX VEGA 64,Black / Red,1 Fan,1247,3,1900,1 x PCIe 8-pin,FreeSync,1,PCIe x16,280,Msi,8,HBM2,RADEON RX VEGA 64 8G,4-way CrossFire Capable; 3-way CrossFire Capable; 2-way CrossFire Capable,295,2,TRUE,TRUE,1 Fan
Asus Dual Oc Geforce Rtx 3070 8 Gb,https://pcpartpicker.com/product/NhzFf7/asus-geforce-rtx-3070-8-gb-dual-oc-video-card-dual-rtx3070-o8g,0,2,GeForce RTX 3070,Black,2 Fans,1500,3,14000,1 x PCIe 8-pin,G-Sync,2,PCIe x16,267,Asus,8,GDDR6,DUAL-RTX3070-O8G,nan,220,3,TRUE,FALSE,1 Fan
Evga Xc Gaming Geforce Rtx 3060 12Gb 12 Gb,https://pcpartpicker.com/product/LpbTwP/evga-geforce-rtx-3060-12-gb-xc-gaming-video-card-12g-p5-3657-kr,1882,2,GeForce RTX 3060 12GB,Black,2 Fans,1320,3,15000,1 x PCIe 8-pin,G-Sync,1,PCIe x16,202,Evga,12,GDDR6,12G-P5-3657-KR,nan,170,2,TRUE,FALSE,1 Fan
Msi Gt 1030 2G Lp Oc Geforce Gt 1030 2 Gb,https://pcpartpicker.com/product/XQH48d/msi-geforce-gt-1030-2gb-lp-oc-video-card-gt-1030-2g-lp-oc,1518,1,GeForce GT 1030,Black,1 Fan,1265,1,6008,None,nan,1,PCIe x16,159,Msi,2,GDDR5,GT 1030 2G LP OC,nan,30,1,FALSE,FALSE,1 Fan
Sapphire Nitro+ Radeon Rx 6700 Xt 12 Gb,https://pcpartpicker.com/product/tCLFf7/sapphire-radeon-rx-6700-xt-12-gb-nitro-video-card-11306-01-20g,2622,2,Radeon RX 6700 XT,Silver / Black,3 Fans,2321,3,16000,1 x PCIe 8-pin + 1 x PCIe 6-pin,FreeSync,1,PCIe x16,310,Sapphire,12,GDDR6,11306-01-20G,nan,260,3,TRUE,FALSE,1 Fan
Gigabyte Eagle Geforce Rtx 3060 12Gb 12 Gb,https://pcpartpicker.com/product/G2RYcf/gigabyte-eagle-geforce-rtx-3060-12gb-12-gb-video-card-gv-n3060eagle-12gd,1777,2,GeForce RTX 3060 12GB,Black,2 Fans,1320,2,15000,1 x PCIe 8-pin,G-Sync,2,PCIe x16,242,Gigabyte,12,GDDR6,GV-N3060EAGLE-12GD,nan,170,2,TRUE,FALSE,1 Fan
Powercolor Fighter Radeon Rx 6700 Xt 12 Gb,https://pcpartpicker.com/product/c3RYcf/powercolor-fighter-radeon-rx-6700-xt-12-gb-video-card-axrx-6700xt-12gbd6-3dh,2581,2,Radeon RX 6700 XT,Black,2 Fans,2321,3,16000,1 x PCIe 8-pin + 1 x PCIe 6-pin,FreeSync,1,PCIe x16,228,Powercolor,12,GDDR6,AXRX 6700XT 12GBD6-3DH,nan,230,2,TRUE,FALSE,1 Fan
Xfx Speedster Swft 309 Radeon Rx 6700 Xt 12 Gb,https://pcpartpicker.com/product/RFGbt6/xfx-radeon-rx-6700-xt-12-gb-speedster-swft-309-video-card-rx-67xtyjfdv,2581,2,Radeon RX 6700 XT,Black,3 Fans,2321,3,0,1 x PCIe 8-pin,FreeSync,1,PCIe x16,304,Xfx,12,GDDR6,RX-67XTYJFDV,nan,230,2,TRUE,FALSE,1 Fan
Gigabyte Vision Oc Geforce Rtx 3080 10Gb 10 Gb,https://pcpartpicker.com/product/3fWBD3/gigabyte-vision-oc-geforce-rtx-3080-10gb-10-gb-video-card-gvn3080visionoc10gd,1800,2,GeForce RTX 3080 10GB,Silver / White,3 Fans,1440,3,19000,1 x PCIe 8-pin,G-Sync,2,PCIe x16,320,Gigabyte,10,GDDR6X,GVN3080VISIONOC10GD,nan,320,3,TRUE,FALSE,1 Fan
Zotac Gaming Amp Holo Geforce Rtx 3080 Ti 12 Gb,https://pcpartpicker.com/product/FBvdnQ/zotac-geforce-rtx-3080-ti-12-gb-gaming-amp-holo-video-card-zt-a30810f-10p,1710,2,GeForce RTX 3080 Ti,Black / Silver,3 Fans,1365,3,19000,1 x PCIe 8-pin,G-Sync,1,PCIe x16,318,Zotac,12,GDDR6X,ZT-A30810F-10P,nan,350,4,TRUE,FALSE,1 Fan
Powercolor Axrx 5700Xt 8Gbd6-3Dh Radeon Rx 5700 Xt 8 Gb,https://pcpartpicker.com/product/QjpmP6/powercolor-radeon-rx-5700-xt-8-gb-video-card-axrx-5700xt-8gbd6-3dh,1905,2,Radeon RX 5700 XT,Black,2 Fans,1605,3,14000,1 x PCIe 8-pin + 1 x PCIe 6-pin,FreeSync,1,PCIe x16,230,Powercolor,8,GDDR6,AXRX 5700XT 8GBD6-3DH,nan,225,2,TRUE,FALSE,1 Fan
Gigabyte Gaming Oc Radeon Rx 6800 16 Gb,https://pcpartpicker.com/product/Nw9tt6/gigabyte-radeon-rx-6800-16-gb-gaming-oc-video-card-gv-r68gaming-oc-16gd,2155,2,Radeon RX 6800,Silver / Black,3 Fans,1815,2,16000,1 x PCIe 8-pin,FreeSync,2,PCIe x16,286,Gigabyte,16,GDDR6,GV-R68GAMING OC-16GD,nan,250,3,TRUE,FALSE,1 Fan
Gigabyte Gaming Oc Geforce Rtx 3060 Ti 8 Gb,https://pcpartpicker.com/product/b6TzK8/gigabyte-geforce-rtx-3060-ti-8-gb-gaming-oc-video-card-gv-n306tgaming-oc-8gd,1740,2,GeForce RTX 3060 Ti,Black / Silver,3 Fans,1410,2,1400,1 x PCIe 8-pin,G-Sync,2,PCIe x16,282,Gigabyte,8,GDDR6,GV-N306TGAMING OC-8GD,nan,200,2,TRUE,FALSE,1 Fan
Pny Xlr8 Gaming Epic-X Rgb Geforce Rtx 3090 24 Gb,https://pcpartpicker.com/product/hP4BD3/pny-geforce-rtx-3090-24-gb-xlr8-gaming-epic-x-rgb-video-card-vcg309024tfxmpb,1695,2,GeForce RTX 3090,Black,3 Fans,1395,3,0,1 x PCIe 8-pin,G-Sync,1,PCIe x16,294,Pny,24,GDDR6X,VCG309024TFXMPB,2-way SLI Capable,350,3,TRUE,TRUE,1 Fan
Sapphire Nitro+ Se Radeon Rx 6900 Xt 16 Gb,https://pcpartpicker.com/product/9QPQzy/sapphire-radeon-rx-6900-xt-16-gb-nitro-se-video-card-11308-03-20g,2365,2,Radeon RX 6900 XT,Black / White,3 Fans,1825,3,16000,1 x PCIe 8-pin + 1 x PCIe 6-pin,FreeSync,1,PCIe x16,310,Sapphire,16,GDDR6,11308-03-20G,nan,363,3,TRUE,FALSE,1 Fan
Xfx Speedster Qick 319 Black Radeon Rx 6700 Xt 12 Gb,https://pcpartpicker.com/product/Q4stt6/xfx-radeon-rx-6700-xt-12-gb-speedster-qick-319-black-video-card-rx-67xtypbdp,2622,2,Radeon RX 6700 XT,Black,3 Fans,2457,3,16000,1 x PCIe 8-pin,FreeSync,1,PCIe x16,323,Xfx,12,GDDR6,RX-67XTYPBDP,nan,230,3,TRUE,FALSE,1 Fan
Asrock Challenger D Oc Radeon Rx 6600 Xt 8 Gb,https://pcpartpicker.com/product/DgFbt6/asrock-radeon-rx-6600-xt-8-gb-challenger-d-oc-video-card-rx6600xt-cld-8go,0,2,Radeon RX 6600 XT,Black,2 Fans,1968,3,0,1 x PCIe 8-pin,FreeSync,1,PCIe x16,269,Asrock,8,GDDR6,RX6600XT CLD 8GO,nan,160,2,TRUE,FALSE,1 Fan
Sapphire Pure Radeon Rx 7800 Xt 16 Gb,https://pcpartpicker.com/product/nh26Mp/sapphire-pure-radeon-rx-7800-xt-16-gb-video-card-11330-03-20g,2475,2,Radeon RX 7800 XT,White,3 Fans,1295,2,0,1 x PCIe 8-pin,FreeSync,2,PCIe x16,320,Sapphire,16,GDDR6,11330-03-20G,nan,270,3,TRUE,FALSE,1 Fan
Evga Xc Gaming Geforce Rtx 3060 Ti 8 Gb,https://pcpartpicker.com/product/ZdpmP6/evga-geforce-rtx-3060-ti-8-gb-xc-gaming-video-card-08g-p5-3663-kr,1710,2,GeForce RTX 3060 Ti,Black,2 Fans,1410,3,14000,1 x PCIe 8-pin,G-Sync,1,PCIe x16,202,Evga,8,GDDR6,08G-P5-3663-KR,nan,200,2,TRUE,FALSE,1 Fan
Gigabyte Gaming Oc Geforce Rtx 3090 24 Gb,https://pcpartpicker.com/product/wrkgXL/gigabyte-geforce-rtx-3090-24-gb-gaming-oc-video-card-gv-n3090gaming-oc-24gd,1755,2,GeForce RTX 3090,Black / Gray,3 Fans,1395,3,19500,1 x PCIe 8-pin,G-Sync,2,PCIe x16,320,Gigabyte,24,GDDR6X,GV-N3090GAMING OC-24GD,2-way SLI Capable,350,3,TRUE,TRUE,1 Fan
Sapphire Pulse Radeon Rx 570 8 Gb,https://pcpartpicker.com/product/89wkcf/sapphire-radeon-rx-570-8-gb-pulse-video-card-11266-66-20g,1284,2,Radeon RX 570,Black / Silver,2 Fans,1168,2,7000,1 x PCIe 8-pin,FreeSync,2,PCIe x16,230,Sapphire,8,GDDR5,11266-66-20G,4-way CrossFire Capable; 3-way CrossFire Capable; 2-way CrossFire Capable,150,2,TRUE,TRUE,1 Fan
Evga Xc Ultra Gaming Geforce Rtx 2080 8 Gb,https://pcpartpicker.com/product/r8smP6/evga-geforce-rtx-2080-8gb-xc-ultra-gaming-video-card-08g-p4-2183-kr,1815,3,GeForce RTX 2080,Black / Clear,2 Fans,1515,3,14000,1 x PCIe 8-pin + 1 x PCIe 6-pin,G-Sync,1,PCIe x16,270,Evga,8,GDDR6,08G-P4-2183-KR,2-way SLI Capable,215,3,TRUE,TRUE,1 Fan
Msi Gaming X Radeon Rx 6600 Xt 8 Gb,https://pcpartpicker.com/product/KhvdnQ/msi-radeon-rx-6600-xt-8-gb-gaming-x-video-card-rx6600xt-gaming-x-8g,2607,2,Radeon RX 6600 XT,Black / Silver,2 Fans,1968,3,16000,1 x PCIe 8-pin,FreeSync,1,PCIe x16,277,Msi,8,GDDR6,RX6600XT GAMING X 8G,nan,160,3,TRUE,FALSE,1 Fan
Evga Ftw3 Ultra Gaming Geforce Rtx 3080 10Gb 10 Gb,https://pcpartpicker.com/product/dKrYcf/evga-geforce-rtx-3080-10-gb-ftw3-ultra-gaming-video-card-10g-p5-3897-kr,1800,2,GeForce RTX 3080 10GB,Black,3 Fans,1440,3,19000,1 x PCIe 8-pin,G-Sync,1,PCIe x16,300,Evga,10,GDDR6X,10G-P5-3897-KR,nan,320,3,TRUE,FALSE,1 Fan
Powercolor Red Devil Radeon Rx 6700 Xt 12 Gb,https://pcpartpicker.com/product/2kJgXL/powercolor-radeon-rx-6700-xt-12-gb-red-devil-video-card-axrx-6700xt-12gbd6-3dheoc,2622,2,Radeon RX 6700 XT,Black,3 Fans,2321,3,16000,1 x PCIe 8-pin,FreeSync,1,PCIe x16,320,Powercolor,12,GDDR6,AXRX 6700XT 12GBD6-3DHE/OC,nan,230,3,TRUE,FALSE,1 Fan
Asrock Phantom Gaming D Oc Radeon Rx 6500 Xt 4 Gb,https://pcpartpicker.com/product/dmvdnQ/asrock-radeon-rx-6500-xt-4-gb-phantom-gaming-d-oc-video-card-rx6500xt-pgd-4go,2820,2,Radeon RX 6500 XT,Black,2 Fans,2365,1,18000,1 x PCIe 8-pin,FreeSync,1,PCIe x16,240,Asrock,4,GDDR6,RX6500XT PGD 4GO,nan,107,2,TRUE,FALSE,1 Fan
Gigabyte Aorus Master Geforce Rtx 3080 Ti 12 Gb,https://pcpartpicker.com/product/JYXJ7P/gigabyte-geforce-rtx-3080-ti-12-gb-aorus-master-video-card-gv-n308taorus-m-12gd,1770,2,GeForce RTX 3080 Ti,Black,3 Fans,1365,3,0,1 x PCIe 8-pin,G-Sync,3,PCIe x16,320,Gigabyte,12,GDDR6X,GV-N308TAORUS M-12GD,nan,350,4,TRUE,FALSE,1 Fan
Asus Strix Gaming Oc Geforce Rtx 2060 6 Gb,https://pcpartpicker.com/product/Cdkj4D/asus-geforce-rtx-2060-6-gb-strix-gaming-oc-video-card-rog-strix-rtx2060-o6g-gaming,1860,2,GeForce RTX 2060,Black,3 Fans,1365,2,14000,1 x PCIe 8-pin + 1 x PCIe 6-pin,G-Sync,2,PCIe x16,300,Asus,6,GDDR6,ROG-STRIX-RTX2060-O6G-GAMING,nan,160,3,TRUE,FALSE,1 Fan
Zotac Gaming Twin Edge Oc Geforce Rtx 3060 12Gb 12 Gb,https://pcpartpicker.com/product/sM8bt6/zotac-geforce-rtx-3060-12-gb-gaming-twin-edge-oc-video-card-zt-a30600h-10m,1807,2,GeForce RTX 3060 12GB,Black,2 Fans,1320,3,15000,1 x PCIe 8-pin,G-Sync,1,PCIe x16,224,Zotac,12,GDDR6,ZT-A30600H-10M,nan,170,2,TRUE,FALSE,1 Fan
Asrock Challenger D Radeon Rx 6600 8 Gb,https://pcpartpicker.com/product/D9ytt6/asrock-radeon-rx-6600-8-gb-challenger-d-video-card-rx6600-cld-8g,0,2,Radeon RX 6600,Black,2 Fans,1626,3,0,1 x PCIe 8-pin,FreeSync,1,PCIe x16,269,Asrock,8,GDDR6,RX6600 CLD 8G,nan,132,2,TRUE,FALSE,1 Fan
Asus Ko Gaming Oc Geforce Rtx 3070 8 Gb,https://pcpartpicker.com/product/p3K2FT/asus-geforce-rtx-3070-8-gb-ko-gaming-oc-video-card-ko-rtx3070-o8g-gaming,1845,2,GeForce RTX 3070,Black / Silver,2 Fans,1500,3,14000,1 x PCIe 8-pin,G-Sync,2,PCIe x16,275,Asus,8,GDDR6,KO-RTX3070-O8G-GAMING,nan,220,3,TRUE,FALSE,1 Fan
Gigabyte Vision Oc Geforce Rtx 3070 8 Gb,https://pcpartpicker.com/product/bgvqqs/gigabyte-geforce-rtx-3070-8-gb-vision-oc-video-card-gv-n3070visionoc-8gd,1815,2,GeForce RTX 3070,Silver,3 Fans,1500,2,14000,1 x PCIe 8-pin + 1 x PCIe 6-pin,G-Sync,2,PCIe x16,286,Gigabyte,8,GDDR6,GV-N3070VISIONOC-8GD,nan,220,3,TRUE,FALSE,1 Fan
Powercolor Fighter Radeon Rx 6600 8 Gb,https://pcpartpicker.com/product/fQhFf7/powercolor-radeon-rx-6600-8-gb-fighter-video-card-axrx-6600-8gbd6-3dh,2491,2,Radeon RX 6600,Black,2 Fans,1626,3,0,1 x PCIe 8-pin,FreeSync,1,PCIe x16,200,Powercolor,8,GDDR6,AXRX 6600 8GBD6-3DH,nan,132,2,TRUE,FALSE,1 Fan
Evga Ftw3 Ultra Gaming Le Icx3 Geforce Rtx 3080 Ti 12 Gb,https://pcpartpicker.com/product/FFPQzy/evga-geforce-rtx-3080-ti-12-gb-ftw3-ultra-gaming-le-icx3-video-card-12g-p5-3967-kr,1800,2,GeForce RTX 3080 Ti,Black,3 Fans,1365,3,0,1 x PCIe 8-pin,G-Sync,1,PCIe x16,300,Evga,12,GDDR6X,12G-P5-3967-KR,nan,350,3,TRUE,FALSE,1 Fan
Asus Tuf Gaming Oc Geforce Rtx 3070 8 Gb,https://pcpartpicker.com/product/CX4BD3/asus-geforce-rtx-3070-8-gb-tuf-gaming-oc-video-card-tuf-rtx3070-o8g-gaming,1845,2,GeForce RTX 3070,Black,3 Fans,1500,3,14000,1 x PCIe 8-pin,G-Sync,2,PCIe x16,300,Asus,8,GDDR6,TUF-RTX3070-O8G-GAMING,nan,220,3,TRUE,FALSE,1 Fan
Evga K|Ngp|N Hybrid Gaming Geforce Rtx 3090 24 Gb,https://pcpartpicker.com/product/r63mP6/evga-geforce-rtx-3090-24-gb-kngpn-hybrid-gaming-video-card-24g-p5-3998-kr,1920,2,GeForce RTX 3090,Black,360 mm Radiator + 1 Fan,1395,3,19500,1 x PCIe 8-pin,G-Sync,1,PCIe x16,289,Evga,24,GDDR6X,24G-P5-3998-KR,2-way SLI Capable,350,2,TRUE,TRUE,Liquid Cooling
Nvidia Founders Edition Geforce Rtx 3080 10Gb 10 Gb,https://pcpartpicker.com/product/RnDkcf/nvidia-geforce-rtx-3080-10-gb-founders-edition-video-card-9001g1332530000,1710,2,GeForce RTX 3080 10GB,Black,2 Fans,1440,3,19000,1 x PCIe 12-pin,G-Sync,1,PCIe x16,285,Nvidia,10,GDDR6X,9001G1332530000,nan,320,2,TRUE,FALSE,1 Fan
Gigabyte Vision Oc Rev 2.0 Geforce Rtx 3070 Lhr 8 Gb,https://pcpartpicker.com/product/8ZH7YJ/gigabyte-vision-oc-rev-20-geforce-rtx-3070-lhr-8-gb-video-card-gv-n3070vision-oc-8gd-rev-20,1815,2,GeForce RTX 3070 LHR,Silver / White,3 Fans,1500,2,14000,1 x PCIe 8-pin + 1 x PCIe 6-pin,G-Sync,2,PCIe x16,286,Gigabyte,8,GDDR6,GV-N3070VISION OC-8GD Rev 2.0,nan,220,3,TRUE,FALSE,1 Fan
Msi Ventus Xs Oc Geforce Gtx 1660 6 Gb,https://pcpartpicker.com/product/MYMwrH/msi-geforce-gtx-1660-6-gb-ventus-xs-oc-video-card-gtx-1660-ventus-xs-6g-oc,1830,2,GeForce GTX 1660,Black / White,2 Fans,1530,3,8000,1 x PCIe 8-pin,G-Sync,1,PCIe x16,204,Msi,6,GDDR5,GTX 1660 VENTUS XS 6G OC,nan,130,2,TRUE,FALSE,1 Fan
Msi Gaming X Trio Geforce Rtx 3070 Ti 8 Gb,https://pcpartpicker.com/product/JjGbt6/msi-geforce-rtx-3070-ti-8-gb-gaming-x-trio-video-card-geforce-rtx-3070-ti-gaming-x-trio-8g,1830,2,GeForce RTX 3070 Ti,Black / Silver,3 Fans,1575,3,19000,1 x PCIe 8-pin,G-Sync,1,PCIe x16,323,Msi,8,GDDR6X,GeForce RTX 3070 Ti GAMING X TRIO 8G,nan,310,3,TRUE,FALSE,1 Fan
Asus Tuf-Rx6800Xt-O16G-Gaming Radeon Rx 6800 Xt 16 Gb,https://pcpartpicker.com/product/HY4BD3/asus-tuf-rx6800xt-o16g-gaming-radeon-rx-6800-xt-16-gb-video-card-tuf-rx6800xt-o16g-gaming,2340,2,Radeon RX 6800 XT,Black,3 Fans,1825,3,16000,1 x PCIe 8-pin,FreeSync,1,PCIe x16,320,Asus,16,GDDR6,TUF-RX6800XT-O16G-GAMING,nan,300,3,TRUE,FALSE,1 Fan
Nvidia Founders Edition Geforce Rtx 3060 Ti 8 Gb,https://pcpartpicker.com/product/wvgQzy/nvidia-geforce-rtx-3060-ti-8-gb-founders-edition-video-card-900-1g142-2520-000,1670,2,GeForce RTX 3060 Ti,Black / Silver,2 Fans,1410,3,14000,1 x PCIe 12-pin,G-Sync,1,PCIe x16,242,Nvidia,8,GDDR6,900-1G142-2520-000,nan,200,2,TRUE,FALSE,1 Fan
Gigabyte Gaming Oc 3X Geforce Rtx 2070 Super 8 Gb,https://pcpartpicker.com/product/TkfFf7/gigabyte-geforce-rtx-2070-super-8-gb-gaming-oc-3x-video-card-gv-n207sgamingoc-white-8gd,1815,2,GeForce RTX 2070 SUPER,White,3 Fans,1605,3,14000,1 x PCIe 8-pin + 1 x PCIe 6-pin,G-Sync,1,PCIe x16,286,Gigabyte,8,GDDR6,GV-N207SGAMINGOC WHITE-8GD,2-way SLI Capable,215,3,TRUE,TRUE,1 Fan
Zotac Gaming Amp Geforce Rtx 2080 8 Gb,https://pcpartpicker.com/product/3J22FT/zotac-geforce-rtx-2080-8gb-gaming-amp-video-card-zt-t20800d-10p,0,2,GeForce RTX 2080,Black,3 Fans,1515,3,0,1 x PCIe 8-pin + 1 x PCIe 6-pin,G-Sync,1,PCIe x16,308,Zotac,8,GDDR6,ZT-T20800D-10P,2-way SLI Capable,215,3,TRUE,TRUE,1 Fan
Zotac Gaming Twin Fan Geforce Rtx 2070 Super 8 Gb,https://pcpartpicker.com/product/gZLwrH/zotac-geforce-rtx-2070-super-8-gb-twin-fan-video-card-zt-t20710f-10p,1770,2,GeForce RTX 2070 SUPER,Black,2 Fans,1605,3,14000,1 x PCIe 8-pin + 1 x PCIe 6-pin,G-Sync,1,PCIe x16,268,Zotac,8,GDDR6,ZT-T20710F-10P,2-way SLI Capable,215,3,TRUE,TRUE,1 Fan
Gigabyte Gaming Oc Rev 2.0 Geforce Rtx 3060 12Gb 12 Gb,https://pcpartpicker.com/product/GzgFf7/gigabyte-gaming-oc-rev-20-geforce-rtx-3060-12gb-12-gb-video-card-gv-n3060gaming-oc-12gd-rev-20,1837,2,GeForce RTX 3060 12GB,Black / Gray,3 Fans,1320,2,15000,1 x PCIe 8-pin,G-Sync,2,PCIe x16,282,Gigabyte,12,GDDR6,GV-N3060GAMING OC-12GD (rev. 2.0),nan,170,2,TRUE,FALSE,1 Fan
Zotac Gaming Twin Edge Oc White Edition Geforce Rtx 3070 Lhr 8 Gb,https://pcpartpicker.com/product/Ly92FT/zotac-geforce-rtx-3070-lhr-8-gb-gaming-twin-edge-oc-white-edition-video-card-zt-a30700j-10plhr,1755,2,GeForce RTX 3070 LHR,White,2 Fans,1500,3,14000,1 x PCIe 8-pin,G-Sync,1,PCIe x16,232,Zotac,8,GDDR6,ZT-A30700J-10PLHR,nan,220,2,TRUE,FALSE,1 Fan
Gigabyte Gaming Oc Geforce Rtx 3080 12Gb Lhr 12 Gb,https://pcpartpicker.com/product/VpJgXL/gigabyte-geforce-rtx-3080-12gb-lhr-12-gb-gaming-oc-video-card-gv-n3080gaming-oc-12gd,1755,2,GeForce RTX 3080 12GB LHR,Black / Silver,3 Fans,1260,3,19000,1 x PCIe 8-pin,G-Sync,1,PCIe x16,320,Gigabyte,12,GDDR6X,GV-N3080GAMING OC-12GD,nan,350,3,TRUE,FALSE,1 Fan
Asus Rog Strix Gaming Oc Geforce Rtx 3070 8 Gb,https://pcpartpicker.com/product/DBgQzy/asus-geforce-rtx-3070-8-gb-rog-strix-gaming-oc-video-card-rog-strix-rtx3070-o8g-gaming,1905,2,GeForce RTX 3070,Black,3 Fans,1500,3,14000,1 x PCIe 8-pin,G-Sync,2,PCIe x16,318,Asus,8,GDDR6,ROG-STRIX-RTX3070-O8G-GAMING,nan,220,3,TRUE,FALSE,1 Fan
Asus Tuf Gaming Oc Geforce Rtx 3070 Ti 8 Gb,https://pcpartpicker.com/product/CqPQzy/asus-geforce-rtx-3070-ti-8-gb-tuf-gaming-oc-video-card-tuf-rtx3070ti-o8g-gaming,1815,2,GeForce RTX 3070 Ti,Black / Silver,3 Fans,1575,3,19000,1 x PCIe 8-pin,G-Sync,2,PCIe x16,300,Asus,8,GDDR6X,TUF-RTX3070TI-O8G-GAMING,nan,290,3,TRUE,FALSE,1 Fan
Asrock Challenger Itx Radeon Rx 6600 Xt 8 Gb,https://pcpartpicker.com/product/w2WzK8/asrock-radeon-rx-6600-xt-8-gb-challenger-itx-video-card-rx6600xt-cli-8g,0,2,Radeon RX 6600 XT,Black,1 Fan,1968,2,0,1 x PCIe 8-pin,FreeSync,2,PCIe x16,179,Asrock,8,GDDR6,RX6600XT CLI 8G,nan,160,2,TRUE,FALSE,1 Fan
Xfx Triple Dissipation Radeon Rx 5700 Xt 8 Gb,https://pcpartpicker.com/product/tgNgXL/xfx-radeon-rx-5700-xt-8-gb-triple-dissipation-video-card-rx-57xt83ld8,1905,2,Radeon RX 5700 XT,Black,3 Fans,1605,3,14000,1 x PCIe 8-pin + 1 x PCIe 6-pin,FreeSync,1,PCIe x16,326,Xfx,8,GDDR6,RX-57XT83LD8,nan,225,2,TRUE,FALSE,1 Fan
Zotac Gaming Amp Geforce Rtx 3060 Ti Lhr 8 Gb,https://pcpartpicker.com/product/CCgFf7/zotac-geforce-rtx-3060-ti-lhr-8-gb-gaming-amp-video-card-zt-a30610f-10plhr,1755,2,GeForce RTX 3060 Ti LHR,White,2 Fans,1410,3,14000,1 x PCIe 8-pin,G-Sync,1,PCIe x16,232,Zotac,8,GDDR6,ZT-A30610F-10PLHR,nan,240,2,TRUE,FALSE,1 Fan
Sapphire Pulse Radeon Rx 7800 Xt 16 Gb,https://pcpartpicker.com/product/fcBzK8/sapphire-pulse-radeon-rx-7800-xt-16-gb-video-card-11330-02-20g,0,2,Radeon RX 7800 XT,Black / Red,2 Fans,1295,2,0,1 x PCIe 8-pin,FreeSync,2,PCIe x16,280,Sapphire,16,GDDR6,11330-02-20G,nan,266,3,TRUE,FALSE,1 Fan
Xfx Speedster Merc 319 Black Radeon Rx 6900 Xt 16 Gb,https://pcpartpicker.com/product/FgxRsY/xfx-radeon-rx-6900-xt-16-gb-speedster-merc-319-black-video-card-rx-69xtatbd9,2365,2,Radeon RX 6900 XT,Black / Silver,3 Fans,1950,3,16000,1 x PCIe 8-pin,FreeSync,1,PCIe x16,340,Xfx,16,GDDR6,RX-69XTATBD9,nan,300,3,TRUE,FALSE,1 Fan
Powercolor Red Devil Oc Radeon Rx 6800 Xt 16 Gb,https://pcpartpicker.com/product/9KJmP6/powercolor-radeon-rx-6800-xt-16-gb-red-devil-oc-video-card-axrx-6800xt-16gbd6-3dheoc,2340,2,Radeon RX 6800 XT,Black,3 Fans,1825,3,16000,1 x PCIe 8-pin,FreeSync,1,PCIe x16,320,Powercolor,16,GDDR6,AXRX 6800XT 16GBD6-3DHE/OC,nan,300,3,TRUE,FALSE,1 Fan
Sapphire Pulse Radeon Rx 6700 Xt 12 Gb,https://pcpartpicker.com/product/xf92FT/sapphire-radeon-rx-6700-xt-12-gb-pulse-video-card-11306-02-20g,2581,2,Radeon RX 6700 XT,Black,2 Fans,2321,3,16000,1 x PCIe 8-pin + 1 x PCIe 6-pin,FreeSync,1,PCIe x16,260,Sapphire,12,GDDR6,11306-02-20G,nan,230,3,TRUE,FALSE,1 Fan
Sapphire Nitro+ Radeon Rx 6600 Xt 8 Gb,https://pcpartpicker.com/product/dFmmP6/sapphire-radeon-rx-6600-xt-8-gb-nitro-video-card-11309-01-20g,2607,2,Radeon RX 6600 XT,Black / Silver,2 Fans,1968,3,0,1 x PCIe 8-pin,FreeSync,1,PCIe x16,240,Sapphire,8,GDDR6,11309-01-20G,nan,180,3,TRUE,FALSE,1 Fan
Evga Xc3 Ultra Gaming Icx3 Geforce Rtx 3080 Ti 12 Gb,https://pcpartpicker.com/product/QFPQzy/evga-xc3-ultra-gaming-icx3-geforce-rtx-3080-ti-12-gb-video-card-12g-p5-3955-kr,1725,2,GeForce RTX 3080 Ti,Black,3 Fans,1365,3,0,1 x PCIe 8-pin,G-Sync,1,PCIe x16,300,Evga,12,GDDR6X,12G-P5-3955-KR,nan,350,3,TRUE,FALSE,1 Fan
Nvidia Founders Edition Geforce Rtx 3070 8 Gb,https://pcpartpicker.com/product/m8pmP6/nvidia-geforce-rtx-3070-8-gb-founders-edition-video-card-9001g1422510000,1730,2,GeForce RTX 3070,Black,2 Fans,1500,3,16000,1 x PCIe 12-pin,G-Sync,1,PCIe x16,242,Nvidia,8,GDDR6,9001G1422510000,nan,220,2,TRUE,FALSE,1 Fan
Asus Dual Oc V2 Geforce Rtx 3070 Lhr 8 Gb,https://pcpartpicker.com/product/nv2WGX/asus-geforce-rtx-3070-lhr-8-gb-dual-oc-v2-video-card-dual-rtx3070-o8g-v2,1800,2,GeForce RTX 3070 LHR,Black,2 Fans,1500,3,14000,1 x PCIe 8-pin,G-Sync,2,PCIe x16,267,Asus,8,GDDR6,DUAL-RTX3070-O8G-V2,nan,220,3,TRUE,FALSE,1 Fan
Msi Gaming X Trio Geforce Rtx 3080 Ti 12 Gb,https://pcpartpicker.com/product/DDwypg/msi-geforce-rtx-3080-ti-12-gb-gaming-x-trio-video-card-geforce-rtx-3080-ti-gaming-x-trio-12g,1770,2,GeForce RTX 3080 Ti,Black / Silver,3 Fans,1365,3,19000,1 x PCIe 8-pin,G-Sync,1,PCIe x16,324,Msi,12,GDDR6X,GeForce RTX 3080 Ti GAMING X TRIO 12G,nan,350,3,TRUE,FALSE,1 Fan
Evga Xc3 Ultra Gaming Geforce Rtx 3070 Ti 8 Gb,https://pcpartpicker.com/product/GtWzK8/evga-geforce-rtx-3070-ti-8-gb-xc3-ultra-gaming-video-card-08g-p5-3785-kl,1815,2,GeForce RTX 3070 Ti,Black,3 Fans,1575,3,19000,1 x PCIe 8-pin,G-Sync,1,PCIe x16,285,Evga,8,GDDR6X,08G-P5-3785-KL,nan,290,3,TRUE,FALSE,1 Fan
Asus Rog Strix Gaming Oc V2 Geforce Rtx 3060 12Gb 12 Gb,https://pcpartpicker.com/product/JNddnQ/asus-geforce-rtx-3060-12-gb-rog-strix-gaming-oc-v2-video-card-rog-strix-rtx3060-o12g-v2-gaming,1912,2,GeForce RTX 3060 12GB,Black / Silver,3 Fans,1320,0,15000,1 x PCIe 8-pin,G-Sync,0,PCIe x16,300,Asus,12,GDDR6,ROG-STRIX-RTX3060-O12G-V2-GAMING,nan,170,3,TRUE,FALSE,1 Fan
Powercolor Low Profile Radeon Rx 6400 4 Gb,https://pcpartpicker.com/product/gNwypg/powercolor-radeon-rx-6400-4-gb-low-profile-video-card-axrx-6400-lp-4gbd6-dh,0,1,Radeon RX 6400,Black / Silver,1 Fan,1923,1,0,None,FreeSync,1,PCIe x16,155,Powercolor,4,GDDR6,AXRX 6400 LP 4GBD6-DH,nan,53,1,TRUE,FALSE,1 Fan
Msi Gaming Z Trio Geforce Rtx 3080 10Gb Lhr 10 Gb,https://pcpartpicker.com/product/MXYmP6/msi-geforce-rtx-3080-lhr-10-gb-gaming-z-trio-video-card-rtx-3080-gaming-z-trio-10g-lhr,1830,2,GeForce RTX 3080 10GB LHR,Black,3 Fans,1440,3,19000,1 x PCIe 8-pin,G-Sync,1,PCIe x16,323,Msi,10,GDDR6X,RTX 3080 GAMING Z TRIO 10G LHR,nan,370,3,TRUE,FALSE,1 Fan
Msi Gaming X Radeon Rx 5600 Xt 6 Gb,https://pcpartpicker.com/product/ctLwrH/msi-radeon-rx-5600-xt-6-gb-gaming-x-video-card-radeon-rx-5600-xt-gaming-x,1620,2,Radeon RX 5600 XT,Black / Silver,2 Fans,1235,3,12000,1 x PCIe 8-pin,FreeSync,1,PCIe x16,297,Msi,6,GDDR6,Radeon RX 5600 XT GAMING X,nan,150,3,TRUE,FALSE,1 Fan
Zotac Gaming Trinity Oc Geforce Rtx 3080 10Gb 10 Gb,https://pcpartpicker.com/product/cx4BD3/zotac-geforce-rtx-3080-10-gb-gaming-trinity-oc-video-card-zt-a30800j-10p,1725,2,GeForce RTX 3080 10GB,Black,3 Fans,1440,3,19000,1 x PCIe 8-pin,G-Sync,1,PCIe x16,318,Zotac,10,GDDR6X,ZT-A30800J-10P,nan,320,3,TRUE,FALSE,1 Fan
Gigabyte Oc Geforce Gtx 1660 Super 6 Gb,https://pcpartpicker.com/product/CnpmP6/gigabyte-geforce-gtx-1660-super-6-gb-oc-video-card-gv-n166soc-6gd,1830,2,GeForce GTX 1660 SUPER,Black / Silver,2 Fans,1530,3,14000,1 x PCIe 8-pin,G-Sync,1,PCIe x16,226,Gigabyte,6,GDDR6,GV-N166SOC-6GD,nan,125,2,TRUE,FALSE,1 Fan
Xfx Speedster Swft 210 Radeon Rx 6600 8 Gb,https://pcpartpicker.com/product/wdvdnQ/xfx-radeon-rx-6600-8-gb-speedster-swft-210-video-card-rx-66xl8lfdq,2491,2,Radeon RX 6600,Black,2 Fans,1626,3,0,1 x PCIe 8-pin,FreeSync,1,PCIe x16,241,Xfx,8,GDDR6,RX-66XL8LFDQ,nan,132,2,TRUE,FALSE,1 Fan
Xfx Raw Ii Radeon Rx 5600 Xt 6 Gb,https://pcpartpicker.com/product/hJt9TW/xfx-radeon-rx-5600-xt-6-gb-raw-ii-video-card-rx-56xt6offr,1620,2,Radeon RX 5600 XT,Black,2 Fans,1247,3,12000,1 x PCIe 8-pin + 1 x PCIe 6-pin,FreeSync,1,PCIe x16,326,Xfx,6,GDDR6,RX-56XT6OFFR,nan,150,3,TRUE,FALSE,1 Fan
Asus Tuf Gaming Oc V2 Geforce Rtx 3070 Lhr 8 Gb,https://pcpartpicker.com/product/R4jBD3/asus-geforce-rtx-3070-lhr-8-gb-tuf-gaming-oc-v2-video-card-tuf-rtx3070-o8g-v2-gaming,1845,2,GeForce RTX 3070 LHR,Black,3 Fans,1500,3,14000,1 x PCIe 8-pin,G-Sync,2,PCIe x16,300,Asus,8,GDDR6,TUF-RTX3070-O8G-V2-GAMING,nan,220,3,TRUE,FALSE,1 Fan
Pny Xlr8 Gaming Revel Epic-X Rgb Geforce Rtx 3050 8Gb 8 Gb,https://pcpartpicker.com/product/7FM48d/pny-geforce-rtx-3050-8gb-8-gb-xlr8-gaming-revel-epic-x-rgb-video-card-vcg30508dfxppb,1777,2,GeForce RTX 3050 8GB,Black / Red,2 Fans,1552,3,14000,1 x PCIe 8-pin,G-Sync,1,PCIe x16,247,Pny,8,GDDR6,VCG30508DFXPPB,nan,130,2,TRUE,FALSE,1 Fan
Zotac Twin Edge Oc Geforce Rtx 3060 Ti 8 Gb,https://pcpartpicker.com/product/cr3mP6/zotac-geforce-rtx-3060-ti-8-gb-twin-edge-oc-video-card-zt-a30610h-10m,1695,2,GeForce RTX 3060 Ti,Black,2 Fans,1410,3,14000,1 x PCIe 8-pin,G-Sync,1,PCIe x16,222,Zotac,8,GDDR6,ZT-A30610H-10M,nan,200,2,TRUE,FALSE,1 Fan
Asus Rog Strix Gaming Oc V2 Geforce Rtx 3070 Lhr 8 Gb,https://pcpartpicker.com/product/9KM48d/asus-geforce-rtx-3070-lhr-8-gb-rog-strix-gaming-oc-v2-video-card-rog-strix-rtx3070-o8g-v2-gaming,1935,2,GeForce RTX 3070 LHR,Black / Silver,3 Fans,1500,3,14000,1 x PCIe 8-pin,G-Sync,2,PCIe x16,318,Asus,8,GDDR6,ROG-STRIX-RTX3070-O8G-V2-GAMING,nan,220,3,TRUE,FALSE,1 Fan
Gigabyte Vision Oc Geforce Rtx 3060 12Gb 12 Gb,https://pcpartpicker.com/product/HpbTwP/gigabyte-vision-oc-geforce-rtx-3060-12gb-12-gb-video-card-gv-n3060visionoc12gd,1837,2,GeForce RTX 3060 12GB,Silver / White,3 Fans,1320,2,15000,1 x PCIe 8-pin,G-Sync,2,PCIe x16,280,Gigabyte,12,GDDR6,GV-N3060VISIONOC12GD,nan,170,2,TRUE,FALSE,1 Fan
Sapphire Pulse Low Profile Radeon Rx 6400 4 Gb,https://pcpartpicker.com/product/qmZ9TW/sapphire-radeon-rx-6400-4-gb-pulse-low-profile-video-card-11315-01-20g,0,1,Radeon RX 6400,Black / Red,1 Fan,1923,1,0,None,FreeSync,1,PCIe x16,170,Sapphire,4,GDDR6,11315-01-20G,nan,53,1,TRUE,FALSE,1 Fan
Msi Rtx 4070 Ti Super 16G Ventus 3X Black Oc Geforce Rtx 4070 Ti Super 16 Gb,https://pcpartpicker.com/product/VVxxFT/msi-rtx-4070-ti-super-16g-ventus-3x-black-oc-geforce-rtx-4070-ti-super-16-gb-video-card-rtx-4070-ti-super-16g-ventus-3x-black-oc,2655,3,GeForce RTX 4070 Ti SUPER,Nan,3 Fans,2340,0,21000,1 x PCIe 16-pin,G-Sync,0,PCIe x16,322,Msi,16,GDDR6X,RTX 4070 Ti SUPER 16G VENTUS 3X BLACK OC,nan,295,3,TRUE,FALSE,1 Fan
Zotac Gaming Twin Edge Geforce Rtx 3060 12Gb 12 Gb,https://pcpartpicker.com/product/cBPQzy/zotac-geforce-rtx-3060-12-gb-gaming-twin-edge-video-card-zt-a30600e-10m,1777,2,GeForce RTX 3060 12GB,Black,2 Fans,1320,3,15000,1 x PCIe 8-pin,G-Sync,1,PCIe x16,224,Zotac,12,GDDR6,ZT-A30600E-10M,nan,170,2,TRUE,FALSE,1 Fan
Msi Armor Radeon Rx 6600 8 Gb,https://pcpartpicker.com/product/cGRYcf/msi-radeon-rx-6600-8-gb-armor-video-card-radeon-rx-6600-armor-8g,2491,2,Radeon RX 6600,Black / White,2 Fans,1626,3,14000,1 x PCIe 8-pin,FreeSync,1,PCIe x16,238,Msi,8,GDDR6,Radeon RX 6600 ARMOR 8G,nan,132,2,TRUE,FALSE,1 Fan
Nvidia Founders Edition Geforce Rtx 3080 Ti 12 Gb,https://pcpartpicker.com/product/c2kWGX/nvidia-geforce-rtx-3080-ti-12-gb-founders-edition-video-card-900-1g133-2518-000,1670,2,GeForce RTX 3080 Ti,Silver / Black,2 Fans,1370,3,19000,1 x PCIe 12-pin,G-Sync,1,PCIe x16,285,Nvidia,12,GDDR6X,900-1G133-2518-000,nan,350,2,TRUE,FALSE,1 Fan
Msi Ventus 2X Oc Geforce Rtx 3060 Ti 8 Gb,https://pcpartpicker.com/product/N7fFf7/msi-ventus-2x-oc-geforce-rtx-3060-ti-8-gb-video-card-rtx-3060-ti-ventus-2x-oc,1695,2,GeForce RTX 3060 Ti,Black / Silver,2 Fans,1410,3,0,1 x PCIe 8-pin,G-Sync,1,PCIe x16,232,Msi,8,GDDR6,RTX 3060 Ti VENTUS 2X OC,nan,200,3,TRUE,FALSE,1 Fan
Zotac Gaming Twin Edge Oc Geforce Rtx 3070 8 Gb,https://pcpartpicker.com/product/ThhmP6/zotac-geforce-rtx-3070-8-gb-gaming-twin-edge-oc-video-card-zt-a30700h-10p,1755,2,GeForce RTX 3070,Black,2 Fans,1500,3,14000,1 x PCIe 8-pin,G-Sync,1,PCIe x16,232,Zotac,8,GDDR6,ZT-A30700H-10P,nan,220,2,TRUE,FALSE,1 Fan
Msi Ventus 2X V1 Geforce Rtx 3060 Ti Lhr 8 Gb,https://pcpartpicker.com/product/DZH7YJ/msi-geforce-rtx-3060-ti-lhr-8-gb-ventus-2x-v1-video-card-geforce-rtx-3060-ti-ventus-2x-8g-v1-lhr,1665,2,GeForce RTX 3060 Ti LHR,Black / Gray,2 Fans,1410,3,14000,1 x PCIe 8-pin,G-Sync,1,PCIe x16,235,Msi,8,GDDR6,GeForce RTX 3060 Ti VENTUS 2X 8G V1 LHR,nan,200,2,TRUE,FALSE,1 Fan
Msi Mech Oc Radeon Rx 5700 8 Gb,https://pcpartpicker.com/product/K8MTwP/msi-radeon-rx-5700-8-gb-mech-oc-video-card-radeon-rx-5700-mech-oc,1750,2,Radeon RX 5700,Black,2 Fans,1515,3,14000,1 x PCIe 8-pin,FreeSync,1,PCIe x16,232,Msi,8,GDDR6,Radeon RX 5700 MECH OC,nan,225,3,TRUE,FALSE,1 Fan
Asus Rog Strix Gaming Geforce Rtx 3070 Ti 8 Gb,https://pcpartpicker.com/product/v8Z9TW/asus-geforce-rtx-3070-ti-8-gb-rog-strix-gaming-video-card-rog-strix-rtx3070ti-8g-gaming,0,2,GeForce RTX 3070 Ti,Black / Silver,3 Fans,1575,3,19000,1 x PCIe 8-pin,G-Sync,2,PCIe x16,318,Asus,8,GDDR6X,ROG-STRIX-RTX3070TI-8G-GAMING,nan,290,3,TRUE,FALSE,1 Fan
Msi Ventus 2X Geforce Rtx 3070 8 Gb,https://pcpartpicker.com/product/cnPgXL/msi-geforce-rtx-3070-8-gb-ventus-2x-video-card-rtx-3070-ventus-2x,1725,2,GeForce RTX 3070,Black / Silver,2 Fans,1500,3,14000,1 x PCIe 8-pin,G-Sync,1,PCIe x16,232,Msi,8,GDDR6,RTX 3070 VENTUS 2X,nan,220,3,TRUE,FALSE,1 Fan
Msi Radeon Rx 6700 Xt 12G Radeon Rx 6700 Xt 12 Gb,https://pcpartpicker.com/product/FPnypg/msi-radeon-rx-6700-xt-12-gb-video-card-radeon-rx-6700-xt-12g,0,2,Radeon RX 6700 XT,Black / Silver,2 Fans,2321,3,16000,1 x PCIe 8-pin + 1 x PCIe 6-pin,FreeSync,1,PCIe x16,267,Msi,12,GDDR6,Radeon RX 6700 XT 12G,nan,230,2,TRUE,FALSE,1 Fan
Asus Dual Radeon Rx 6600 8 Gb,https://pcpartpicker.com/product/NdvdnQ/asus-radeon-rx-6600-8-gb-dual-video-card-dual-rx6600-8g,2491,2,Radeon RX 6600,Black / Silver,2 Fans,1626,3,14000,1 x PCIe 8-pin,FreeSync,1,PCIe x16,243,Asus,8,GDDR6,DUAL-RX6600-8G,nan,132,3,TRUE,FALSE,1 Fan
Sapphire Pulse Radeon Rx 6800 Xt 16 Gb,https://pcpartpicker.com/product/336qqs/sapphire-radeon-rx-6800-xt-16-gb-pulse-video-card-11304-03-20g,0,2,Radeon RX 6800 XT,Black / Red,3 Fans,1825,3,0,1 x PCIe 8-pin,FreeSync,1,PCIe x16,313,Sapphire,16,GDDR6,11304-03-20G,nan,300,3,TRUE,FALSE,1 Fan
Sapphire Nitro+ Radeon Rx 6800 Xt 16 Gb,https://pcpartpicker.com/product/9yJmP6/sapphire-radeon-rx-6800-xt-16-gb-nitro-video-card-11304-02-20g,0,2,Radeon RX 6800 XT,Black / Silver,3 Fans,1825,3,0,1 x PCIe 8-pin,FreeSync,1,PCIe x16,310,Sapphire,16,GDDR6,11304-02-20G,nan,300,3,TRUE,FALSE,1 Fan
Asus Tuf Gaming Oc Geforce Rtx 3080 Ti 12 Gb,https://pcpartpicker.com/product/7CrRsY/asus-geforce-rtx-3080-ti-12-gb-tuf-gaming-oc-video-card-tuf-rtx3080ti-o12g-gaming,1695,2,GeForce RTX 3080 Ti,Black,3 Fans,1365,3,19000,1 x PCIe 8-pin,G-Sync,2,PCIe x16,300,Asus,12,GDDR6X,TUF-RTX3080TI-O12G-GAMING,nan,350,3,TRUE,FALSE,1 Fan
Evga Xc3 Black Gaming Geforce Rtx 3070 8 Gb,https://pcpartpicker.com/product/MN848d/evga-geforce-rtx-3070-8-gb-xc3-black-gaming-video-card-08g-p5-3751-kr,1725,2,GeForce RTX 3070,Black / Silver,3 Fans,1500,3,14000,1 x PCIe 8-pin,G-Sync,1,PCIe x16,285,Evga,8,GDDR6,08G-P5-3751-KR,nan,220,3,TRUE,FALSE,1 Fan
Msi Ventus 2X Oc Geforce Rtx 3050 8Gb 8 Gb,https://pcpartpicker.com/product/qJZ9TW/msi-geforce-rtx-3050-8gb-8-gb-ventus-2x-oc-video-card-geforce-rtx-3050-ventus-2x-8g-oc,0,2,GeForce RTX 3050 8GB,Black,2 Fans,1550,3,0,1 x PCIe 8-pin,G-Sync,1,PCIe x16,235,Msi,8,GDDR6,GeForce RTX 3050 VENTUS 2X 8G OC,nan,130,2,TRUE,FALSE,1 Fan
Asus Rog Strix White Oc Geforce Rtx 3080 10Gb 10 Gb,https://pcpartpicker.com/product/VW2bt6/asus-geforce-rtx-3080-10-gb-rog-strix-white-oc-video-card-rog-strix-rtx3080-o10g-white,1935,2,GeForce RTX 3080 10GB,White,3 Fans,1440,3,19000,1 x PCIe 8-pin,G-Sync,2,PCIe x16,318,Asus,10,GDDR6X,ROG-STRIX-RTX3080-O10G-WHITE,nan,320,3,TRUE,FALSE,1 Fan
Gigabyte Gaming Oc Geforce Rtx 3090 Ti 24 Gb,https://pcpartpicker.com/product/8nhFf7/gigabyte-geforce-rtx-3090-ti-24-gb-gaming-oc-video-card-gv-n309tgaming-oc-24gd,1905,2,GeForce RTX 3090 Ti,Black,3 Fans,1560,3,0,1 x PCIe 16-pin,G-Sync,1,PCIe x16,331,Gigabyte,24,GDDR6X,GV-N309TGAMING OC-24GD,2-way SLI Capable,450,4,TRUE,TRUE,1 Fan
Gigabyte Gaming Oc Geforce Gtx 1660 Ti 6 Gb,https://pcpartpicker.com/product/THXnTW/gigabyte-geforce-gtx-1660-ti-6-gb-gaming-oc-video-card-gv-n166tgaming-oc-6gd,1860,2,GeForce GTX 1660 Ti,Black / Gray,3 Fans,1500,3,12000,1 x PCIe 8-pin,G-Sync,1,PCIe x16,280,Gigabyte,6,GDDR6,GV-N166TGAMING OC-6GD,nan,120,2,TRUE,FALSE,1 Fan
Asrock Challenger D Oc Radeon Rx 5500 Xt 4 Gb,https://pcpartpicker.com/product/q66qqs/asrock-radeon-rx-5500-xt-4-gb-challenger-d-oc-video-card-rx5500xt-cld-4go,1845,2,Radeon RX 5500 XT,Black / Yellow,2 Fans,1685,3,14000,1 x PCIe 8-pin,FreeSync,1,PCIe x16,241,Asrock,4,GDDR6,RX5500XT CLD 4GO,nan,130,2,TRUE,FALSE,1 Fan
Gigabyte Windforce Oc Geforce Gtx 1660 Ti 6 Gb,https://pcpartpicker.com/product/Z8fhP6/gigabyte-geforce-gtx-1660-ti-6-gb-windforce-oc-video-card-gv-n166twf2oc-6gd,1845,2,GeForce GTX 1660 Ti,Black / Gray,2 Fans,1500,3,12000,1 x PCIe 8-pin,G-Sync,1,PCIe x16,265,Gigabyte,6,GDDR6,GV-N166TWF2OC-6GD,nan,120,2,TRUE,FALSE,1 Fan
Gigabyte Gaming Oc Geforce Rtx 3070 8 Gb,https://pcpartpicker.com/product/2C7p99/gigabyte-geforce-rtx-3070-8-gb-gaming-oc-video-card-gv-n3070gaming-oc8gd,1815,2,GeForce RTX 3070,Black / Silver,3 Fans,1500,2,14000,1 x PCIe 8-pin + 1 x PCIe 6-pin,G-Sync,2,PCIe x16,286,Gigabyte,8,GDDR6,GV-N3070GAMING OC8GD,nan,220,3,TRUE,FALSE,1 Fan
Asus Rog Strix Gaming Oc Geforce Rtx 3080 12Gb Lhr 12 Gb,https://pcpartpicker.com/product/gW7G3C/asus-geforce-rtx-3080-12gb-lhr-12-gb-rog-strix-gaming-oc-video-card-rog-strix-rtx3080-o12g-gaming,1890,2,GeForce RTX 3080 12GB LHR,Black / Silver,3 Fans,1260,3,19000,1 x PCIe 8-pin,G-Sync,2,PCIe x16,318,Asus,12,GDDR6X,ROG-STRIX-RTX3080-O12G-GAMING,nan,350,3,TRUE,FALSE,1 Fan
Gigabyte Gaming Oc Radeon Rx 5500 Xt 4 Gb,https://pcpartpicker.com/product/JzkgXL/gigabyte-radeon-rx-5500-xt-4-gb-gaming-oc-video-card-gv-r55xtgaming-oc-4gd,1845,2,Radeon RX 5500 XT,Black / Gray,3 Fans,1685,3,14000,1 x PCIe 8-pin,FreeSync,1,PCIe x16,281,Gigabyte,4,GDDR6,GV-R55XTGAMING OC-4GD,nan,130,2,TRUE,FALSE,1 Fan
Asus Strix Gaming Geforce Gtx 1660 Super 6 Gb,https://pcpartpicker.com/product/6jJmP6/asus-geforce-gtx-1660-super-6-gb-strix-gaming-video-card-rog-strix-gtx1660s-6g-gaming,1815,2,GeForce GTX 1660 SUPER,Black / Silver,2 Fans,1530,2,14002,1 x PCIe 8-pin,G-Sync,2,PCIe x16,243,Asus,6,GDDR6,ROG-STRIX-GTX1660S-6G-GAMING,nan,125,2,TRUE,FALSE,1 Fan
Sapphire 21330-01-20G Radeon Rx 7800 Xt 16 Gb,https://pcpartpicker.com/product/43WJ7P/sapphire-21330-01-20g-radeon-rx-7800-xt-16-gb-video-card-21330-01-20g,2430,2,Radeon RX 7800 XT,Black,2 Fans,1295,3,0,1 x PCIe 8-pin,FreeSync,1,PCIe x16,267,Sapphire,16,GDDR6,21330-01-20G,nan,263,3,TRUE,FALSE,1 Fan
Powercolor Hellhound Radeon Rx 6600 8 Gb,https://pcpartpicker.com/product/nxWzK8/powercolor-radeon-rx-6600-8-gb-hellhound-video-card-axrx-6600-8gbd6-3dhl,2491,2,Radeon RX 6600,Black / White,2 Fans,1626,3,0,1 x PCIe 8-pin,FreeSync,1,PCIe x16,220,Powercolor,8,GDDR6,AXRX 6600 8GBD6-3DHL,nan,132,3,TRUE,FALSE,1 Fan
Evga Ftw3 Ultra Gaming Geforce Rtx 3070 8 Gb,https://pcpartpicker.com/product/mc9tt6/evga-geforce-rtx-3070-8-gb-ftw3-ultra-gaming-video-card-08g-p5-3767-kr,1815,2,GeForce RTX 3070,Black / Silver,3 Fans,1500,3,14000,1 x PCIe 8-pin,G-Sync,1,PCIe x16,300,Evga,8,GDDR6,08G-P5-3767-KR,nan,220,3,TRUE,FALSE,1 Fan
Zotac Gaming Amp Geforce Gtx 1660 Super 6 Gb,https://pcpartpicker.com/product/sFZzK8/zotac-geforce-gtx-1660-super-6-gb-gaming-amp-video-card-zt-t16620d-10m,1845,2,GeForce GTX 1660 SUPER,Black,2 Fans,1530,3,14000,1 x PCIe 8-pin,G-Sync,1,PCIe x16,210,Zotac,6,GDDR6,ZT-T16620D-10M,nan,125,2,TRUE,FALSE,1 Fan
Gigabyte Eagle Oc Rev 2.0 Geforce Rtx 3070 Lhr 8 Gb,https://pcpartpicker.com/product/xfGbt6/gigabyte-geforce-rtx-3070-lhr-8-gb-eagle-oc-rev-20-video-card-gv-n3070eagle-oc-8gd-rev-20,1770,2,GeForce RTX 3070 LHR,Black,3 Fans,1500,2,14000,1 x PCIe 8-pin + 1 x PCIe 6-pin,G-Sync,2,PCIe x16,282,Gigabyte,8,GDDR6,GV-N3070EAGLE OC-8GD Rev 2.0,nan,220,2,TRUE,FALSE,1 Fan
Powercolor Red Dragon Radeon Rx 5700 Xt 8 Gb,https://pcpartpicker.com/product/ZZZzK8/powercolor-radeon-rx-5700-xt-8-gb-red-dragon-video-card-axrx-5700-xt-8gbd6-3dhroc,1905,2,Radeon RX 5700 XT,Black,2 Fans,1650,3,14000,1 x PCIe 8-pin + 1 x PCIe 6-pin,FreeSync,1,PCIe x16,240,Powercolor,8,GDDR6,AXRX 5700 XT 8GBD6-3DHR/OC,nan,225,2,TRUE,FALSE,1 Fan
Powercolor Fighter Oc Radeon Rx 6800 16 Gb,https://pcpartpicker.com/product/qHfFf7/powercolor-radeon-rx-6800-16-gb-fighter-oc-video-card-axrx-6800-16gbd6-3dhoc,2155,2,Radeon RX 6800,Black,3 Fans,1700,3,16000,1 x PCIe 8-pin,FreeSync,1,PCIe x16,300,Powercolor,16,GDDR6,AXRX 6800 16GBD6-3DH/OC,nan,250,3,TRUE,FALSE,1 Fan
Gigabyte Eagle Radeon Rx 6700 Xt 12 Gb,https://pcpartpicker.com/product/HWbTwP/gigabyte-radeon-rx-6700-xt-12-gb-eagle-video-card-gv-r67xteagle-12gd,0,2,Radeon RX 6700 XT,Black,3 Fans,2321,2,16000,1 x PCIe 8-pin + 1 x PCIe 6-pin,FreeSync,2,PCIe x16,282,Gigabyte,12,GDDR6,GV-R67XTEAGLE-12GD,nan,230,2,TRUE,FALSE,1 Fan
Asus Rog Strix White Oc V2 Geforce Rtx 3080 10Gb Lhr 10 Gb,https://pcpartpicker.com/product/X2YmP6/asus-geforce-rtx-3080-lhr-10-gb-rog-strix-white-oc-v2-video-card-rog-strix-rtx3080-o10g-white-v2,1935,2,GeForce RTX 3080 10GB LHR,White,3 Fans,1440,3,19000,1 x PCIe 8-pin,G-Sync,2,PCIe x16,318,Asus,10,GDDR6X,ROG-STRIX-RTX3080-O10G-WHITE-V2,nan,320,3,TRUE,FALSE,1 Fan
Asus Tuf Gaming Oc Geforce Rtx 3090 24 Gb,https://pcpartpicker.com/product/GTkgXL/asus-geforce-rtx-3090-24-gb-tuf-gaming-oc-video-card-tuf-rtx3090-o24g-gaming,0,2,GeForce RTX 3090,Black,3 Fans,1395,3,19500,1 x PCIe 8-pin,G-Sync,2,PCIe x16,300,Asus,24,GDDR6X,TUF-RTX3090-O24G-GAMING,2-way SLI Capable,350,3,TRUE,TRUE,1 Fan
Evga Ftw3 Ultra Gaming Geforce Rtx 3090 24 Gb,https://pcpartpicker.com/product/PG848d/evga-geforce-rtx-3090-24-gb-ftw3-ultra-gaming-video-card-24g-p5-3987-kr,1800,2,GeForce RTX 3090,Black,3 Fans,1395,3,19500,1 x PCIe 8-pin,G-Sync,1,PCIe x16,300,Evga,24,GDDR6X,24G-P5-3987-KR,2-way SLI Capable,350,3,TRUE,TRUE,1 Fan
Asus Dual Evo Oc Radeon Rx 5500 Xt 8 Gb,https://pcpartpicker.com/product/ZxbCmG/asus-radeon-rx-5500-xt-8-gb-dual-evo-oc-video-card-dual-rx5500xt-o8g-evo,1865,2,Radeon RX 5500 XT,Black,2 Fans,1607,3,14000,1 x PCIe 8-pin,FreeSync,1,PCIe x16,242,Asus,8,GDDR6,DUAL-RX5500XT-O8G-EVO,nan,130,3,TRUE,FALSE,1 Fan
Asus Turbo Geforce Gtx 1080 Ti 11 Gb,https://pcpartpicker.com/product/J8qbt6/asus-geforce-gtx-1080-ti-11-gb-turbo-video-card-turbo-gtx1080ti-11g,1582,2,GeForce GTX 1080 Ti,Black / White,1 Fan,1480,2,11010,1 x PCIe 8-pin + 1 x PCIe 6-pin,G-Sync,2,PCIe x16,267,Asus,11,GDDR5X,TURBO-GTX1080TI-11G,2-way SLI Capable,250,2,TRUE,TRUE,1 Fan
Gigabyte Gaming Oc Geforce Rtx 3080 10Gb 10 Gb,https://pcpartpicker.com/product/9z3mP6/gigabyte-gaming-oc-geforce-rtx-3080-10gb-10-gb-video-card-gvn3080gamingoc10gd,1800,2,GeForce RTX 3080 10GB,Black / Gray,3 Fans,1440,3,19000,1 x PCIe 8-pin,G-Sync,2,PCIe x16,320,Gigabyte,10,GDDR6X,GVN3080GAMINGOC10GD,nan,320,3,TRUE,FALSE,1 Fan
Asus Tuf Gaming Geforce Rtx 3070 Ti 8 Gb,https://pcpartpicker.com/product/Dfnypg/asus-geforce-rtx-3070-ti-8-gb-tuf-gaming-video-card-tuf-rtx3070ti-8g-gaming,1800,2,GeForce RTX 3070 Ti,Black / Silver,3 Fans,1575,3,19000,1 x PCIe 8-pin,G-Sync,2,PCIe x16,300,Asus,8,GDDR6X,TUF-RTX3070TI-8G-GAMING,nan,290,3,TRUE,FALSE,1 Fan
Asus Rog Strix Gaming Oc Geforce Rtx 3050 8Gb 8 Gb,https://pcpartpicker.com/product/Fh8bt6/asus-geforce-rtx-3050-8gb-8-gb-rog-strix-gaming-oc-video-card-rog-strix-rtx3050-o8g-gaming,1890,2,GeForce RTX 3050 8GB,Black / Silver,3 Fans,1550,3,0,1 x PCIe 8-pin,G-Sync,2,PCIe x16,300,Asus,8,GDDR6,ROG-STRIX-RTX3050-O8G-GAMING,nan,130,3,TRUE,FALSE,1 Fan
Amd 100-438385 Radeon Rx 6700 Xt 12 Gb,https://pcpartpicker.com/product/2ZWzK8/amd-radeon-rx-6700-xt-12-gb-video-card-100-438385,2581,2,Radeon RX 6700 XT,Black / Silver,2 Fans,2321,2,0,1 x PCIe 8-pin + 1 x PCIe 6-pin,FreeSync,2,PCIe x16,267,Amd,12,GDDR6,100-438385,nan,230,2,TRUE,FALSE,1 Fan
Asus Turbo Evo Geforce Rtx 2070 Super 8 Gb,https://pcpartpicker.com/product/w8drxr/asus-geforce-rtx-2070-super-8-gb-turbo-evo-video-card-turbo-rtx2070s-8g-evo,1800,2,GeForce RTX 2070 SUPER,Black,1 Fan,1635,3,14000,1 x PCIe 8-pin + 1 x PCIe 6-pin,G-Sync,1,PCIe x16,268,Asus,8,GDDR6,TURBO-RTX2070S-8G-EVO,2-way SLI Capable,215,2,TRUE,TRUE,1 Fan
